patient,meal,bg_fasting,ins_escada_tc,ins_sts_tc,ins_calc_tc,ESCADA-TC,STS-TC,Tuned Calc.
adolescent#003,60.0,142.0,5.0,5.0,4.954483333866912,122.68068905915477,123.61082692749099,130.29326636145402
adolescent#003,60.0,142.0,6.0,5.6,4.954483333866912,105.71560078212985,109.89708663696874,132.91738106308188
adolescent#003,60.0,142.0,6.0,6.0,4.954483333866912,104.52277513847822,92.81244571439949,135.0822573265512
adolescent#003,60.0,142.0,5.8,5.5,4.954483333866912,101.31871319068891,112.61054435328928,128.76168886949893
adolescent#003,60.0,142.0,5.6,5.5,4.954483333866912,119.73553639883777,104.51239863605984,128.75660370379143
adolescent#003,60.0,142.0,5.7,5.5,4.954483333866912,112.87840427596406,110.37698432980623,145.8567522107751
adolescent#003,60.0,142.0,5.8,5.5,4.954483333866912,110.27608261348377,117.83156850600615,131.29151298633357
adolescent#003,60.0,142.0,5.8,5.2,4.954483333866912,101.02194196834355,124.77841516985384,121.08692049497958
adolescent#003,60.0,142.0,5.7,5.5,4.954483333866912,107.14392760344354,113.24993731098182,119.35353963134472
adolescent#003,60.0,142.0,5.7,5.7,4.954483333866912,114.15337032108258,107.86124677367835,130.53772819017237
adolescent#003,60.0,142.0,5.7,5.6,4.954483333866912,105.88648511883247,112.04624112575675,134.02230687663015
adolescent#003,60.0,142.0,5.7,5.5,4.954483333866912,119.09706354780926,110.18545500506721,123.51952993042062
adolescent#003,60.0,142.0,5.7,5.7,4.954483333866912,111.26985436539049,114.89419252198729,124.83984968840619
adolescent#003,60.0,142.0,5.7,5.6,4.954483333866912,108.65615420592042,107.89957517311635,139.59555159626035
adolescent#003,60.0,142.0,5.7,5.6,4.954483333866912,110.87113679392577,115.51668894227404,125.7258175831879
