patient,meal,bg_fasting,ins_escada_tc,ins_sts_tc,ins_calc_tc,ESCADA-TC,STS-TC,Tuned Calc.
adolescent#006,65.0,103.0,8.9,8.9,8.890158810802975,93.68776518490756,94.61790305324378,99.34847173942016
adolescent#006,65.0,103.0,6.0,6.9,8.890158810802975,133.7369532007615,114.41871513452188,101.97258644104804
adolescent#006,65.0,103.0,7.7,7.0,8.890158810802975,112.34913387951399,108.29670256048838,104.13746270451736
adolescent#006,65.0,103.0,7.8,7.2,8.890158810802975,100.99163078804246,113.69121636066414,97.81689424746509
adolescent#006,65.0,103.0,7.6,7.3,8.890158810802975,117.53574250571076,104.48197622867353,97.81180908175757
adolescent#006,65.0,103.0,7.7,6.9,8.890158810802975,113.57789593582329,114.89861282735937,114.91195758874129
adolescent#006,65.0,103.0,7.8,7.4,8.890158810802975,109.94900021083731,116.70795882532977,100.34671836429972
adolescent#006,65.0,103.0,7.8,5.3,8.890158810802975,100.6948595656971,144.37268641765354,90.14212587294574
adolescent#006,65.0,103.0,7.7,7.4,8.890158810802975,107.84341926330278,112.12632763030544,88.40874500931088
adolescent#006,65.0,103.0,7.7,7.0,8.890158810802975,114.85286198094181,116.21863653859072,99.59293356813855
adolescent#006,65.0,103.0,7.7,7.2,8.890158810802975,106.5859767786917,113.12691313313161,103.07751225459631
adolescent#006,65.0,103.0,7.7,7.2,8.890158810802975,119.79655520766849,111.26612701244207,92.57473530838678
adolescent#006,65.0,103.0,7.7,8.0,8.890158810802975,111.96934602524972,112.56209097910059,93.89505506637235
adolescent#006,65.0,103.0,7.8,7.8,8.890158810802975,108.32907180327396,102.57121683185207,108.6507569742265
adolescent#006,65.0,103.0,7.7,7.7,8.890158810802975,111.570628453785,111.21490466351545,94.78102296115406
