patient,meal,bg_fasting,ins_escada_tc,ins_sts_tc,ins_calc_tc,ESCADA-TC,STS-TC,Tuned Calc.
adolescent#005,72.0,126.0,11.1,11.1,11.050955857990552,134.1264293798618,135.05656724819804,138.92083527619332
adolescent#005,72.0,126.0,12.8,11.6,11.050955857990552,125.14912639050095,129.42044866503838,141.54494997782118
adolescent#005,72.0,126.0,14.4,14.2,11.050955857990552,111.47918174929619,101.92102352793485,143.7098262412905
adolescent#005,72.0,126.0,15.3,13.6,11.050955857990552,95.14502289633899,113.361797486778,137.38925778423823
adolescent#005,72.0,126.0,14.3,14.1,11.050955857990552,115.27234017401649,101.49283342980085,137.38417261853073
adolescent#005,72.0,126.0,14.5,13.8,11.050955857990552,112.00807010015025,109.59143474598865,154.4843211255144
adolescent#005,72.0,126.0,14.5,13.8,11.050955857990552,109.40574843766996,117.04601892218857,139.91908190107287
adolescent#005,72.0,126.0,14.5,13.5,11.050955857990552,100.15160779252975,118.43964565962273,129.71448940971888
adolescent#005,72.0,126.0,14.3,14.0,11.050955857990552,107.68200731724009,110.96575310631833,127.98110854608402
adolescent#005,72.0,126.0,14.3,13.9,11.050955857990552,114.69145003487913,111.32296168676956,139.16529710491167
adolescent#005,72.0,126.0,14.3,13.5,11.050955857990552,106.42456483262902,113.58059393968037,142.64987579136945
adolescent#005,72.0,126.0,14.3,13.7,11.050955857990552,119.6351432616058,110.93670813855593,132.14709884515992
adolescent#005,72.0,126.0,14.4,14.0,11.050955857990552,111.09939389503192,117.61128425594163,133.4674186031455
adolescent#005,72.0,126.0,14.4,14.1,11.050955857990552,108.48569373556185,104.88000996685736,148.22312051099965
adolescent#005,72.0,126.0,14.4,14.0,11.050955857990552,110.70067632356721,113.23250473761055,134.3533864979272
