patient,meal,bg_fasting,ins_escada_tc,ins_sts_tc,ins_calc_tc,ESCADA-TC,STS-TC,Tuned Calc.
adolescent#009,31.0,110.0,2.8,2.8,2.3846153846153846,116.82889500823215,117.75903287656837,127.96502616146581
adolescent#009,31.0,110.0,3.0,3.0,2.3846153846153846,120.94492748409536,112.99827031913989,130.5891408630937
adolescent#009,31.0,110.0,2.9,3.1,2.3846153846153846,122.66217291687308,106.63307316252184,132.754017126563
adolescent#009,31.0,110.0,2.8,2.8,2.3846153846153846,113.83385209040007,120.12440731438262,126.43344866951074
adolescent#009,31.0,110.0,2.8,3.0,2.3846153846153846,127.2493993599311,107.613582318231,126.42836350380323
adolescent#009,31.0,110.0,2.8,3.1,2.3846153846153846,125.39354317567522,112.06946875813424,143.52851201078693
adolescent#009,31.0,110.0,3.3,3.0,2.3846153846153846,115.59120392310922,120.9327521881773,128.96327278634539
adolescent#009,31.0,110.0,3.5,3.1,2.3846153846153846,102.37524281878581,118.59777727402711,118.7586802949914
adolescent#009,31.0,110.0,3.4,3.2,2.3846153846153846,109.78944622583845,113.56378268198945,117.02529943135653
adolescent#009,31.0,110.0,3.4,3.2,2.3846153846153846,116.79888894347748,113.1763680833038,128.2094879901842
adolescent#009,31.0,110.0,3.4,3.4,2.3846153846153846,108.53200374122738,109.69048380953383,131.69406667664197
adolescent#009,31.0,110.0,3.4,2.0,2.3846153846153846,121.74258217020416,129.16154268078967,121.19128973043243
adolescent#009,31.0,110.0,3.5,3.0,2.3846153846153846,112.62315521583274,122.99665214277627,122.511609488418
adolescent#009,31.0,110.0,3.5,3.2,2.3846153846153846,110.00945505636267,108.21342054412398,137.26731139627213
adolescent#009,31.0,110.0,3.5,3.2,2.3846153846153846,112.22443764436802,115.83053431328167,123.39757738319972
