patient,meal,bg_fasting,ins_escada_tc,ins_sts_tc,ins_calc_tc,ESCADA-TC,STS-TC,Tuned Calc.
adolescent#005,40.0,114.0,5.9,5.9,5.90559610735478,124.2443919598489,125.17452982818511,129.0387978561804
adolescent#005,40.0,114.0,6.5,5.9,5.90559610735478,124.91347304048013,124.82644654967882,131.66291255780826
adolescent#005,40.0,114.0,7.3,6.7,5.90559610735478,114.29172372665958,109.5446423986774,133.82778882127758
adolescent#005,40.0,114.0,7.6,6.4,5.90559610735478,101.77852218412416,120.9412952940617,127.5072203642253
adolescent#005,40.0,114.0,7.4,6.9,5.90559610735478,116.27684748636942,106.7238113803413,127.50213519851779
adolescent#005,40.0,114.0,7.5,6.9,5.90559610735478,113.3382132693993,112.5883970740877,144.6022837055015
adolescent#005,40.0,114.0,7.6,6.7,5.90559610735478,110.73589160691901,122.43562217048971,130.03704448105995
adolescent#005,40.0,114.0,7.6,6.9,5.90559610735478,101.4817509617788,119.11670558998057,119.83245198970596
adolescent#005,40.0,114.0,7.5,6.9,5.90559610735478,107.60373659687879,115.46135005526328,118.0990711260711
adolescent#005,40.0,114.0,7.5,7.3,5.90559610735478,114.61317931451782,110.50332828068318,129.28325968489875
adolescent#005,40.0,114.0,7.5,7.5,5.90559610735478,106.34629411226771,107.50477418057417,132.76783837135653
adolescent#005,40.0,114.0,7.5,7.4,5.90559610735478,119.5568725412445,106.72676609259887,122.265061425147
adolescent#005,40.0,114.0,7.5,7.2,5.90559610735478,111.72966335882573,118.65275660340589,123.58538118313257
adolescent#005,40.0,114.0,7.6,7.1,5.90559610735478,109.11596319935566,108.94189005611796,138.34108309098673
adolescent#005,40.0,114.0,7.6,7.0,5.90559610735478,111.33094578736102,116.55900382527565,124.47134907791428
