patient,meal,bg_fasting,ins_escada_tc,ins_sts_tc,ins_calc_tc,ESCADA-TC,STS-TC,Tuned Calc.
adolescent#009,67.0,144.0,6.9,6.9,6.852662522652873,133.70010414806796,134.6302420164042,139.9600339417408
adolescent#009,67.0,144.0,8.4,6.6,6.852662522652873,123.38316829737732,140.32093303638197,142.58414864336865
adolescent#009,67.0,144.0,9.6,9.2,6.852662522652873,111.45286766706438,103.3948512999119,144.74902490683797
adolescent#009,67.0,144.0,10.1,9.2,6.852662522652873,96.91057571961029,111.06480691900735,138.4284564497857
adolescent#009,67.0,144.0,9.4,9.4,6.852662522652873,115.42573992864511,100.20260216586719,138.4233712840782
adolescent#009,67.0,144.0,9.6,8.7,6.852662522652873,112.68162972337369,113.79515955181016,155.5235197910619
adolescent#009,67.0,144.0,9.6,9.1,6.852662522652873,110.0793080608934,117.24170969332515,140.95828056662035
adolescent#009,67.0,144.0,9.6,9.1,6.852662522652873,100.82516741575319,116.31543403301811,130.75368807526635
adolescent#009,67.0,144.0,9.5,9.1,6.852662522652873,106.94715305085317,112.66007849830082,129.0203072116315
adolescent#009,67.0,144.0,9.5,9.0,6.852662522652873,113.9565957684922,112.27266389961517,140.20449577045915
adolescent#009,67.0,144.0,9.5,8.8,6.852662522652873,105.6897105662421,113.42257605757163,143.68907445691693
adolescent#009,67.0,144.0,9.5,9.1,6.852662522652873,118.90028899521889,109.59559619238621,133.1862975107074
adolescent#009,67.0,144.0,9.5,9.3,6.852662522652873,111.07307981280012,116.49019472625486,134.50661726869296
adolescent#009,67.0,144.0,9.5,8.9,6.852662522652873,108.45937965333005,108.2835875104762,149.26231917654712
adolescent#009,67.0,144.0,9.5,9.1,6.852662522652873,110.6743622413354,114.92683012959304,135.39258516347468
