patient,meal,bg_fasting,ins_escada_tc,ins_sts_tc,ins_calc_tc,ESCADA-TC,STS-TC,Tuned Calc.
adolescent#006,63.0,121.0,9.6,9.6,9.621587174860634,93.77170442439524,94.70184229273146,97.65805643400445
adolescent#006,63.0,121.0,6.6,6.9,9.621587174860634,137.66817356219659,123.94148591338455,100.28217113563232
adolescent#006,63.0,121.0,8.5,7.9,9.621587174860634,111.03105151916837,106.0954375723355,102.44704739910165
adolescent#006,63.0,121.0,8.5,8.0,9.621587174860634,100.70012249020253,112.5892908273441,96.12647894204937
adolescent#006,63.0,121.0,8.3,8.2,9.621587174860634,116.30038488036762,103.33427790159531,96.12139377634186
adolescent#006,63.0,121.0,8.4,8.4,9.621587174860634,113.34310814586019,105.84041226108454,113.22154228332558
adolescent#006,63.0,121.0,8.5,7.6,9.621587174860634,109.65749191299739,123.88861306993276,98.656303058884
adolescent#006,63.0,121.0,8.5,8.1,9.621587174860634,100.40335126785718,116.88403931975392,88.45171056753003
adolescent#006,63.0,121.0,8.4,8.2,9.621587174860634,107.60863147333967,112.07181657651729,86.71832970389517
adolescent#006,63.0,121.0,8.4,8.4,9.621587174860634,114.6180741909787,108.32595064357447,97.90251826272284
adolescent#006,63.0,121.0,8.4,8.3,9.621587174860634,106.35118898872861,108.6110896072866,101.3870969491806
adolescent#006,63.0,121.0,8.4,8.3,9.621587174860634,119.56176741770538,106.75030348659706,90.88432000297107
adolescent#006,63.0,121.0,8.4,8.1,9.621587174860634,111.73455823528661,119.87421493465993,92.20463976095664
adolescent#006,63.0,121.0,8.4,8.1,9.621587174860634,109.12085807581654,107.87832164717116,106.96034166881078
adolescent#006,63.0,121.0,8.4,8.3,9.621587174860634,111.3358406638219,112.0815374238039,93.09060765573835
