patient,meal,bg_fasting,ins_escada_tc,ins_sts_tc,ins_calc_tc,ESCADA-TC,STS-TC,Tuned Calc.
adolescent#006,46.0,139.0,8.2,8.2,8.210158396061152,88.02014234209317,88.95028021042938,91.7681722182365
adolescent#006,46.0,139.0,5.9,6.0,8.210158396061152,124.92326339498504,115.43988928909965,94.39228691986438
adolescent#006,46.0,139.0,6.8,7.0,8.210158396061152,110.80618435620968,96.48654618691508,96.5571631833337
adolescent#006,46.0,139.0,6.8,5.1,8.210158396061152,100.47525532724384,134.7490697430837,90.23659472628142
adolescent#006,46.0,139.0,6.6,6.0,8.210158396061152,117.978046602193,110.05520128819076,90.23150956057391
adolescent#006,46.0,139.0,6.7,6.4,8.210158396061152,113.37385950640684,110.02970294851981,107.33165806755763
adolescent#006,46.0,139.0,6.8,6.1,8.210158396061152,109.4326247500387,123.37437115813707,92.76641884311606
adolescent#006,46.0,139.0,6.8,6.4,8.210158396061152,100.17848410489849,116.55801146441269,82.56182635176208
adolescent#006,46.0,139.0,6.7,6.4,8.210158396061152,107.63938283388633,112.9026559296954,80.82844548812722
adolescent#006,46.0,139.0,6.7,6.7,8.210158396061152,114.64882555152536,108.35670200412113,92.01263404695489
adolescent#006,46.0,139.0,6.7,6.7,8.210158396061152,106.38194034927525,107.54042041758171,95.49721273341265
adolescent#006,46.0,139.0,6.7,6.5,8.210158396061152,119.59251877825204,108.42796520842245,84.99443578720312
adolescent#006,46.0,139.0,6.7,6.6,8.210158396061152,111.76530959583327,118.13797866396035,86.31475554518869
adolescent#006,46.0,139.0,6.7,6.5,8.210158396061152,109.1516094363632,106.14208537647158,101.07045745304283
adolescent#006,46.0,139.0,6.7,6.5,8.210158396061152,111.36659202436856,113.75919914562928,87.2007234399704
