patient,meal,bg_fasting,ins_escada_tc,ins_sts_tc,ins_calc_tc,ESCADA-TC,STS-TC,Tuned Calc.
adolescent#007,59.0,140.0,31.9,31.9,31.901309533887254,95.62092841783212,112.63433287352409,113.92125831535174
adolescent#007,59.0,140.0,28.9,31.9,31.901309533887254,116.5697426057263,103.75481270846501,105.11519693984832
adolescent#007,59.0,140.0,28.7,32.3,31.901309533887254,107.98592855463238,99.1072055672735,106.3291946977965
adolescent#007,59.0,140.0,28.2,32.0,31.901309533887254,109.14607266737093,99.96822413227693,101.55229158030069
adolescent#007,59.0,140.0,28.0,28.4,31.901309533887254,121.02821222188815,113.62296385985542,104.18528397811446
adolescent#007,59.0,140.0,29.2,32.4,31.901309533887254,113.91810650033784,104.62624328488513,106.95436364421896
adolescent#007,59.0,140.0,29.4,26.8,31.901309533887254,105.31827206105922,122.65770939342907,104.20887488251915
adolescent#007,59.0,140.0,29.2,29.4,31.901309533887254,110.51109636019729,108.31978235352497,101.12396204865627
adolescent#007,59.0,140.0,29.2,30.9,31.901309533887254,110.03362396174542,113.72075058022367,103.76770270691728
adolescent#007,59.0,140.0,29.2,28.2,31.901309533887254,119.79656421820327,115.52043596363607,106.61710575311456
adolescent#007,59.0,140.0,29.5,30.3,31.901309533887254,109.08747470005049,108.87564089113188,107.4912840096437
adolescent#007,59.0,140.0,29.5,29.1,31.901309533887254,119.42782112489458,113.48427069088778,106.72215261870592
adolescent#007,59.0,140.0,29.8,30.1,31.901309533887254,109.02520891341443,110.84041580731888,114.98786716545845
adolescent#007,59.0,140.0,29.8,28.7,31.901309533887254,113.44274485136349,115.21881678893365,104.98103867419655
adolescent#007,59.0,140.0,29.9,30.8,31.901309533887254,112.78558108971069,108.39859920229918,106.63411331217732
