patient,meal,bg_fasting,ins_escada_tc,ins_sts_tc,ins_calc_tc,ESCADA-TC,STS-TC,Tuned Calc.
adolescent#008,60.0,142.0,56.4,56.4,56.48361532744114,138.47286065159201,144.4353204398417,139.9510245715454
adolescent#008,60.0,142.0,56.4,58.4,56.48361532744114,146.16879039093962,146.84170440323967,147.67850047157518
adolescent#008,60.0,142.0,58.4,60.2,56.48361532744114,139.7602192815342,134.66673595262182,154.56630640331636
adolescent#008,60.0,142.0,61.0,60.8,56.48361532744114,138.1093460472152,142.23806730094486,144.1593364251237
adolescent#008,60.0,142.0,63.0,64.0,56.48361532744114,140.93120985890118,140.05128895037925,139.23425383818702
adolescent#008,60.0,142.0,65.0,65.2,56.48361532744114,132.7108350292482,137.57220937688646,145.7333934934718
adolescent#008,60.0,142.0,67.0,64.8,56.48361532744114,134.24445706589347,139.04620061886587,141.55485329350464
adolescent#008,60.0,142.0,69.0,67.4,56.48361532744114,130.88185646070616,144.43986981102276,149.89758367315267
adolescent#008,60.0,142.0,71.0,62.8,56.48361532744114,133.22643447193983,141.2725306906714,142.79973705534104
adolescent#008,60.0,142.0,73.0,63.4,56.48361532744114,141.25289861227444,141.9280736107488,145.5366193663944
adolescent#008,60.0,142.0,74.6,65.6,56.48361532744114,136.77969290914322,136.4651156564074,152.45827783934152
adolescent#008,60.0,142.0,76.8,72.4,56.48361532744114,124.44420009712594,128.6603085797056,149.30844859626598
adolescent#008,60.0,142.0,79.0,74.4,56.48361532744114,129.21396364040487,132.99318084336588,155.82865585910753
adolescent#008,60.0,142.0,80.0,76.2,56.48361532744114,127.85645135507335,133.8342199621557,138.30581714946558
adolescent#008,60.0,142.0,80.0,78.4,56.48361532744114,127.95000875908565,127.7531932799189,152.44906216945296
