patient,meal,bg_fasting,ins_escada_tc,ins_sts_tc,ins_calc_tc,ESCADA-TC,STS-TC,Tuned Calc.
adolescent#007,35.0,124.0,16.4,16.6,18.62061111581405,99.76371169345535,115.5195089728665,109.38447827733293
adolescent#007,35.0,124.0,18.6,18.2,18.62061111581405,103.79722333048355,100.7804631690041,100.57841690182951
adolescent#007,35.0,124.0,19.1,17.3,18.62061111581405,93.18157165576127,100.14839625564989,101.79241465977769
adolescent#007,35.0,124.0,12.8,16.9,18.62061111581405,120.84542962450432,102.52196121342959,97.01551154228189
adolescent#007,35.0,124.0,14.8,15.3,18.62061111581405,121.59906305322185,112.73636008572929,99.64850394009565
adolescent#007,35.0,124.0,15.8,16.3,18.62061111581405,113.37676499044093,109.9860687657841,102.41758360620015
adolescent#007,35.0,124.0,16.0,16.6,18.62061111581405,104.18130122678815,111.44249818490533,99.67209484450035
adolescent#007,35.0,124.0,15.7,15.1,18.62061111581405,110.86126497034435,111.24659930679327,96.58718201063746
adolescent#007,35.0,124.0,15.8,17.1,18.62061111581405,109.49228245184851,112.04965317248946,99.23092266889847
adolescent#007,35.0,124.0,15.8,17.7,18.62061111581405,119.25522270830636,104.67455863155888,102.08032571509575
adolescent#007,35.0,124.0,16.0,16.4,18.62061111581405,108.50833110418431,109.18027525039393,102.9545039716249
adolescent#007,35.0,124.0,15.9,15.5,18.62061111581405,119.28528477827324,114.00306237524482,102.18537258068712
adolescent#007,35.0,124.0,16.1,16.5,18.62061111581405,108.83853642150804,109.768828716094,110.45108712743965
adolescent#007,35.0,124.0,16.1,16.7,18.62061111581405,113.2560723594571,109.82493648352819,100.44425863617775
adolescent#007,35.0,124.0,16.1,16.7,18.62061111581405,112.5989085978043,108.75766775487399,102.09733327415852
