patient,meal,bg_fasting,ins_escada_tc,ins_sts_tc,ins_calc_tc,ESCADA-TC,STS-TC,Tuned Calc.
adolescent#008,65.0,103.0,52.8,52.8,52.748375813788904,148.92659302551513,154.8890528137648,150.4047569454685
adolescent#008,65.0,103.0,54.8,54.8,52.748375813788904,154.95856232835834,157.29948717264242,158.1322328454983
adolescent#008,65.0,103.0,56.8,57.0,52.748375813788904,148.65608335509089,144.67301885429407,165.02003877723948
adolescent#008,65.0,103.0,58.8,59.0,52.748375813788904,147.54995816840753,151.09619642339447,154.61306879904683
adolescent#008,65.0,103.0,60.8,61.0,52.748375813788904,150.42946317092972,149.97102384646524,149.68798621211013
adolescent#008,65.0,103.0,62.8,60.4,52.748375813788904,142.26022724128683,148.69354716506055,156.1871258673949
adolescent#008,65.0,103.0,64.8,64.8,52.748375813788904,143.83902690145067,147.0962683685939,152.00858566742775
adolescent#008,65.0,103.0,66.8,52.8,52.748375813788904,140.5168519119983,162.9005624939082,160.35131604707578
adolescent#008,65.0,103.0,68.8,69.0,52.748375813788904,142.89737577805295,145.4595601811618,153.25346942926416
adolescent#008,65.0,103.0,70.8,63.4,52.748375813788904,150.95563075941598,149.89638996767292,155.99035174031752
adolescent#008,65.0,103.0,72.8,67.6,52.748375813788904,146.20807331553112,143.42401063137777,162.91201021326464
adolescent#008,65.0,103.0,74.8,73.6,52.748375813788904,134.00903611614464,136.6594759468689,159.7621809701891
adolescent#008,65.0,103.0,76.8,74.8,52.748375813788904,138.9923335811571,141.47105279321516,166.28238823303064
adolescent#008,65.0,103.0,78.8,74.2,52.748375813788904,137.21821411369868,143.392333171719,148.7595495233887
adolescent#008,65.0,103.0,80.0,79.6,52.748375813788904,136.73052308178183,136.06005373019718,162.90279454337607
