patient,meal,bg_fasting,ins_escada_tc,ins_sts_tc,ins_calc_tc,ESCADA-TC,STS-TC,Tuned Calc.
adolescent#008,38.0,119.0,33.4,33.4,33.49018347750948,96.974334018307,102.9367938065567,98.17318029183009
adolescent#008,38.0,119.0,31.4,31.4,33.49018347750948,107.6416854798963,109.98261032418037,105.90065619185987
adolescent#008,38.0,119.0,29.4,31.6,33.49018347750948,106.24576180369132,98.5972136040907,112.78846212360108
adolescent#008,38.0,119.0,27.4,30.6,33.49018347750948,110.41347768865533,108.05426529556154,102.38149214540842
adolescent#008,38.0,119.0,27.4,28.4,33.49018347750948,114.67673474831389,112.51863378205378,97.45640955847172
adolescent#008,38.0,119.0,28.4,30.4,33.49018347750948,105.84651229674239,107.27742630158122,103.95554921375651
adolescent#008,38.0,119.0,28.0,27.2,33.49018347750948,109.04221788567426,113.88373885335592,99.77700901378935
adolescent#008,38.0,119.0,27.8,26.4,33.49018347750948,107.2759903373926,123.18234805978247,108.11973939343736
adolescent#008,38.0,119.0,27.6,28.4,33.49018347750948,111.15696867289181,112.77006329871428,101.02189277562574
adolescent#008,38.0,119.0,27.6,29.6,33.49018347750948,120.26626482644782,111.44411499394073,103.7587750866791
adolescent#008,38.0,119.0,28.2,29.0,33.49018347750948,115.35389172853263,108.38269162647808,110.68043355962622
adolescent#008,38.0,119.0,28.4,29.4,33.49018347750948,104.10536298568476,104.35317447584644,107.5306043165507
adolescent#008,38.0,119.0,28.2,29.2,33.49018347750948,109.99407413595631,109.72936334679065,114.05081157939225
adolescent#008,38.0,119.0,28.2,28.4,33.49018347750948,109.08356888947795,113.3022723885221,96.52797286975027
adolescent#008,38.0,119.0,28.2,29.4,33.49018347750948,109.17712629349025,106.42170289781369,110.67121788973765
