patient,meal,bg_fasting,ins_escada_tc,ins_sts_tc,ins_calc_tc,ESCADA-TC,STS-TC,Tuned Calc.
adolescent#010,46.0,139.0,5.5,5.5,5.509989934311175,108.99930252232107,109.92944039065729,113.79370841865256
adolescent#010,46.0,139.0,5.5,5.5,5.509989934311175,117.52801427710646,109.581357112151,116.41782312028043
adolescent#010,46.0,139.0,5.8,5.5,5.509989934311175,112.73527947999516,104.6248592093761,118.58269938374976
adolescent#010,46.0,139.0,5.9,5.5,5.509989934311175,98.9634171389743,112.29481482847154,112.26213092669748
adolescent#010,46.0,139.0,5.7,5.5,5.509989934311175,115.81989772056035,104.1966691112421,112.25704576098997
adolescent#010,46.0,139.0,5.7,5.6,5.509989934311175,113.96404153630446,110.0612548049885,129.35719426797368
adolescent#010,46.0,139.0,5.8,5.5,5.509989934311175,111.36171987382417,117.51583898118841,114.79195504353211
adolescent#010,46.0,139.0,5.8,5.6,5.509989934311175,102.10757922868396,116.58956332088137,104.58736255217813
adolescent#010,46.0,139.0,5.7,5.5,5.509989934311175,108.22956486378395,112.93420778616408,102.85398168854327
adolescent#010,46.0,139.0,5.7,5.7,5.509989934311175,115.23900758142298,108.94688403401875,114.03817024737094
adolescent#010,46.0,139.0,5.7,5.5,5.509989934311175,106.97212237917287,111.73051160093901,117.52274893382871
adolescent#010,46.0,139.0,5.7,5.4,5.509989934311175,120.18270080814966,111.7314700819768,107.01997198761916
adolescent#010,46.0,139.0,5.8,5.5,5.509989934311175,112.35549162573089,119.57973893578738,108.34029174560474
adolescent#010,46.0,139.0,5.8,5.6,5.509989934311175,109.74179146626082,107.5838456482986,123.09599365345889
adolescent#010,46.0,139.0,5.8,5.5,5.509989934311175,111.95677405426618,115.20095941745632,109.22625964038646
