patient,meal,bg_fasting,ins_escada_tc,ins_sts_tc,ins_calc_tc,ESCADA-TC,STS-TC,Tuned Calc.
adolescent#003,72.0,126.0,5.3,5.3,5.277241666933455,133.33921459742518,134.26935246576141,138.1336204937567
adolescent#003,72.0,126.0,6.7,5.6,5.277241666933455,105.12033003502819,125.73983444841696,140.75773519538456
adolescent#003,72.0,126.0,6.7,7.3,5.277241666933455,103.92750439137656,80.44112405081206,142.92261145885388
adolescent#003,72.0,126.0,6.5,6.1,5.277241666933455,97.89020942455146,115.73373683187847,136.6020430018016
adolescent#003,72.0,126.0,6.3,6.4,5.277241666933455,118.09691953493449,98.29947742763038,136.5969578360941
adolescent#003,72.0,126.0,6.4,6.1,5.277241666933455,111.66675900615242,113.50017680839542,153.6971063430778
adolescent#003,72.0,126.0,6.4,6.0,5.277241666933455,109.06443734367213,120.95476098459534,139.13186711863625
adolescent#003,72.0,126.0,6.4,6.3,5.277241666933455,99.81029669853191,115.26667598179583,128.92727462728226
adolescent#003,72.0,126.0,6.3,6.3,5.277241666933455,110.50658667815809,111.61132044707854,127.1938937636474
adolescent#003,72.0,126.0,6.3,6.3,5.277241666933455,117.51602939579712,111.22390584839289,138.37808232247505
adolescent#003,72.0,126.0,6.4,6.3,5.277241666933455,104.67483984902083,110.40762426185347,141.86266100893283
adolescent#003,72.0,126.0,6.3,6.5,5.277241666933455,122.4597226225238,101.75567530031194,131.3598840627233
adolescent#003,72.0,126.0,6.4,6.3,5.277241666933455,110.05820909557885,118.25685159670184,132.68020382070887
adolescent#003,72.0,126.0,6.4,6.2,5.277241666933455,107.44450893610878,106.26095830921307,147.435905728563
adolescent#003,72.0,126.0,6.4,6.3,5.277241666933455,109.65949152411413,113.87807207837076,133.56617171549058
