patient,meal,bg_fasting,ins_escada_tc,ins_sts_tc,ins_calc_tc,ESCADA-TC,STS-TC,Tuned Calc.
adolescent#004,59.0,140.0,11.2,11.2,11.208062268123767,121.7646521622453,122.69479003058152,125.5891121298181
adolescent#004,59.0,140.0,12.2,11.6,11.208062268123767,121.20536473244442,118.55078238529751,128.21322683144598
adolescent#004,59.0,140.0,13.3,13.1,11.208062268123767,110.72399146477223,100.45162532548132,130.3781030949153
adolescent#004,59.0,140.0,14.3,12.4,11.208062268123767,93.7879803994358,113.49564480591324,124.05753463786303
adolescent#004,59.0,140.0,13.1,12.9,11.208062268123767,115.24657299012524,101.50353953294474,124.05244947215552
adolescent#004,59.0,140.0,13.2,13.2,11.208062268123767,113.39071680586936,105.88802092109371,141.15259797913922
adolescent#004,59.0,140.0,13.3,12.3,11.208062268123767,109.35043185860124,119.53012451025073,126.58735875469766
adolescent#004,59.0,140.0,13.3,12.0,11.208062268123767,100.09629121346103,121.11689589205145,116.38276626334368
adolescent#004,59.0,140.0,13.1,13.0,11.208062268123767,107.65624013334885,109.49566965434492,114.64938539970882
adolescent#004,59.0,140.0,13.1,12.8,11.208062268123767,114.66568285098788,110.60995632412283,125.83357395853649
adolescent#004,59.0,140.0,13.1,12.6,11.208062268123767,106.39879764873777,112.12968843001048,129.31815264499426
adolescent#004,59.0,140.0,13.1,12.7,11.208062268123767,119.60937607771456,109.47885918115577,118.81537569878472
adolescent#004,59.0,140.0,13.2,13.2,11.208062268123767,111.78216689529579,115.4065050518926,120.13569545677029
adolescent#004,59.0,140.0,13.2,12.7,11.208062268123767,109.16846673582572,107.1929793492049,134.89139736462442
adolescent#004,59.0,140.0,13.2,12.6,11.208062268123767,111.38344932383107,115.60013624652777,121.02166335155201
