patient,meal,bg_fasting,ins_escada_tc,ins_sts_tc,ins_calc_tc,ESCADA-TC,STS-TC,Tuned Calc.
adult#010,28.0,108.0,11.0,11.0,11.0072773363649,107.16456840150019,124.17797285719216,125.71067705514804
adult#010,28.0,108.0,9.2,12.0,11.0072773363649,127.94060065259099,111.51830601157837,116.90461567964462
adult#010,28.0,108.0,8.1,9.2,11.0072773363649,124.01644479904476,119.4440100601217,118.1186134375928
adult#010,28.0,108.0,7.0,8.0,11.0072773363649,128.50314746407417,124.76816155241681,113.341710320097
adult#010,28.0,108.0,6.0,6.5,11.0072773363649,144.88838987462145,135.78926021169121,115.97470271791076
adult#010,28.0,108.0,5.8,6.9,11.0072773363649,142.8719932889849,135.44577912856076,118.74378238401526
adult#010,28.0,108.0,6.0,5.8,11.0072773363649,132.95935029794913,144.3607189662218,115.99829362231546
adult#010,28.0,108.0,5.7,5.4,11.0072773363649,139.46498314884434,139.1791250704864,112.91338078845257
adult#010,28.0,108.0,5.7,5.5,11.0072773363649,138.9875107503925,148.07747745358577,115.55712144671358
adult#010,28.0,108.0,5.6,6.5,11.0072773363649,149.82988854632111,137.38934278424745,118.40652449291086
adult#010,28.0,108.0,5.9,6.0,11.0072773363649,137.8143966399545,139.24687215343783,119.28070274944001
adult#010,28.0,108.0,5.9,5.9,11.0072773363649,148.1547430647986,141.08940723189133,118.51157135850222
adult#010,28.0,108.0,6.0,5.9,11.0072773363649,138.04961706967546,141.2051999982624,126.77728590525476
adult#010,28.0,108.0,6.0,6.1,11.0072773363649,142.46715300762452,141.14914056285292,116.77045741399286
adult#010,28.0,108.0,6.0,6.0,11.0072773363649,141.8099892459717,140.08187183419872,118.42353205197362
