patient,meal,bg_fasting,ins_escada_tc,ins_sts_tc,ins_calc_tc,ESCADA-TC,STS-TC,Tuned Calc.
adult#010,63.0,121.0,29.7,29.7,29.72307091846666,109.22334051897155,126.23674497466352,127.7694491726194
adult#010,63.0,121.0,27.7,30.5,29.72307091846666,127.47527189748203,115.3593035552241,118.96338779711598
adult#010,63.0,121.0,25.7,26.9,29.72307091846666,124.36865810576728,121.51118949594871,120.17738555506416
adult#010,63.0,121.0,23.9,32.0,29.72307091846666,130.0356574854846,108.48454999343113,115.40048243756836
adult#010,63.0,121.0,22.8,23.5,29.72307091846666,144.681380878805,135.80244009356463,118.03347483538212
adult#010,63.0,121.0,21.9,23.7,29.72307091846666,144.59831736601808,137.14225020548713,120.80255450148663
adult#010,63.0,121.0,22.6,21.5,29.72307091846666,133.444344860707,147.17889736329658,118.05706573978682
adult#010,63.0,121.0,22.1,22.2,29.72307091846666,140.1152290043431,138.2051231479054,114.97215290592393
adult#010,63.0,121.0,22.2,21.3,29.72307091846666,139.63775660589124,150.55302965230356,117.61589356418494
adult#010,63.0,121.0,22.2,24.5,29.72307091846666,149.40069686234906,134.14725832976458,120.46529661038223
adult#010,63.0,121.0,22.6,21.6,29.72307091846666,137.77137473810316,143.29333290847018,121.33947486691137
adult#010,63.0,121.0,22.5,22.9,29.72307091846666,148.46022090459127,140.35438177146565,120.57034347597359
adult#010,63.0,121.0,22.7,22.4,29.72307091846666,138.53461163243333,142.21267289592316,128.83605802272612
adult#010,63.0,121.0,22.7,23.5,29.72307091846666,142.95214757038238,138.57111371442573,118.82922953146422
adult#010,63.0,121.0,22.8,22.9,29.72307091846666,141.60298025015524,139.87486283838226,120.48230416944499
