patient,meal,bg_fasting,ins_escada_tc,ins_sts_tc,ins_calc_tc,ESCADA-TC,STS-TC,Tuned Calc.
adult#001,38.0,119.0,10.3,10.3,10.272987777577008,128.71668613478334,145.73009059047533,147.67346301539945
adult#001,38.0,119.0,9.8,10.3,10.272987777577008,143.7421264800593,136.85057042541624,138.86740163989603
adult#001,38.0,119.0,9.7,10.7,10.272987777577008,135.70514546579872,131.95486535021513,140.08139939784422
adult#001,38.0,119.0,9.4,9.9,10.272987777577008,136.2363380717596,135.20496359032617,135.30449628034842
adult#001,38.0,119.0,9.1,9.8,10.272987777577008,149.21709608333526,139.3334311187534,137.93748867816217
adult#001,38.0,119.0,9.6,10.7,10.272987777577008,143.48683210451804,137.7149593082147,140.70656834426669
adult#001,38.0,119.0,9.6,10.6,10.272987777577008,135.16820581547404,140.8357054344529,137.96107958256687
adult#001,38.0,119.0,9.5,11.8,10.272987777577008,140.0798219643775,128.84478409733694,134.87616674870398
adult#001,38.0,119.0,9.5,9.5,10.272987777577008,139.60234956592564,147.61287872964812,137.519907406965
adult#001,38.0,119.0,9.5,10.5,10.272987777577008,149.36528982238346,138.0495526847709,140.36931045316226
adult#001,38.0,119.0,9.6,10.4,10.272987777577008,139.4952356928702,137.72390272146188,141.24348870969143
adult#001,38.0,119.0,9.6,10.1,10.272987777577008,149.8355821177143,140.6837433868483,140.47435731875365
adult#001,38.0,119.0,9.7,10.0,10.272987777577008,139.83851020692254,140.79953615321938,148.74007186550617
adult#001,38.0,119.0,9.7,10.1,10.272987777577008,144.2560461448716,141.2714931824191,138.73324337424427
adult#001,38.0,119.0,9.7,9.8,10.272987777577008,143.59888238321878,141.0348360109603,140.38631801222502
