patient,meal,bg_fasting,ins_escada_tc,ins_sts_tc,ins_calc_tc,ESCADA-TC,STS-TC,Tuned Calc.
adult#002,42.0,100.0,2.7,2.7,2.658197435589602,140.56264564400394,141.49278351234017,146.03038492116596
adult#002,42.0,100.0,2.7,2.7,2.658197435589602,149.09135739878934,141.14470023383387,148.65449962279382
adult#002,42.0,100.0,2.7,4.6,2.658197435589602,147.89853175513772,124.91726877735375,150.81937588626315
adult#002,42.0,100.0,2.5,3.0,2.658197435589602,138.91944913540542,141.86891612680637,144.49880742921087
adult#002,42.0,100.0,2.3,3.5,2.658197435589602,154.4019313518443,130.55596815351512,144.49372226350337
adult#002,42.0,100.0,3.1,2.6,2.658197435589602,146.4851172888738,142.29793130750187,161.59387077048706
adult#002,42.0,100.0,2.9,3.4,2.658197435589602,145.85678649514222,144.50818876369243,147.02863154604552
adult#002,42.0,100.0,2.9,2.4,2.658197435589602,136.602645850002,150.8774451299872,136.82403905469153
adult#002,42.0,100.0,3.2,3.1,2.658197435589602,140.10272528911446,141.8553743852737,135.09065819105666
adult#002,42.0,100.0,5.2,2.8,2.658197435589602,135.15813116847912,144.1101363091613,146.27484674988432
adult#002,42.0,100.0,3.8,3.3,2.658197435589602,135.6798674107431,140.00376287280986,149.7594254363421
adult#002,42.0,100.0,3.4,3.4,2.658197435589602,150.77495974411337,136.8620752627535,139.25664849013256
adult#002,42.0,100.0,3.9,3.2,2.658197435589602,139.83107537943093,147.85299020765822,140.57696824811813
adult#002,42.0,100.0,3.9,3.2,2.658197435589602,137.21737521996084,135.85709692016945,155.33267015597227
adult#002,42.0,100.0,3.8,3.6,2.658197435589602,140.66451908583642,140.93209794685927,141.46293614289985
