patient,meal,bg_fasting,ins_escada_tc,ins_sts_tc,ins_calc_tc,ESCADA-TC,STS-TC,Tuned Calc.
adult#009,60.0,142.0,30.2,30.2,30.261671331674105,148.192592396397,154.15505218464668,149.67075631635038
adult#009,60.0,142.0,32.2,32.0,30.261671331674105,149.5759060270191,152.53310692052943,157.39823221638017
adult#009,60.0,142.0,34.2,34.4,30.261671331674105,138.84692763140063,135.16496732708922,164.28603814812135
adult#009,60.0,142.0,36.2,35.4,30.261671331674105,133.5246117280202,140.15825106543582,153.8790681699287
adult#009,60.0,142.0,35.6,36.6,30.261671331674105,139.46070726877502,136.49925673406244,148.953985582992
adult#009,60.0,142.0,35.6,37.6,30.261671331674105,132.5973224899986,132.1446397771192,155.45312523827678
adult#009,60.0,142.0,34.4,34.4,30.261671331674105,139.42280922516227,142.6800506923055,151.27458503830962
adult#009,60.0,142.0,34.2,33.2,30.261671331674105,137.26871461044604,152.82074798595426,159.61731541795766
adult#009,60.0,142.0,34.0,34.6,30.261671331674105,141.3414661837901,142.37197172480182,152.51946880014603
adult#009,60.0,142.0,34.2,36.0,30.261671331674105,149.8657853229974,139.61678293913405,155.2563511111994
adult#009,60.0,142.0,34.8,37.4,30.261671331674105,144.9558001546202,132.22620507724355,162.1780095841465
adult#009,60.0,142.0,35.2,34.4,30.261671331674105,131.98753138737789,136.95434030355577,159.02818034107096
adult#009,60.0,142.0,34.6,34.6,30.261671331674105,139.59598256204384,141.16928808884285,165.54838760391252
adult#009,60.0,142.0,34.6,36.0,30.261671331674105,138.6854773155655,138.9344247703314,148.02554889427057
adult#009,60.0,142.0,34.6,35.0,30.261671331674105,138.7790347195778,136.7121062970584,162.16879391425795
