patient,meal,bg_fasting,ins_escada_tc,ins_sts_tc,ins_calc_tc,ESCADA-TC,STS-TC,Tuned Calc.
adult#006,35.0,124.0,5.0,6.1,4.9548535200294,143.2701045480074,132.6674381565284,149.25830950524167
adult#006,35.0,124.0,6.1,6.7,4.9548535200294,140.26601204297756,124.69460104228392,151.88242420686953
adult#006,35.0,124.0,6.4,5.9,4.9548535200294,134.67029515013255,128.48254809454377,154.04730047033885
adult#006,35.0,124.0,6.0,5.6,4.9548535200294,128.7422573703601,140.70637969787649,147.72673201328658
adult#006,35.0,124.0,5.7,5.5,4.9548535200294,145.5394650703772,132.60823398064704,147.72164684757908
adult#006,35.0,124.0,5.8,5.6,4.9548535200294,143.6836088861213,138.4728196743934,164.82179535456277
adult#006,35.0,124.0,5.9,5.8,4.9548535200294,138.81931791245154,143.63549717754557,150.25655613012123
adult#006,35.0,124.0,5.9,5.4,4.9548535200294,129.56517726731133,146.15823814360823,140.05196363876723
adult#006,35.0,124.0,5.8,5.6,4.9548535200294,137.94913221360076,141.345772655569,138.31858277513237
adult#006,35.0,124.0,5.7,5.6,4.9548535200294,144.9585749312398,140.95835805688336,149.50277133396003
adult#006,35.0,124.0,5.8,5.5,4.9548535200294,136.6916897289897,140.14207647034394,152.9873500204178
adult#006,35.0,124.0,5.8,5.6,4.9548535200294,149.9022681579665,138.2812903496544,142.48457307420827
adult#006,35.0,124.0,5.8,5.5,4.9548535200294,142.07505897554773,147.9913038051923,143.80489283219384
adult#006,35.0,124.0,5.8,5.6,4.9548535200294,139.46135881607765,135.99541051770353,158.56059474004797
adult#006,35.0,124.0,5.8,5.6,4.9548535200294,141.67634140408302,143.61252428686123,144.69086072697556
