patient,meal,bg_fasting,ins_escada_tc,ins_sts_tc,ins_calc_tc,ESCADA-TC,STS-TC,Tuned Calc.
adult#007,71.0,105.0,2.6,2.6,2.6061701819935443,157.22262923188492,158.15276710022115,162.01703512821643
adult#007,71.0,105.0,2.6,3.0,2.6061701819935443,165.75134098667033,146.78730300265187,164.6411498298443
adult#007,71.0,105.0,2.7,5.0,2.6061701819935443,161.7329070966507,97.90424956025849,166.80602609331362
adult#007,71.0,105.0,3.0,3.3,2.6061701819935443,143.21020549498988,144.277427508133,160.48545763626134
adult#007,71.0,105.0,5.9,3.3,2.6061701819935443,98.45714902692744,136.17928179090356,160.48037247055385
adult#007,71.0,105.0,3.4,3.3,2.6061701819935443,144.51285268047218,142.04386748464992,177.58052097753753
adult#007,71.0,105.0,3.5,3.2,2.6061701819935443,139.464337623205,149.49845166084987,163.015281753096
adult#007,71.0,105.0,3.5,3.4,2.6061701819935443,130.2101969780648,143.5384653115894,152.810689261742
adult#007,71.0,105.0,3.4,3.3,2.6061701819935443,138.77837600795164,144.9168204658255,151.07730839810714
adult#007,71.0,105.0,3.4,3.3,2.6061701819935443,145.78781872559068,144.52940586713987,162.2614969569348
adult#007,71.0,105.0,3.4,3.4,2.6061701819935443,137.52093352334057,138.67941359164703,165.74607564339257
adult#007,71.0,105.0,3.4,3.4,2.6061701819935443,150.73151195231736,136.8186274709575,155.24329869718304
adult#007,71.0,105.0,3.5,3.4,2.6061701819935443,140.45810937511175,146.5286409264954,156.5636184551686
adult#007,71.0,105.0,3.5,3.4,2.6061701819935443,137.84440921564166,134.53274763900663,171.31932036302277
adult#007,71.0,105.0,3.5,3.4,2.6061701819935443,140.05939180364703,142.14986140816433,157.44958634995032
