patient,meal,bg_fasting,ins_escada_tc,ins_sts_tc,ins_calc_tc,ESCADA-TC,STS-TC,Tuned Calc.
adult#002,63.0,126.0,9.0,9.0,8.980369102456361,151.23734744649337,152.1674853148296,156.66926242252742
adult#002,63.0,126.0,11.6,11.6,8.980369102456361,145.2685673981844,137.32191023322892,159.29337712415528
adult#002,63.0,126.0,14.1,11.0,8.980369102456361,131.60215836265024,135.05367738978492,161.4582533876246
adult#002,63.0,126.0,12.6,14.4,8.980369102456361,128.65966286296836,126.27145113504355,155.13768493057233
adult#002,63.0,126.0,11.6,11.6,8.980369102456361,147.16035999509796,131.93722223232004,155.13259976486484
adult#002,63.0,126.0,12.0,9.8,8.980369102456361,142.71455626077844,147.36480564633064,172.23274827184852
adult#002,63.0,126.0,12.2,10.5,8.980369102456361,139.60572783581395,150.73486246821813,157.66750904740698
adult#002,63.0,126.0,12.1,10.7,8.980369102456361,130.85809395315792,149.24221519282742,147.462916556053
adult#002,63.0,126.0,11.8,11.0,8.980369102456361,138.00449037334585,143.3630259665729,145.72953569241812
adult#002,63.0,126.0,11.8,11.5,8.980369102456361,145.0139330909849,140.28734630855635,156.91372425124578
adult#002,63.0,126.0,11.9,11.3,8.980369102456361,136.2329334847693,140.5343707979325,160.39830293770356
adult#002,63.0,126.0,11.8,12.2,8.980369102456361,149.95762631771157,134.51382428877957,149.89552599149403
adult#002,63.0,126.0,12.0,11.0,8.980369102456361,141.10600635020486,150.00855711619622,151.2158457494796
adult#002,63.0,126.0,12.0,11.4,8.980369102456361,138.49230619073478,135.85407111865177,165.97154765733376
adult#002,63.0,126.0,12.0,10.9,8.980369102456361,140.70728877874015,146.17954673399703,152.1018136442613
