patient,meal,bg_fasting,ins_escada_tc,ins_sts_tc,ins_calc_tc,ESCADA-TC,STS-TC,Tuned Calc.
adult#007,28.0,108.0,0.3,1.5,0.331990515600447,152.92251553738234,116.39776282374456,154.50124377240385
adult#007,28.0,108.0,2.4,1.4,0.331990515600447,105.54979684036695,121.20023467679442,157.1253584740317
adult#007,28.0,108.0,0.9,0.5,0.331990515600447,138.9196425742762,139.06794427873777,159.29023473750104
adult#007,28.0,108.0,0.9,0.4,0.331990515600447,128.58871354531036,149.84226048982194,152.96966628044876
adult#007,28.0,108.0,0.7,0.6,0.331990515600447,150.8143649667585,138.6397541806038,152.96458111474126
adult#007,28.0,108.0,0.8,0.8,0.331990515600447,143.0291845972082,135.52648871243252,170.06472962172495
adult#007,28.0,108.0,0.8,0.3,0.331990515600447,140.4268629347279,161.4390519962497,155.4994903972834
adult#007,28.0,108.0,0.8,0.6,0.331990515600447,131.17272228958768,151.03264839024305,145.29489790592942
adult#007,28.0,108.0,0.8,0.8,0.331990515600447,137.29470792468766,138.3994416936081,143.56151704229455
adult#007,28.0,108.0,0.8,0.7,0.331990515600447,144.3041506423267,143.94135128021688,154.7457056011222
adult#007,28.0,108.0,0.8,1.0,0.331990515600447,136.0372654400766,131.49005218471515,158.23028428758
adult#007,28.0,108.0,0.8,0.8,0.331990515600447,149.24784386905338,135.33495938769352,147.72750734137045
adult#007,28.0,108.0,0.8,0.7,0.331990515600447,141.42063468663463,150.97429702852583,149.04782709935603
adult#007,28.0,108.0,0.8,0.8,0.331990515600447,138.80693452716454,133.04907955574265,163.80352900721016
adult#007,28.0,108.0,0.8,0.7,0.331990515600447,141.0219171151699,146.59551751019475,149.93379499413774
