patient,meal,bg_fasting,ins_escada_tc,ins_sts_tc,ins_calc_tc,ESCADA-TC,STS-TC,Tuned Calc.
adult#008,57.0,117.0,5.2,5.2,5.24753864656368,146.56202281317618,147.49216068151242,151.3564287095077
adult#008,57.0,117.0,7.0,5.6,5.24753864656368,141.68250522419945,144.7739495920671,153.98054341113556
adult#008,57.0,117.0,8.9,7.3,5.24753864656368,128.26366521313062,126.72524244486063,156.14541967460488
adult#008,57.0,117.0,6.9,5.5,5.24753864656368,130.85438145280793,147.48740730838767,149.8248512175526
adult#008,57.0,117.0,6.2,6.0,5.24753864656368,149.29720507595604,135.56259987564823,149.8197660518451
adult#008,57.0,117.0,6.7,5.7,5.24753864656368,143.82201049483174,143.70488768339123,166.9199145588288
adult#008,57.0,117.0,6.9,5.9,5.24753864656368,139.81175087560277,149.63496899795928,152.35467533438725
adult#008,57.0,117.0,6.9,7.2,5.24753864656368,130.55761023046256,139.36923211979467,142.15008284303326
adult#008,57.0,117.0,6.6,6.3,5.24753864656368,139.51802291319385,142.81160598810007,140.4167019793984
adult#008,57.0,117.0,6.6,6.4,5.24753864656368,146.5274656308329,140.9591621429172,151.60089053822605
adult#008,57.0,117.0,6.7,6.5,5.24753864656368,136.83009133770014,139.41906049688924,155.08546922468383
adult#008,57.0,117.0,6.7,6.3,5.24753864656368,150.04066976667693,139.74712368218547,144.5826922784743
adult#008,57.0,117.0,6.8,6.4,5.24753864656368,141.5066964517407,147.99210789122614,145.90301203645987
adult#008,57.0,117.0,6.9,6.3,5.24753864656368,138.19182246803942,137.4612438502346,160.658713944314
adult#008,57.0,117.0,6.8,6.6,5.24753864656368,141.107978880276,142.88950831340654,146.78897993124158
