patient,meal,bg_fasting,ins_escada_tc,ins_sts_tc,ins_calc_tc,ESCADA-TC,STS-TC,Tuned Calc.
adult#008,60.0,143.0,7.7,7.7,7.7448862634916935,149.21034791105382,150.14048577939005,154.00475380738533
adult#008,60.0,143.0,10.1,10.0,7.7448862634916935,140.0858866244303,132.13922945947482,156.6288685090132
adult#008,60.0,143.0,12.3,8.7,7.7448862634916935,124.2096006603382,137.53669709589823,158.7937447724825
adult#008,60.0,143.0,9.7,9.8,7.7448862634916935,131.40234137444264,136.2613769723741,152.47317631543024
adult#008,60.0,143.0,9.1,8.8,7.7448862634916935,149.25334148749306,135.55696032737524,152.46809114972274
adult#008,60.0,143.0,9.6,7.9,7.7448862634916935,143.6864756498995,148.60437097814565,169.56823965670642
adult#008,60.0,143.0,9.7,8.7,7.7448862634916935,140.35971079723748,150.42767686771055,155.00300043226488
adult#008,60.0,143.0,9.7,9.9,7.7448862634916935,131.10557015209727,139.84895124212943,144.7984079409109
adult#008,60.0,143.0,9.5,9.3,7.7448862634916935,137.95199897737896,140.52323074629243,143.06502707727603
adult#008,60.0,143.0,9.4,9.9,7.7448862634916935,145.69173908658436,135.8061811087265,154.24921563610368
adult#008,60.0,143.0,9.6,8.9,7.7448862634916935,136.6945564927679,142.32435026210987,157.73379432256147
adult#008,60.0,143.0,9.5,9.0,7.7448862634916935,149.9051349217447,139.7032600937225,147.23101737635193
adult#008,60.0,143.0,9.7,9.2,7.7448862634916935,141.35348254914422,148.6590689605427,148.5513371343375
adult#008,60.0,143.0,9.7,8.9,7.7448862634916935,138.73978238967413,138.17768430946947,163.30703904219166
adult#008,60.0,143.0,9.7,9.8,7.7448862634916935,140.9547649776795,139.16752156135885,149.43730502911922
