patient,meal,bg_fasting,ins_escada_tc,ins_sts_tc,ins_calc_tc,ESCADA-TC,STS-TC,Tuned Calc.
adult#006,63.0,126.0,9.7,9.7,9.73133016335906,153.96435994049475,154.89449780883098,157.6706103490309
adult#006,63.0,126.0,12.2,11.6,9.73133016335906,137.33112346769474,135.029983657802,160.29472505065877
adult#006,63.0,126.0,12.6,10.8,9.73133016335906,132.51431122870176,136.97629168256114,162.4596013141281
adult#006,63.0,126.0,11.8,13.2,9.73133016335906,128.59872425733613,123.2474247650302,156.13903285707582
adult#006,63.0,126.0,11.2,10.7,9.73133016335906,148.77136067497466,138.5824334875113,156.13394769136832
adult#006,63.0,126.0,11.5,10.7,9.73133016335906,143.01257723541516,144.44701918125767,173.234096198352
adult#006,63.0,126.0,11.6,10.9,9.73133016335906,140.41025557293486,148.86041380217011,158.66885697391047
adult#006,63.0,126.0,11.6,10.9,9.73133016335906,131.15611492779465,147.9341381418631,148.46426448255647
adult#006,63.0,126.0,11.4,10.9,9.73133016335906,138.24341717385292,144.27878260714579,146.7308836189216
adult#006,63.0,126.0,11.4,11.4,9.73133016335906,145.25285989149197,138.96073634408774,157.91507217774927
adult#006,63.0,126.0,11.5,11.8,9.73133016335906,136.02065807828356,134.32497625378613,161.39965086420705
adult#006,63.0,126.0,11.4,11.6,9.73133016335906,150.19655311821865,135.31835202590048,150.8968739179975
adult#006,63.0,126.0,11.6,11.1,9.73133016335906,141.4040273248416,149.92434690949605,152.21719367598308
adult#006,63.0,126.0,11.6,11.3,9.73133016335906,138.7903271653715,134.97005303236256,166.97289558383721
adult#006,63.0,126.0,11.6,11.1,9.73133016335906,141.00530975337688,145.54556739116498,153.1031615707648
