patient,meal,bg_fasting,ins_escada_tc,ins_sts_tc,ins_calc_tc,ESCADA-TC,STS-TC,Tuned Calc.
adult#008,58.0,146.0,7.7,7.7,7.739772526983388,148.50316524555893,149.43330311389516,153.29757114189044
adult#008,58.0,146.0,9.6,10.0,7.739772526983388,142.79214625354214,131.24495487400065,155.9216858435183
adult#008,58.0,146.0,12.3,8.4,7.739772526983388,123.18096075423624,138.34321842011443,158.08656210698763
adult#008,58.0,146.0,9.6,9.6,7.739772526983388,131.26839158092469,137.55894680490724,151.76599364993535
adult#008,58.0,146.0,9.1,8.8,7.739772526983388,148.4334244678726,134.75317875005186,151.76090848422785
adult#008,58.0,146.0,9.5,11.1,7.739772526983388,142.82808266619983,124.94591029280262,168.86105699121154
adult#008,58.0,146.0,9.6,8.1,7.739772526983388,140.22576100371953,154.50010179842707,154.29581776677
adult#008,58.0,146.0,9.6,9.5,7.739772526983388,130.97162035857932,141.85369529731705,144.091225275416
adult#008,58.0,146.0,9.4,8.8,7.739772526983388,137.83138827669188,143.4907174249738,142.35784441178114
adult#008,58.0,146.0,9.3,9.0,7.739772526983388,145.58462098212607,141.560410781331,153.5420329706088
adult#008,58.0,146.0,9.4,8.8,7.739772526983388,136.57394579208082,142.28702123974875,157.02661165706658
adult#008,58.0,146.0,9.4,8.9,7.739772526983388,149.7845242210576,139.65166100195592,146.52383471085705
adult#008,58.0,146.0,9.5,9.1,7.739772526983388,141.21953275562626,148.59335652963995,147.84415446884262
adult#008,58.0,146.0,9.5,8.9,7.739772526983388,138.60583259615618,137.36578117000505,162.59985637669678
adult#008,58.0,146.0,9.5,9.4,7.739772526983388,140.82081518416155,141.20287367690457,148.73012236362433
