patient,meal,bg_fasting,ins_escada_tc,ins_sts_tc,ins_calc_tc,ESCADA-TC,STS-TC,Tuned Calc.
child#009,35.0,124.0,0.85,0.8,0.7856385436909565,108.14523485773078,113.30814012053418,121.55172890080844
child#009,35.0,124.0,0.75,0.7,0.7856385436909565,125.28603475926235,126.52733246561183,124.17584360243632
child#009,35.0,124.0,0.75,0.75,0.7856385436909565,124.09320911561072,112.38287969153198,126.34071986590564
child#009,35.0,124.0,0.75,0.95,0.7856385436909565,113.76228008664488,107.35657807910472,120.02015140885337
child#009,35.0,124.0,0.75,0.7,0.7856385436909565,127.17782735617591,121.14264446470294,120.01506624314585
child#009,35.0,124.0,0.75,0.6,0.7856385436909565,125.32197117192003,136.7466459138371,137.11521475012955
child#009,35.0,124.0,0.75,0.7,0.7856385436909565,122.71964950943973,134.46181433464926,122.549975525688
child#009,35.0,124.0,0.75,0.65,0.7856385436909565,113.46550886429952,133.5355386743422,112.34538303433402
child#009,35.0,124.0,0.7,0.7,0.7856385436909565,128.77544937070445,129.8801831396249,110.61200217069916
child#009,35.0,124.0,0.75,0.75,0.7856385436909565,126.59693721703854,120.30481366963431,121.79619072952683
child#009,35.0,124.0,0.75,0.7,0.7856385436909565,118.33005201478844,128.67648695439985,125.2807694159846
child#009,35.0,124.0,0.7,0.75,0.7856385436909565,140.72858531507018,117.62774596240536,114.77799246977506
child#009,35.0,124.0,0.75,0.7,0.7856385436909565,123.71342126134645,136.5257142892482,116.09831222776063
child#009,35.0,124.0,0.75,0.7,0.7856385436909565,121.09972110187638,124.52982100175944,130.85401413561476
child#009,35.0,124.0,0.75,0.7,0.7856385436909565,123.31470368988174,132.14693477091714,116.98428012254234
