patient,meal,bg_fasting,ins_escada_tc,ins_sts_tc,ins_calc_tc,ESCADA-TC,STS-TC,Tuned Calc.
child#008,28.0,108.0,4.5,4.8,5.8432775083292805,130.79899961913424,144.44813366397887,129.99241216971828
child#008,28.0,108.0,4.8,5.1,5.8432775083292805,140.39358291508535,130.81007219043187,121.18635079421486
child#008,28.0,108.0,4.9,5.2,5.8432775083292805,128.31166765960157,124.14320144269075,122.40034855216304
child#008,28.0,108.0,5.0,5.2,5.8432775083292805,126.45206552158261,124.51859881378601,117.62344543466723
child#008,28.0,108.0,5.0,5.2,5.8432775083292805,137.73426917792116,128.23109667385413,120.256437832481
child#008,28.0,108.0,5.1,5.3,5.8432775083292805,134.12385589029284,129.90329540069033,123.0255174985855
child#008,28.0,108.0,5.1,5.3,5.8432775083292805,125.80522960124884,132.61733199609236,120.2800287368857
child#008,28.0,108.0,5.1,5.3,5.8432775083292805,130.7168457501523,125.8114903222772,117.19511590302281
child#008,28.0,108.0,5.1,5.3,5.8432775083292805,130.23937335170044,135.25465294398552,119.83885656128382
child#008,28.0,108.0,5.2,5.3,5.8432775083292805,137.00706403672086,129.83117924641036,122.6882596074811
child#008,28.0,108.0,5.2,5.3,5.8432775083292805,127.1370099072076,129.09750188530015,123.56243786401025
child#008,28.0,108.0,5.2,5.3,5.8432775083292805,137.47735633205167,130.41202049914443,122.79330647307246
child#008,28.0,108.0,5.3,5.3,5.8432775083292805,127.90024680153776,130.5278132655155,131.059021019825
child#008,28.0,108.0,5.3,5.3,5.8432775083292805,132.31778273948683,130.99977029471523,121.0521925285631
child#008,28.0,108.0,5.3,5.3,5.8432775083292805,131.66061897783402,129.93250156606103,122.70526716654386
