patient,meal,bg_fasting,ins_escada_tc,ins_sts_tc,ins_calc_tc,ESCADA-TC,STS-TC,Tuned Calc.
child#001,35.0,124.0,1.4,1.25,1.0468542562209313,86.22866924385964,96.10836995271336,128.22461444903925
child#001,35.0,124.0,1.1,1.1,1.0468542562209313,119.56751228095551,111.62085511600004,130.8487291506671
child#001,35.0,124.0,1.1,1.05,1.0468542562209313,118.37468663730388,112.66809855033547,133.01360541413644
child#001,35.0,124.0,1.1,1.05,1.0468542562209313,108.04375760833804,120.33805416943092,126.69303695708416
child#001,35.0,124.0,1.05,1.05,1.0468542562209313,127.4630462149794,112.23990845220148,126.68795179137665
child#001,35.0,124.0,1.05,1.0,1.0468542562209313,125.60719003072352,124.49216083537517,143.78810029836035
child#001,35.0,124.0,1.05,0.95,1.0468542562209313,123.00486836824322,145.92512681337303,129.2228610739188
child#001,35.0,124.0,1.05,1.0,1.0468542562209313,113.75072772310301,131.02046935126805,119.01826858256482
child#001,35.0,124.0,1.05,1.05,1.0468542562209313,119.872713358203,120.97744712712345,117.28488771892995
child#001,35.0,124.0,1.05,1.05,1.0468542562209313,126.88215607584203,120.5900325284378,128.4690762777576
child#001,35.0,124.0,1.05,1.05,1.0468542562209313,118.61527087359192,119.77375094189838,131.9536549642154
child#001,35.0,124.0,1.05,1.05,1.0468542562209313,131.8258493025687,117.91296482120885,121.45087801800585
child#001,35.0,124.0,1.05,1.05,1.0468542562209313,123.99864012014994,127.62297827674675,122.77119777599142
child#001,35.0,124.0,1.05,1.05,1.0468542562209313,121.38493996067987,115.62708498925798,137.52689968384556
child#001,35.0,124.0,1.05,1.05,1.0468542562209313,123.59992254868523,123.24419875841568,123.65716567077314
