patient,meal,bg_fasting,ins_escada_tc,ins_sts_tc,ins_calc_tc,ESCADA-TC,STS-TC,Tuned Calc.
child#003,65.0,103.0,4.3,4.3,4.291523536075171,135.94600756261738,136.8761454309536,140.7404134589489
child#003,65.0,103.0,5.95,5.8,4.291523536075171,109.70000640402151,104.79677155239722,143.36452816057675
child#003,65.0,103.0,4.95,4.6,4.291523536075171,126.17398172882308,123.6396563833391,145.52940442404608
child#003,65.0,103.0,4.95,5.05,4.291523536075171,115.84305269985724,121.08526518820015,139.2088359669938
child#003,65.0,103.0,4.75,4.75,4.291523536075171,133.66356220876497,118.44042444598705,139.2037508012863
child#003,65.0,103.0,4.9,4.35,4.291523536075171,128.47170854398053,135.61616719224767,156.30389930827
child#003,65.0,103.0,4.95,4.9,4.291523536075171,124.8004221226521,128.4235968354048,141.73866008382845
child#003,65.0,103.0,4.95,5.05,4.291523536075171,115.54628147751188,125.38001368060998,131.53406759247446
child#003,65.0,103.0,4.85,4.6,4.291523536075171,124.93914041124783,131.94900496012707,129.8006867288396
child#003,65.0,103.0,4.85,4.75,4.291523536075171,131.94858312888687,126.79054852222338,140.98487528766725
child#003,65.0,103.0,4.9,4.5,4.291523536075171,121.47978938684892,131.99986696170438,144.46945397412503
child#003,65.0,103.0,4.9,4.65,4.291523536075171,134.6903678158257,126.450837686923,133.9666770279155
child#003,65.0,103.0,4.95,4.85,4.291523536075171,125.79419387455881,132.68940532979158,135.28699678590107
child#003,65.0,103.0,4.95,5.0,4.291523536075171,123.18049371508874,116.37429600802722,150.0426986937552
child#003,65.0,103.0,4.95,4.8,4.291523536075171,125.3954763030941,129.44471475220126,136.17296468068278
