patient,meal,bg_fasting,ins_escada_tc,ins_sts_tc,ins_calc_tc,ESCADA-TC,STS-TC,Tuned Calc.
child#010,35.0,124.0,0.85,3.1,2.8824467468206048,223.45363145081822,112.53858184119667,123.22527731062861
child#010,35.0,124.0,2.95,2.8,2.8824467468206048,124.11984851800469,122.01146649719206,125.84939201225649
child#010,35.0,124.0,2.95,2.95,2.8824467468206048,122.92702287435306,111.21669345027432,128.0142682757258
child#010,35.0,124.0,2.95,1.35,2.8824467468206048,112.59609384538722,189.59237906704288,121.69369981867354
child#010,35.0,124.0,2.9,2.65,2.8824467468206048,128.8513757659961,121.44452432258349,121.68861465296602
child#010,35.0,124.0,2.9,4.5,2.8824467468206048,126.9955195817402,87.02809959905706,138.78876315994972
child#010,35.0,124.0,2.9,2.3,2.8824467468206048,124.3931979192599,147.68810940004005,124.22352393550817
child#010,35.0,124.0,2.9,2.75,2.8824467468206048,115.1390572741197,129.01967270592243,114.01893144415419
child#010,35.0,124.0,2.9,2.7,2.8824467468206048,121.26104290921968,126.92627157620568,112.28555058051933
child#010,35.0,124.0,2.9,2.75,2.8824467468206048,128.27048562685872,124.97690257251949,123.469739139347
child#010,35.0,124.0,2.9,2.7,2.8824467468206048,120.0036004246086,125.72257539098061,126.95431782580476
child#010,35.0,124.0,2.9,2.65,2.8824467468206048,133.2141788535854,127.11758069159086,116.45154087959523
child#010,35.0,124.0,2.9,2.75,2.8824467468206048,125.38696967116663,132.00984832082844,117.7718606375808
child#010,35.0,124.0,2.9,2.8,2.8824467468206048,122.77326951169655,120.01395503333967,132.52756254543493
child#010,35.0,124.0,2.9,2.8,2.8824467468206048,124.98825209970191,127.63106880249737,118.65782853236252
