patient,meal,bg_fasting,ins_escada_tc,ins_sts_tc,ins_calc_tc,ESCADA-TC,STS-TC,Tuned Calc.
child#008,35.0,124.0,8.2,8.6,9.873133971078193,110.49095010357472,123.32132822120563,112.97302118889516
child#008,35.0,124.0,7.7,8.9,9.873133971078193,127.93652576621193,110.52829974554817,104.16695981339174
child#008,35.0,124.0,8.0,8.7,9.873133971078193,115.66865114179785,109.76777692814319,105.38095757133992
child#008,35.0,124.0,7.8,8.6,9.873133971078193,117.60133482054043,111.1455842509381,100.60405445384411
child#008,35.0,124.0,7.7,8.4,9.873133971078193,130.03575333753565,115.87732096401177,103.23704685165788
child#008,35.0,124.0,7.8,7.8,9.873133971078193,125.27312518925066,124.04781427108554,106.00612651776238
child#008,35.0,124.0,7.8,8.0,9.873133971078193,116.95449890020666,124.51910107747626,103.26063775606258
child#008,35.0,124.0,7.7,8.0,9.873133971078193,123.01832990976678,117.71325940366108,100.17572492219969
child#008,35.0,124.0,7.7,8.0,9.873133971078193,122.54085751131491,127.15642202536941,102.8194655804607
child#008,35.0,124.0,7.7,8.0,9.873133971078193,132.30379776777275,121.73294832779425,105.66886862665798
child#008,35.0,124.0,7.7,7.8,9.873133971078193,122.43374363825949,123.24202075569538,106.54304688318713
child#008,35.0,124.0,7.7,8.0,9.873133971078193,132.77409006310359,122.31378958052831,105.77391549224934
child#008,35.0,124.0,7.7,7.9,9.873133971078193,123.19698053258965,123.54088677434117,114.03963003900188
child#008,35.0,124.0,7.7,7.9,9.873133971078193,127.6145164705387,124.01284380354092,104.03280154773998
child#008,35.0,124.0,7.7,8.0,9.873133971078193,126.9573527088859,121.83427064744492,105.68587618572074
