patient,meal,bg_fasting,ins_escada_tc,ins_sts_tc,ins_calc_tc,ESCADA-TC,STS-TC,Tuned Calc.
child#001,54.0,110.0,1.45,1.45,1.4300865705866965,127.64571949595869,128.5758573642949,132.44012539229018
child#001,54.0,110.0,1.6,1.45,1.4300865705866965,114.63350097513003,128.2277740857886,135.06424009391804
child#001,54.0,110.0,1.45,1.4,1.4300865705866965,134.98160560709246,129.4959867729352,137.22911635738737
child#001,54.0,110.0,1.5,1.9,1.4300865705866965,113.23626985403202,88.93738163309094,130.9085479003351
child#001,54.0,110.0,1.45,1.45,1.4300865705866965,138.06622384765765,122.84308608487972,130.9034627346276
child#001,54.0,110.0,1.5,1.45,1.4300865705866965,124.79596093930716,128.7076717786261,148.00361124161128
child#001,54.0,110.0,1.5,1.45,1.4300865705866965,122.19363927682687,136.16225595482604,133.43837201716974
child#001,54.0,110.0,1.5,1.5,1.4300865705866965,112.93949863168666,123.82157357042439,123.23377952581575
child#001,54.0,110.0,1.5,1.5,1.4300865705866965,119.06148426678665,120.1662180357071,121.50039866218088
child#001,54.0,110.0,1.45,1.5,1.4300865705866965,137.48533370852027,119.77880343702145,132.68458722100854
child#001,54.0,110.0,1.5,1.5,1.4300865705866965,117.80404178217557,118.96252185048203,136.16916590746632
child#001,54.0,110.0,1.5,1.5,1.4300865705866965,131.01462021115236,117.1017357297925,125.66638896125679
child#001,54.0,110.0,1.5,1.1,1.4300865705866965,123.18741102873359,181.19696318996589,126.98670871924236
child#001,54.0,110.0,1.5,1.45,1.4300865705866965,120.57371086926352,126.23026262193622,141.7424106270965
child#001,54.0,110.0,1.5,1.5,1.4300865705866965,122.78869345726888,122.43296966699933,127.87267661402407
