patient,meal,bg_fasting,ins_escada_tc,ins_sts_tc,ins_calc_tc,ESCADA-TC,STS-TC,Tuned Calc.
child#004,27.0,141.0,1.05,1.05,1.0576070526966828,86.02413470205249,86.95427257038871,90.81854059838398
child#004,27.0,141.0,0.65,0.65,1.0576070526966828,142.37938529760163,134.43272813264616,93.44265530001185
child#004,27.0,141.0,0.8,0.75,1.0576070526966828,120.74151064071467,115.52083407159542,95.60753156348117
child#004,27.0,141.0,0.75,0.65,1.0576070526966828,116.90023446670831,137.14618584896672,89.2869631064289
child#004,27.0,141.0,0.75,0.7,1.0576070526966828,130.31578173623936,129.04804013173728,89.28187794072139
child#004,27.0,141.0,0.75,0.7,1.0576070526966828,128.45992555198347,134.91262582548364,106.3820264477051
child#004,27.0,141.0,0.75,0.7,1.0576070526966828,125.85760388950317,142.3672100016836,91.81678722326353
child#004,27.0,141.0,0.75,0.75,1.0576070526966828,116.60346324436296,127.48553818310069,81.61219473190955
child#004,27.0,141.0,0.75,0.75,1.0576070526966828,122.72544887946295,123.8301826483834,79.87881386827469
child#004,27.0,141.0,0.75,0.75,1.0576070526966828,129.73489159710198,123.44276804969775,91.06300242710236
child#004,27.0,141.0,0.75,0.75,1.0576070526966828,121.46800639485187,122.62648646315833,94.54758111356013
child#004,27.0,141.0,0.75,0.75,1.0576070526966828,134.67858482382866,120.76570034246879,84.04480416735058
child#004,27.0,141.0,0.75,0.75,1.0576070526966828,126.85137564140989,130.4757137980067,85.36512392533616
child#004,27.0,141.0,0.75,0.75,1.0576070526966828,124.23767548193982,118.47982051051792,100.12082583319031
child#004,27.0,141.0,0.75,0.75,1.0576070526966828,126.45265806994517,126.09693427967562,86.25109182011788
