patient,meal,bg_fasting,ins_escada_tc,ins_sts_tc,ins_calc_tc,ESCADA-TC,STS-TC,Tuned Calc.
child#010,63.0,121.0,5.1,5.1,5.113120320615753,128.1520889292242,129.08222679756042,132.0229997584598
child#010,63.0,121.0,7.5,4.6,5.113120320615753,106.7456490367882,139.14784222454654,134.64711446008766
child#010,63.0,121.0,5.2,6.3,5.113120320615753,132.77420199827074,105.95921133948606,136.811990723557
child#010,63.0,121.0,5.65,5.45,5.113120320615753,115.22567820906383,124.5654515315952,130.4914222665047
child#010,63.0,121.0,5.3,5.25,5.113120320615753,134.99101285668291,119.76787509390498,130.48633710079721
child#010,63.0,121.0,5.55,5.2,5.113120320615753,129.0498075262742,126.50026816980439,147.5864856077809
child#010,63.0,121.0,5.65,5.2,5.113120320615753,124.18304763185868,133.95485234600432,133.02124638333936
child#010,63.0,121.0,5.65,5.5,5.113120320615753,114.92890698671847,128.07542015739142,122.81665389198537
child#010,63.0,121.0,5.5,5.35,5.113120320615753,123.31533085375368,127.65515203402727,121.0832730283505
child#010,63.0,121.0,5.45,5.5,5.113120320615753,131.10955343800632,124.03265002398848,132.26746158717816
child#010,63.0,121.0,5.55,5.8,5.113120320615753,122.0578883691426,119.5132412469263,135.75204027363594
child#010,63.0,121.0,5.5,5.6,5.113120320615753,135.2684667981194,120.58604885574019,125.2492633274264
child#010,63.0,121.0,5.6,5.35,5.113120320615753,126.67172415468129,134.30068318365056,126.56958308541198
child#010,63.0,121.0,5.6,5.5,5.113120320615753,124.05802399521122,119.06970248480866,141.3252849932661
child#010,63.0,121.0,5.6,5.4,5.113120320615753,126.27300658321657,128.27207970012583,127.45555098019369
