patient,meal,bg_fasting,ins_escada_tc,ins_sts_tc,ins_calc_tc,ESCADA-TC,STS-TC,Tuned Calc.
child#001,60.0,142.0,2.05,2.05,2.0519624927290168,97.84034935609547,98.77048722443169,98.69158277256214
child#001,60.0,142.0,1.7,1.7,2.0519624927290168,135.7560968401938,127.80943967523834,101.31569747419002
child#001,60.0,142.0,1.8,1.65,2.0519624927290168,123.57871112694026,135.1765452894834,103.48057373765934
child#001,60.0,142.0,1.8,1.8,2.0519624927290168,113.24778209797442,119.53833732195697,97.16000528060707
child#001,60.0,142.0,1.75,1.65,2.0519624927290168,131.99495427171337,134.74835519134945,97.15492011489955
child#001,60.0,142.0,1.75,1.75,2.0519624927290168,130.13909808745748,122.63640220268182,114.25506862188327
child#001,60.0,142.0,1.8,1.75,2.0519624927290168,122.20515152076928,130.09098637888172,99.6898293974417
child#001,60.0,142.0,1.75,1.8,2.0519624927290168,118.28263577983697,123.8330858143668,89.48523690608772
child#001,60.0,142.0,1.75,1.8,2.0519624927290168,124.40462141493695,120.17773027964951,87.75185604245286
child#001,60.0,142.0,1.75,1.75,2.0519624927290168,131.414064132576,125.12194058517176,98.93604460128053
child#001,60.0,142.0,1.75,1.8,2.0519624927290168,123.14717893032588,118.97403409442444,102.4206232877383
child#001,60.0,142.0,1.75,1.75,2.0519624927290168,136.35775735930267,122.4448728779428,91.91784634152876
child#001,60.0,142.0,1.75,1.75,2.0519624927290168,128.5305481768839,132.1548863334807,93.23816609951433
child#001,60.0,142.0,1.75,1.75,2.0519624927290168,125.91684801741383,120.15899304599193,107.99386800736848
child#001,60.0,142.0,1.75,1.75,2.0519624927290168,128.1318306054192,127.77610681514963,94.12413399429605
