patient,meal,bg_fasting,ins_escada_tc,ins_sts_tc,ins_calc_tc,ESCADA-TC,STS-TC,Tuned Calc.
child#005,35.0,124.0,1.95,2.25,3.4702657552612126,128.4105474065869,120.40908034741369,99.98017772979985
child#005,35.0,124.0,2.15,1.85,3.4702657552612126,132.27906857239955,132.33816762291778,102.60429243142772
child#005,35.0,124.0,2.45,2.3,3.4702657552612126,121.65327334381918,115.1044991661325,104.76916869489705
child#005,35.0,124.0,2.35,1.95,3.4702657552612126,113.8315741836018,131.70605971273739,98.44860023784477
child#005,35.0,124.0,2.2,2.2,3.4702657552612126,131.28271717084112,116.05957940806319,98.44351507213726
child#005,35.0,124.0,2.25,2.0,3.4702657552612126,128.04359064652056,127.87313835452566,115.54366357912097
child#005,35.0,124.0,2.3,2.1,3.4702657552612126,125.44126898404025,132.26689327648148,100.9784243546794
child#005,35.0,124.0,2.3,2.1,3.4702657552612126,116.18712833890004,131.34061761617446,90.77383186332543
child#005,35.0,124.0,2.25,2.15,3.4702657552612126,122.30911397400003,127.68526208145717,89.04045099969056
child#005,35.0,124.0,2.25,2.15,3.4702657552612126,129.31855669163906,127.29784748277152,100.22463955851823
child#005,35.0,124.0,2.25,2.2,3.4702657552612126,121.05167148938895,123.5934218977601,103.709218244976
child#005,35.0,124.0,2.25,2.15,3.4702657552612126,134.26224991836574,124.62077977554256,93.20644129876646
child#005,35.0,124.0,2.25,2.2,3.4702657552612126,126.43504073594697,131.44264923260846,94.52676105675204
child#005,35.0,124.0,2.25,2.2,3.4702657552612126,123.8213405764769,119.44675594511969,109.28246296460618
child#005,35.0,124.0,2.25,2.1,3.4702657552612126,126.03632316448225,129.9520137127494,95.41272895153375
