patient,meal,bg_fasting,ins_escada_tc,ins_sts_tc,ins_calc_tc,ESCADA-TC,STS-TC,Tuned Calc.
child#005,38.0,119.0,2.95,2.65,3.6215945315672764,108.91175654158802,117.1814960736045,102.90921061044791
child#005,38.0,119.0,3.6,2.45,3.6215945315672764,106.64351646890182,120.403589561753,105.53332531207579
child#005,38.0,119.0,1.85,2.4,3.6215945315672764,144.78032991116393,117.99040950499923,107.69820157554511
child#005,38.0,119.0,2.45,2.6,3.6215945315672764,116.82649205409099,119.54687051141876,101.37763311849284
child#005,38.0,119.0,2.3,1.95,3.6215945315672764,135.4708322880427,129.27008811545994,101.37254795278533
child#005,38.0,119.0,2.4,3.4,3.6215945315672764,130.92950098538728,102.17367682570557,118.47269645976904
child#005,38.0,119.0,2.45,1.85,3.6215945315672764,125.78386147688585,145.9609802588975,103.90745723532747
child#005,38.0,119.0,2.45,2.0,3.6215945315672764,116.52972083174564,140.04964618423998,93.70286474397349
child#005,38.0,119.0,2.4,2.35,3.6215945315672764,125.19502431286676,126.29975808178722,91.96948388033863
child#005,38.0,119.0,2.4,2.15,3.6215945315672764,132.2044670305058,132.91656821486984,103.1536724391663
child#005,38.0,119.0,2.45,2.2,3.6215945315672764,121.39426398223455,129.18094336754055,106.63825112562407
child#005,38.0,119.0,2.4,2.4,3.6215945315672764,137.1481602572325,123.23527577587261,96.13547417941453
child#005,38.0,119.0,2.45,2.3,3.6215945315672764,126.77763322879257,135.63076434981002,97.4557939374001
child#005,38.0,119.0,2.45,2.3,3.6215945315672764,124.1639330693225,123.63487106232125,112.21149584525425
child#005,38.0,119.0,2.45,2.5,3.6215945315672764,126.37891565732785,124.80167471398212,98.34176183218182
