patient,meal,bg_fasting,ins_escada_tc,ins_sts_tc,ins_calc_tc,ESCADA-TC,STS-TC,Tuned Calc.
child#002,60.0,142.0,4.75,4.75,4.746226765904051,120.39407082196824,121.32420869030446,126.47608016726663
child#002,60.0,142.0,3.85,4.6,4.746226765904051,156.30251520864837,126.2839433569236,129.1001948688945
child#002,60.0,142.0,4.75,4.05,4.746226765904051,127.729956933102,138.19472541312942,131.26507113236383
child#002,60.0,142.0,4.8,6.35,4.746226765904051,117.39902790413616,94.47629311440441,124.94450267531155
child#002,60.0,142.0,4.7,4.7,4.746226765904051,132.1021786226341,116.87904085985618,124.93941750960404
child#002,60.0,142.0,4.8,4.35,4.746226765904051,128.95871898941132,134.00792490289268,142.03956601658774
child#002,60.0,142.0,4.8,4.7,4.746226765904051,126.35639732693102,130.1982107298025,127.47432679214619
child#002,60.0,142.0,4.8,4.7,4.746226765904051,117.1022566817908,129.27193506949544,117.26973430079221
child#002,60.0,142.0,4.75,4.8,4.746226765904051,123.2242423168908,124.32897608581125,115.53635343715735
child#002,60.0,142.0,4.75,4.6,4.746226765904051,130.23368503452983,129.24937943225103,126.72054199598502
child#002,60.0,142.0,4.8,4.45,4.746226765904051,121.96679983227972,131.24782533263848,130.20512068244278
child#002,60.0,142.0,4.75,4.55,4.746226765904051,135.1773782612565,127.9659990751739,119.70234373623325
child#002,60.0,142.0,4.8,4.75,4.746226765904051,127.35016907883774,130.97450723543454,121.02266349421882
child#002,60.0,142.0,4.8,4.7,4.746226765904051,124.73646891936767,120.26621739691268,135.77836540207295
child#002,60.0,142.0,4.8,4.7,4.746226765904051,126.95145150737302,127.88333116607038,121.90863138900053
