patient,meal,bg_fasting,ins_escada_tc,ins_sts_tc,ins_calc_tc,ESCADA-TC,STS-TC,Tuned Calc.
child#010,54.0,110.0,4.0,4.0,3.986701202309075,127.97584201846318,128.9059798867994,133.92841826986833
child#010,54.0,110.0,1.75,5.0,3.986701202309075,230.42003738842925,110.09334485559398,136.5525329714962
child#010,54.0,110.0,4.1,3.9,3.986701202309075,134.1802363992919,125.94521515959566,138.71740923496552
child#010,54.0,110.0,4.45,4.25,3.986701202309075,115.6698341062014,125.86561653607836,132.39684077791324
child#010,54.0,110.0,4.2,4.15,3.986701202309075,134.0228732198132,119.85571832552357,132.39175561220574
child#010,54.0,110.0,4.3,3.25,3.986701202309075,131.13475239737096,149.696375594277,149.49190411918943
child#010,54.0,110.0,4.35,4.0,3.986701202309075,127.52321103096065,136.49237847733053,134.9266648947479
child#010,54.0,110.0,4.35,4.05,3.986701202309075,118.26907038582044,135.56610281702348,124.7220724033939
child#010,54.0,110.0,4.3,4.15,3.986701202309075,125.40027572485045,128.59325700044553,122.98869153975903
child#010,54.0,110.0,4.3,4.2,3.986701202309075,132.4097184424895,127.14985953327158,134.1728800985867
child#010,54.0,110.0,4.35,4.65,3.986701202309075,123.13361353630935,117.8190223583932,137.65745878504447
child#010,54.0,110.0,4.35,4.55,3.986701202309075,136.34419196528614,118.6117604335827,127.15468183883493
child#010,54.0,110.0,4.4,4.25,3.986701202309075,126.56500503879731,133.1505406433942,128.4750015968205
child#010,54.0,110.0,4.4,4.35,3.986701202309075,123.95130487932724,120.14542765197541,143.23070350467464
child#010,54.0,110.0,4.4,4.25,3.986701202309075,126.1662874673326,128.77176112506314,129.36096949160222
