patient,meal,bg_fasting,ins_escada_tc,ins_sts_tc,ins_calc_tc,ESCADA-TC,STS-TC,Tuned Calc.
child#006,35.0,124.0,0.85,1.6,3.1568061174718642,230.03845103058208,175.64897736621623,110.72063355858133
child#006,35.0,124.0,2.95,2.8,3.1568061174718642,120.87678963154531,119.93397822852693,113.3447482602092
child#006,35.0,124.0,2.85,2.9,3.1568061174718642,123.10895587576194,111.3986264516832,115.50962452367853
child#006,35.0,124.0,2.8,2.7,3.1568061174718642,116.35688072086492,124.49731508694795,109.18905606662625
child#006,35.0,124.0,2.6,2.65,3.1568061174718642,135.4486852670067,120.22554750422877,109.18397090091874
child#006,35.0,124.0,2.75,2.45,3.1568061174718642,127.91657180614007,132.16411777252037,126.28411940790245
child#006,35.0,124.0,2.75,3.65,3.1568061174718642,125.31425014365978,100.53521931296751,111.71888018346088
child#006,35.0,124.0,2.75,2.55,3.1568061174718642,116.06010949851957,136.6215492725845,101.5142876921069
child#006,35.0,124.0,2.75,2.6,3.1568061174718642,122.18209513361955,128.96308617915074,99.78090682847204
child#006,35.0,124.0,2.7,2.65,3.1568061174718642,131.04141699335906,128.5756715804651,110.96509538729971
child#006,35.0,124.0,2.75,2.7,3.1568061174718642,120.9246526490085,123.93301185941542,114.44967407375748
child#006,35.0,124.0,2.75,2.7,3.1568061174718642,134.13523107798528,122.07222573872588,103.94689712754794
child#006,35.0,124.0,2.75,2.65,3.1568061174718642,126.3080218955665,135.60861732877405,105.26721688553351
child#006,35.0,124.0,2.75,2.65,3.1568061174718642,123.69432173609643,123.61272404128528,120.02291879338766
child#006,35.0,124.0,2.75,2.65,3.1568061174718642,125.90930432410178,131.22983781044297,106.15318478031523
