patient,meal,bg_fasting,ins_escada_tc,ins_sts_tc,ins_calc_tc,ESCADA-TC,STS-TC,Tuned Calc.
child#005,60.0,142.0,6.5,6.5,6.505482160559383,107.57935636038575,108.50949422872196,112.37376225671723
child#005,60.0,142.0,4.15,4.3,6.505482160559383,143.81126436705117,134.18595608329613,114.9978769583451
child#005,60.0,142.0,5.35,4.8,6.505482160559383,126.53267033985175,121.71539621169306,117.16275322181443
child#005,60.0,142.0,5.4,5.05,6.505482160559383,115.07381480848109,126.09726927076282,110.84218476476215
child#005,60.0,142.0,5.15,4.9,6.505482160559383,131.37650795155457,119.28116070434113,110.83709959905464
child#005,60.0,142.0,5.25,4.35,6.505482160559383,128.3386321475218,133.85042922486633,127.93724810603835
child#005,60.0,142.0,5.3,4.95,6.505482160559383,125.73631048504149,131.9539752770935,113.37200888159678
child#005,60.0,142.0,5.3,5.05,6.505482160559383,116.48216983990127,130.39201776317265,103.1674163902428
child#005,60.0,142.0,5.25,5.9,6.505482160559383,122.60415547500126,116.84054799943483,101.43403552660794
child#005,60.0,142.0,5.2,5.25,6.505482160559383,130.19992567276051,123.32147464523607,112.61822408543561
child#005,60.0,142.0,5.25,4.45,6.505482160559383,121.34671299039019,133.16362578243164,116.10280277189338
child#005,60.0,142.0,5.25,4.75,6.505482160559383,134.55729141936698,126.96026248256643,105.60002582568384
child#005,60.0,142.0,5.3,5.0,6.505482160559383,126.7300822369482,133.38219337807865,106.92034558366942
child#005,60.0,142.0,5.3,5.15,6.505482160559383,124.11638207747814,119.54054672583314,121.67604749152356
child#005,60.0,142.0,5.3,5.3,6.505482160559383,126.33136466548349,125.97564087521394,107.80631347845113
