patient,meal,bg_fasting,ins_escada_tc,ins_sts_tc,ins_calc_tc,ESCADA-TC,STS-TC,Tuned Calc.
child#007,28.0,108.0,1.95,2.25,2.8199180174009926,122.71774371163589,115.82214418689917,107.4537588922351
child#007,28.0,108.0,1.4,1.05,2.8199180174009926,149.85840799502108,152.90792977461223,110.07787359386298
child#007,28.0,108.0,2.0,1.8,2.8199180174009926,128.68637814496773,122.60529290930238,112.2427498573323
child#007,28.0,108.0,2.05,1.9,2.8199180174009926,118.35544911600188,128.8273632398599,105.92218140028002
child#007,28.0,108.0,2.0,2.1,2.8199180174009926,131.77099638553292,113.8904121319229,105.91709623457251
child#007,28.0,108.0,2.05,2.05,2.8199180174009926,129.91514020127704,122.41244431650138,123.01724474155623
child#007,28.0,108.0,2.05,1.9,2.8199180174009926,127.31281853879673,134.04838739257673,108.45200551711466
child#007,28.0,108.0,2.1,1.95,2.8199180174009926,115.40123140282444,130.30800451019618,98.24741302576068
child#007,28.0,108.0,2.05,2.0,2.8199180174009926,124.18066352875651,125.28539729767697,96.51403216212582
child#007,28.0,108.0,2.05,2.05,2.8199180174009926,131.19010624639554,124.89798269899131,107.69822072095349
child#007,28.0,108.0,2.05,2.1,2.8199180174009926,122.92322104414544,121.42425462161981,111.18279940741125
child#007,28.0,108.0,2.05,1.95,2.8199180174009926,136.13379947312222,123.58816666956429,100.6800224612017
child#007,28.0,108.0,2.1,2.0,2.8199180174009926,125.64914379987137,131.93092844730026,102.00034221918729
child#007,28.0,108.0,2.1,1.95,2.8199180174009926,123.0354436404013,121.30228683761342,116.75604412704143
child#007,28.0,108.0,2.1,2.0,2.8199180174009926,125.25042622840665,127.55214892896919,102.886310113969
