patient,meal,bg_fasting,ins_escada_tc,ins_sts_tc,ins_calc_tc,ESCADA-TC,STS-TC,Tuned Calc.
adolescent#008,27.0,141.0,30.4,30.4,30.319924446456813,73.99993147958702,79.96239126783671,75.47809539954041
adolescent#008,27.0,141.0,27.6,27.6,30.319924446456813,86.47943261841476,88.82035746269884,83.20557129957018
adolescent#008,27.0,141.0,25.2,25.4,30.319924446456813,87.80552848945212,83.59226506407498,90.0933772313114
adolescent#008,27.0,141.0,22.8,23.6,30.319924446456813,95.41966120308884,96.19941610348393,79.68640725311873
adolescent#008,27.0,141.0,20.8,20.6,30.319924446456813,108.05133319898638,108.73294387060861,74.76132466618203
adolescent#008,27.0,141.0,18.8,18.8,30.319924446456813,110.24876679379939,115.24147778662973,81.26046432146683
adolescent#008,27.0,141.0,18.4,18.8,30.319924446456813,115.93503376914069,116.31915567761787,77.08192412149967
adolescent#008,27.0,141.0,18.8,19.6,30.319924446456813,110.90781959575838,119.78904630738649,85.42465450114767
adolescent#008,27.0,141.0,18.6,19.8,30.319924446456813,115.34481091700037,112.54741949168843,78.32680788333606
adolescent#008,27.0,141.0,18.8,20.4,30.319924446456813,123.50489030830974,111.96589544332743,81.06369019438941
adolescent#008,27.0,141.0,19.4,19.6,30.319924446456813,117.88239206818035,110.54931802335588,87.98534866733654
adolescent#008,27.0,141.0,19.4,19.2,30.319924446456813,106.63386332533248,109.65250923111513,84.83551942426101
adolescent#008,27.0,141.0,19.4,21.0,30.319924446456813,112.52257447560403,106.04284043819229,91.35572668710256
adolescent#008,27.0,141.0,19.4,20.0,30.319924446456813,111.61206922912567,112.1778747021944,73.83288797746059
adolescent#008,27.0,141.0,19.4,19.6,30.319924446456813,111.70562663313797,108.94638739504198,87.97613299744796
