patient,meal,bg_fasting,ins_escada_tc,ins_sts_tc,ins_calc_tc,ESCADA-TC,STS-TC,Tuned Calc.
adolescent#007,60.0,142.0,32.4,32.4,32.361287708322465,96.21152755719834,113.2249320128903,114.75763621084619
adolescent#007,60.0,142.0,29.4,30.5,32.361287708322465,117.10923073060638,108.95920663534842,105.95157483534277
adolescent#007,60.0,142.0,29.4,31.9,32.361287708322465,108.2363207558603,101.913870847936,107.16557259329095
adolescent#007,60.0,142.0,28.9,27.9,32.361287708322465,109.3774649107579,113.46849650753563,102.38866947579514
adolescent#007,60.0,142.0,28.6,30.7,32.361287708322465,121.25167719742193,108.84167700555548,105.0216618736089
adolescent#007,60.0,142.0,29.3,33.0,32.361287708322465,115.59804501430179,104.74741840235168,107.79074153971341
adolescent#007,60.0,142.0,29.4,28.1,32.361287708322465,107.27941872525778,120.63997585107917,105.0452527780136
adolescent#007,60.0,142.0,29.2,28.4,32.361287708322465,112.47804727976708,113.22491202757239,101.96033994415072
adolescent#007,60.0,142.0,29.2,30.7,32.361287708322465,112.00057488131522,115.86523327568688,104.60408060241173
adolescent#007,60.0,142.0,29.2,28.0,32.361287708322465,121.76351513777307,118.16110055940645,107.45348364860901
adolescent#007,60.0,142.0,29.4,29.3,32.361287708322465,111.60644860265394,113.5669405807465,108.32766190513816
adolescent#007,60.0,142.0,29.4,29.0,32.361287708322465,121.94679502749803,115.74731768349334,107.55853051420037
adolescent#007,60.0,142.0,29.6,30.0,32.361287708322465,111.51807410576178,113.03159881814473,115.8242450609529
adolescent#007,60.0,142.0,29.6,29.1,32.361287708322465,115.93561004371084,116.04483557981973,105.817416569691
adolescent#007,60.0,142.0,29.6,30.2,32.361287708322465,115.27844628205804,111.88819387340233,107.47049120767177
