patient,meal,bg_fasting,ins_escada_tc,ins_sts_tc,ins_calc_tc,ESCADA-TC,STS-TC,Tuned Calc.
adolescent#007,41.0,120.0,21.1,21.1,21.100327383471814,92.24763674239615,109.26104119808812,110.793745396044
adolescent#007,41.0,120.0,18.7,20.5,21.100327383471814,113.97528838884028,102.34904622732256,101.98768402054058
adolescent#007,41.0,120.0,18.9,20.8,21.100327383471814,104.34186231903413,97.68373178714393,103.20168177848876
adolescent#007,41.0,120.0,18.5,18.6,21.100327383471814,105.17681701033045,105.85409516746626,98.42477866099296
adolescent#007,41.0,120.0,18.1,17.9,21.100327383471814,118.02613683894627,112.72508557315597,101.05777105880672
adolescent#007,41.0,120.0,18.4,15.7,21.100327383471814,113.62627519128802,124.17597769164472,103.82685072491122
adolescent#007,41.0,120.0,18.4,17.0,21.100327383471814,105.30764890224401,120.46985548823672,101.08136196321142
adolescent#007,41.0,120.0,18.3,18.2,21.100327383471814,110.21926505114746,109.09860755473969,97.99644912934853
adolescent#007,41.0,120.0,18.2,17.8,21.100327383471814,110.53124101272552,119.74864184328737,100.64018978760954
adolescent#007,41.0,120.0,18.2,17.9,21.100327383471814,120.29418126918337,114.3251681457122,103.48959283380682
adolescent#007,41.0,120.0,18.3,18.0,21.100327383471814,109.63467877964017,112.78384995196723,104.36377109033597
adolescent#007,41.0,120.0,18.3,17.8,21.100327383471814,119.97502520448425,114.90600939844626,103.59463969939819
adolescent#007,41.0,120.0,18.3,18.0,21.100327383471814,110.39791567397033,114.21416133218256,111.86035424615072
adolescent#007,41.0,120.0,18.3,17.9,21.100327383471814,114.81545161191939,115.49375919401707,101.85352575488882
adolescent#007,41.0,120.0,18.3,17.9,21.100327383471814,114.15828785026659,114.42649046536287,103.50660039286959
