patient,meal,bg_fasting,ins_escada_tc,ins_sts_tc,ins_calc_tc,ESCADA-TC,STS-TC,Tuned Calc.
adolescent#002,24.0,102.0,15.2,15.2,15.203041447690442,90.24065331895875,96.20311310720844,90.76355118547991
adolescent#002,24.0,102.0,12.8,13.2,15.203041447690442,108.89360312543371,110.2026262612986,98.49102708550969
adolescent#002,24.0,102.0,10.8,12.2,15.203041447690442,114.90708323334897,104.67551328989457,105.37883301725088
adolescent#002,24.0,102.0,10.8,12.0,15.203041447690442,115.26994512955328,112.54977813829272,94.97186303905823
adolescent#002,24.0,102.0,11.2,8.8,15.203041447690442,118.4204657871594,130.97203100596298,90.04678045212154
adolescent#002,24.0,102.0,11.6,12.4,15.203041447690442,109.35733548871862,108.9951190063521,96.54592010740633
adolescent#002,24.0,102.0,11.4,12.2,15.203041447690442,112.17048290539384,112.1905966551109,92.36737990743917
adolescent#002,24.0,102.0,11.4,11.8,15.203041447690442,110.01638829067761,120.44694319911272,100.71011028708718
adolescent#002,24.0,102.0,11.4,11.6,15.203041447690442,113.50416284967295,116.2808864906905,93.61226366927556
adolescent#002,24.0,102.0,11.4,12.2,15.203041447690442,122.61345900322897,114.25832603187479,96.34914598032891
adolescent#002,24.0,102.0,11.6,12.2,15.203041447690442,118.86471492050886,110.13634531664226,103.27080445327604
adolescent#002,24.0,102.0,11.8,11.8,15.203041447690442,105.44992805867464,107.53575586480098,100.12097521020051
adolescent#002,24.0,102.0,11.6,11.6,15.203041447690442,113.50489732793254,115.07820285473153,106.64118247304206
adolescent#002,24.0,102.0,11.6,11.8,15.203041447690442,112.59439208145417,114.64683746151198,89.11834376340009
adolescent#002,24.0,102.0,11.6,11.8,15.203041447690442,112.68794948546648,109.60428428676822,103.26158878338747
