patient,meal,bg_fasting,ins_escada_tc,ins_sts_tc,ins_calc_tc,ESCADA-TC,STS-TC,Tuned Calc.
adolescent#008,46.0,139.0,47.2,47.2,47.18742576121901,107.61357219836408,113.57603198661377,109.28125032801714
adolescent#008,46.0,139.0,45.2,46.4,47.18742576121901,117.27452119438928,118.61321295658499,117.00872622804691
adolescent#008,46.0,139.0,46.2,47.2,47.18742576121901,111.53172783487952,106.88698135597888,123.89653215978811
adolescent#008,46.0,139.0,46.0,47.2,47.18742576121901,112.09176883983086,114.76124620437703,113.48956218159546
adolescent#008,46.0,139.0,46.0,45.8,47.18742576121901,116.35502589948942,116.563105015276,108.56447959465876
adolescent#008,46.0,139.0,46.4,47.0,47.18742576121901,109.29446201196593,113.51390103990673,115.06361924994356
adolescent#008,46.0,139.0,46.2,47.0,47.18742576121901,112.10760942864115,114.59157893089487,110.8850790499764
adolescent#008,46.0,139.0,46.2,47.2,47.18742576121901,109.95351481392493,121.58754166675718,119.2278094296244
adolescent#008,46.0,139.0,46.0,47.2,47.18742576121901,113.6384684816673,115.25522683934861,112.12996281181279
adolescent#008,46.0,139.0,46.0,47.4,47.18742576121901,122.74776463522332,116.4697940979591,114.86684512286614
adolescent#008,46.0,139.0,46.4,47.0,47.18742576121901,118.80184144375617,112.53732759242624,121.78850359581327
adolescent#008,46.0,139.0,46.6,47.6,47.18742576121901,107.1634962326762,108.30164348173203,118.63867435273774
adolescent#008,46.0,139.0,46.4,47.4,47.18742576121901,113.44202385117985,114.05254320338963,125.15888161557929
adolescent#008,46.0,139.0,46.4,46.8,47.18742576121901,112.53151860470149,116.36040563551353,107.63604290593732
adolescent#008,46.0,139.0,46.4,47.6,47.18742576121901,112.62507600871379,110.37017190369927,121.77928792592469
