patient,meal,bg_fasting,ins_escada_tc,ins_sts_tc,ins_calc_tc,ESCADA-TC,STS-TC,Tuned Calc.
adolescent#001,35.0,124.0,3.8,4.2,3.6814962969933807,118.81244733967277,116.04668198928212,124.3737910656469
adolescent#001,35.0,124.0,4.3,4.1,3.6814962969933807,123.6452558757313,117.1497841811824,126.99790576727477
adolescent#001,35.0,124.0,4.8,4.5,3.6814962969933807,118.97470649440304,108.63040838687327,129.1627820307441
adolescent#001,35.0,124.0,5.3,4.2,3.6814962969933807,105.36698724438689,118.41205642709637,122.84221357369182
adolescent#001,35.0,124.0,5.1,4.3,3.6814962969933807,120.07020489012383,110.31391070986693,122.83712840798431
adolescent#001,35.0,124.0,5.3,4.6,3.6814962969933807,116.92667832966204,114.06680398248567,139.937276914968
adolescent#001,35.0,124.0,5.5,4.5,3.6814962969933807,112.44790098512541,121.52138815868558,125.37203769052645
adolescent#001,35.0,124.0,5.5,4.9,3.6814962969933807,103.1937603399852,117.89518876457358,115.16744519917248
adolescent#001,35.0,124.0,5.3,4.7,3.6814962969933807,111.19220165714152,115.57372564711228,113.43406433553761
adolescent#001,35.0,124.0,5.3,5.2,3.6814962969933807,118.20164437478056,111.90952082737633,124.61825289436528
adolescent#001,35.0,124.0,5.3,4.8,3.6814962969933807,109.93475917253045,114.37002946188721,128.10283158082305
adolescent#001,35.0,124.0,5.3,5.1,3.6814962969933807,123.14533760150724,110.52012349635328,117.60005463461351
adolescent#001,35.0,124.0,5.4,5.0,3.6814962969933807,114.05998516126402,120.23013695189118,118.92037439259909
adolescent#001,35.0,124.0,5.4,4.9,3.6814962969933807,111.44628500179395,108.88947109199081,133.67607630045325
adolescent#001,35.0,124.0,5.4,4.8,3.6814962969933807,113.66126758979931,117.8404772784045,119.8063422873808
