patient,meal,bg_fasting,ins_escada_tc,ins_sts_tc,ins_calc_tc,ESCADA-TC,STS-TC,Tuned Calc.
adolescent#007,23.0,122.0,12.3,12.3,12.260414685730964,91.97795408481431,108.99135854050628,110.98995683908986
adolescent#007,23.0,122.0,9.8,11.7,12.260414685730964,118.02918336765585,103.46609778261491,102.18389546358644
adolescent#007,23.0,122.0,10.2,11.6,12.260414685730964,107.41049689549112,100.29193924080332,103.39789322153462
adolescent#007,23.0,122.0,9.9,9.3,12.260414685730964,108.2583995021913,112.93850319954052,98.62099010403881
adolescent#007,23.0,122.0,9.6,10.1,12.260414685730964,121.9280937934975,112.45078113098572,101.25398250185258
adolescent#007,23.0,122.0,10.0,5.9,12.260414685730964,115.34829077598704,143.78653221760155,104.02306216795708
adolescent#007,23.0,122.0,10.1,10.6,12.260414685730964,107.02966448694303,114.01341403795202,101.27757340625728
adolescent#007,23.0,122.0,10.0,9.6,12.260414685730964,111.94128063584648,113.00056450929091,98.19266057239439
adolescent#007,23.0,122.0,10.0,10.4,12.260414685730964,111.46380823739462,117.20425873687407,100.8364012306554
adolescent#007,23.0,122.0,9.9,10.0,12.260414685730964,121.80864758876696,114.05086370354195,103.68580427685268
adolescent#007,23.0,122.0,10.1,10.1,12.260414685730964,111.35669436433919,113.31718634243175,104.55998253338183
adolescent#007,23.0,122.0,10.1,10.4,12.260414685730964,121.69704078918328,112.36162629203297,103.79085114244404
adolescent#007,23.0,122.0,10.1,10.8,12.260414685730964,112.11993125866935,110.29572260749643,112.05656568919657
adolescent#007,23.0,122.0,10.1,10.2,12.260414685730964,116.53746719661841,114.64338512979239,102.04973719793468
adolescent#007,23.0,122.0,10.2,10.2,12.260414685730964,115.30423381291118,113.5761164011382,103.70281183591544
