patient,meal,bg_fasting,ins_escada_tc,ins_sts_tc,ins_calc_tc,ESCADA-TC,STS-TC,Tuned Calc.
adolescent#010,60.0,142.0,6.9,6.9,6.92567941593723,112.9790911071724,113.90922897550861,117.77349700350388
adolescent#010,60.0,142.0,7.3,6.6,6.92567941593723,115.21364503775726,120.41484506534866,120.39761170513175
adolescent#010,60.0,142.0,8.3,8.0,6.92567941593723,100.42028575166292,92.49731636748861,122.56248796860108
adolescent#010,60.0,142.0,7.0,6.2,6.92567941593723,108.35997751052636,128.6657752686709,116.2419195115488
adolescent#010,60.0,142.0,6.8,6.9,6.92567941593723,125.05863061081398,108.17645769609342,116.23683434584129
adolescent#010,60.0,142.0,7.3,6.7,6.92567941593723,115.24958145041494,117.39485311605999,133.336982852825
adolescent#010,60.0,142.0,7.3,7.2,6.92567941593723,112.64725978793464,116.72523754962363,118.77174362838343
adolescent#010,60.0,142.0,7.3,7.3,6.92567941593723,103.39311914279443,114.27519408153216,108.56715113702946
adolescent#010,60.0,142.0,7.2,7.0,6.92567941593723,111.03887258567885,115.28992569220145,106.83377027339459
adolescent#010,60.0,142.0,7.2,7.2,6.92567941593723,118.04831530331788,111.75619175591365,118.01795883222226
adolescent#010,60.0,142.0,7.2,7.1,6.92567941593723,109.78143010106777,114.08622950697638,121.50253751868003
adolescent#010,60.0,142.0,7.2,7.0,6.92567941593723,122.99200853004456,112.22544338628684,110.99976057247048
adolescent#010,60.0,142.0,7.3,7.3,6.92567941593723,113.64103153984136,117.26536969643817,112.32008033045607
adolescent#010,60.0,142.0,7.3,7.2,6.92567941593723,111.0273313803713,106.79324421673383,127.07578223831021
adolescent#010,60.0,142.0,7.3,7.1,6.92567941593723,113.24231396837665,117.55667732349369,113.20604822523778
