patient,meal,bg_fasting,ins_escada_tc,ins_sts_tc,ins_calc_tc,ESCADA-TC,STS-TC,Tuned Calc.
adolescent#007,60.0,143.0,32.4,32.4,32.44133135945204,96.32852085599492,113.3419253116869,114.6294489592775
adolescent#007,60.0,143.0,29.4,30.5,32.44133135945204,117.25330058106904,109.09148236138384,105.82338758377408
adolescent#007,60.0,143.0,29.5,32.9,32.44133135945204,107.8090349644799,99.57663392915762,107.03738534172226
adolescent#007,60.0,143.0,28.9,29.1,32.44133135945204,109.52688327311692,109.70984599757614,102.26048222422645
adolescent#007,60.0,143.0,28.6,30.7,32.44133135945204,121.40331342411406,108.97211422095441,104.89347462204022
adolescent#007,60.0,143.0,29.3,31.3,32.44133135945204,115.74211486476445,109.0703471417344,107.66255428814472
adolescent#007,60.0,143.0,29.4,28.0,32.44133135945204,107.42348857572043,121.10582053290797,104.91706552644492
adolescent#007,60.0,143.0,29.3,29.7,32.44133135945204,112.33510472462389,109.28852339232722,101.83215269258203
adolescent#007,60.0,143.0,29.3,30.2,32.44133135945204,111.85763232617202,117.34543739929364,104.47589335084304
adolescent#007,60.0,143.0,29.2,28.4,32.44133135945204,121.90863565446107,117.3996537310967,107.32529639704032
adolescent#007,60.0,143.0,29.5,29.3,32.44133135945204,111.17916281127354,113.71101043120916,108.19947465356947
adolescent#007,60.0,143.0,29.4,29.1,32.44133135945204,122.09086487796068,115.60326768293454,107.43034326263168
adolescent#007,60.0,143.0,29.6,30.0,32.44133135945204,111.65906491140093,113.16862210737233,115.69605780938421
adolescent#007,60.0,143.0,29.6,29.0,32.44133135945204,116.07660084934999,116.48231011350632,105.68922931812232
adolescent#007,60.0,143.0,29.6,30.2,32.44133135945204,115.41943708769719,112.02328602136916,107.34230395610308
