patient,meal,bg_fasting,ins_escada_tc,ins_sts_tc,ins_calc_tc,ESCADA-TC,STS-TC,Tuned Calc.
adolescent#002,27.0,141.0,20.2,20.2,20.16317321341166,93.81530785519152,99.77776764344121,95.29347177514491
adolescent#002,27.0,141.0,20.2,18.4,20.16317321341166,101.51123759453914,112.88019296033411,103.02094767517468
adolescent#002,27.0,141.0,20.2,18.8,20.16317321341166,96.77067731711774,98.86110206417824,109.9087536069159
adolescent#002,27.0,141.0,20.2,20.2,20.16317321341166,97.13353921332205,100.96298186120447,99.50178362872323
adolescent#002,27.0,141.0,20.2,16.2,20.16317321341166,101.39679627298061,123.03260056498695,94.57670104178654
adolescent#002,27.0,141.0,20.2,17.6,20.16317321341166,94.53341149420416,111.93513626325827,101.07584069707133
adolescent#002,27.0,141.0,20.0,17.4,20.16317321341166,97.34655891087938,115.31121267183481,96.89730049710417
adolescent#002,27.0,141.0,19.8,18.2,20.16317321341166,96.09020847206094,117.9355903822482,105.24003087675217
adolescent#002,27.0,141.0,19.6,18.2,20.16317321341166,100.49969198802148,111.60327555483963,98.14218425894056
adolescent#002,27.0,141.0,19.6,17.6,20.16317321341166,109.6089881415775,115.0805435310103,100.87906656999391
adolescent#002,27.0,141.0,18.0,18.2,20.16317321341166,114.18710398465798,108.69586209821759,107.80072504294104
adolescent#002,27.0,141.0,17.2,18.0,20.16317321341166,108.662575148627,105.02440304793645,104.65089579986551
adolescent#002,27.0,141.0,15.4,17.8,20.16317321341166,124.20083752272716,111.52754318038522,111.17110306270706
adolescent#002,27.0,141.0,17.4,17.2,20.16317321341166,112.47788038075188,117.85948455146433,93.64826435306509
adolescent#002,27.0,141.0,17.4,17.8,20.16317321341166,112.57143778476419,108.21988273140826,107.79150937305246
