patient,meal,bg_fasting,ins_escada_tc,ins_sts_tc,ins_calc_tc,ESCADA-TC,STS-TC,Tuned Calc.
adolescent#003,51.0,138.0,4.2,4.2,4.160603906675195,123.09246439795935,124.02260226629556,130.80500411107784
adolescent#003,51.0,138.0,4.9,5.0,4.160603906675195,112.57535560891958,102.11035543038028,133.4291188127057
adolescent#003,51.0,138.0,5.1,4.6,4.160603906675195,108.86418695168412,110.25562609397575,135.59399507617502
adolescent#003,51.0,138.0,5.0,4.6,4.160603906675195,98.53325792271828,117.9255817130712,129.27342661912274
adolescent#003,51.0,138.0,4.7,4.8,4.160603906675195,119.65748221483854,104.43434445206061,129.26834145341525
adolescent#003,51.0,138.0,4.8,4.4,4.160603906675195,117.80162603058265,118.46360236169453,146.36848996039893
adolescent#003,51.0,138.0,4.8,4.6,4.160603906675195,115.19930436810236,123.14660586578806,131.8032507359574
adolescent#003,51.0,138.0,4.9,4.8,4.160603906675195,100.75482971395675,116.82723866169988,121.5986582446034
adolescent#003,51.0,138.0,4.8,4.8,4.160603906675195,112.06714935806214,113.17188312698259,119.86527738096854
adolescent#003,51.0,138.0,4.8,4.8,4.160603906675195,119.07659207570117,112.78446852829694,131.0494659397962
adolescent#003,51.0,138.0,4.8,4.8,4.160603906675195,110.80970687345106,111.96818694175752,134.53404462625397
adolescent#003,51.0,138.0,4.8,4.9,4.160603906675195,124.02028530242785,104.91706681206259,124.03126768004444
adolescent#003,51.0,138.0,4.9,4.7,4.160603906675195,111.00274211100368,119.81741427660589,125.35158743803001
adolescent#003,51.0,138.0,4.9,4.7,4.160603906675195,108.38904195153361,107.82152098911712,140.10728934588417
adolescent#003,51.0,138.0,4.8,4.6,4.160603906675195,115.79435854854437,120.83172630205596,126.23755533281172
