patient,meal,bg_fasting,ins_escada_tc,ins_sts_tc,ins_calc_tc,ESCADA-TC,STS-TC,Tuned Calc.
adolescent#007,51.0,129.0,26.8,26.8,26.82072024363799,94.11907780446262,111.13248226015459,112.66518645811047
adolescent#007,51.0,129.0,23.9,24.8,26.82072024363799,116.14909255334275,108.11533330156134,103.85912508260705
adolescent#007,51.0,129.0,24.1,24.1,26.82072024363799,106.29222253342701,106.6685419157038,105.07312284055523
adolescent#007,51.0,129.0,23.6,23.6,26.82072024363799,107.63268635070499,108.69446921434579,100.29621972305942
adolescent#007,51.0,129.0,23.3,21.6,26.82072024363799,119.93110555596624,119.58380803900874,102.92921212087319
adolescent#007,51.0,129.0,23.7,21.9,26.82072024363799,115.30447671941522,120.49334160133981,105.69829178697769
adolescent#007,51.0,129.0,23.8,25.0,26.82072024363799,106.31928054799414,112.29969584383566,102.95280302527789
adolescent#007,51.0,129.0,23.6,26.1,26.82072024363799,111.89746657927466,102.22381532886308,99.867890191415
adolescent#007,51.0,129.0,23.6,22.2,26.82072024363799,111.4199941808228,124.72048913945406,102.51163084967601
adolescent#007,51.0,129.0,23.6,23.9,26.82072024363799,121.18293443728065,113.34047976459307,105.36103389587329
adolescent#007,51.0,129.0,23.8,24.0,26.82072024363799,110.64631042539031,111.9487374949105,106.23521215240244
adolescent#007,51.0,129.0,23.7,24.6,26.82072024363799,121.65322673261146,111.33832669228725,105.46608076146465
adolescent#007,51.0,129.0,23.9,24.1,26.82072024363799,111.40954731972047,113.05315373852854,113.73179530821719
adolescent#007,51.0,129.0,23.8,24.5,26.82072024363799,115.82708325766953,112.24189338307417,103.72496681695529
adolescent#007,51.0,129.0,23.9,23.7,26.82072024363799,115.16991949601673,114.10837196662081,105.37804145493605
