patient,meal,bg_fasting,ins_escada_tc,ins_sts_tc,ins_calc_tc,ESCADA-TC,STS-TC,Tuned Calc.
adolescent#007,31.0,132.0,17.1,17.1,17.060851197026714,90.90914563835273,107.9225500940447,109.84678321339874
adolescent#007,31.0,132.0,15.3,16.2,17.060851197026714,111.43429147992859,103.10567739524188,101.04072183789532
adolescent#007,31.0,132.0,15.2,15.4,17.060851197026714,103.47560516321619,102.48650845905684,102.2547195958435
adolescent#007,31.0,132.0,14.7,16.9,17.060851197026714,105.5225800358347,96.93092801438516,97.47781647834769
adolescent#007,31.0,132.0,14.3,14.8,17.060851197026714,118.27018030873255,109.34152544126404,100.11080887616146
adolescent#007,31.0,132.0,14.6,14.4,17.060851197026714,113.19437040454493,112.9415965753449,102.87988854226596
adolescent#007,31.0,132.0,14.6,14.8,17.060851197026714,104.87574411550091,113.72776076350229,100.13439978056616
adolescent#007,31.0,132.0,14.4,13.8,17.060851197026714,110.75989735336947,111.8751805967369,97.04948694670327
adolescent#007,31.0,132.0,14.4,13.9,17.060851197026714,110.2824249549176,120.80254163038086,99.69322760496428
adolescent#007,31.0,132.0,14.3,14.7,17.060851197026714,120.53822473896965,111.89694333209984,102.54263065116156
adolescent#007,31.0,132.0,14.5,14.7,17.060851197026714,109.68686444195366,111.16326597098964,103.41680890769071
adolescent#007,31.0,132.0,14.4,14.7,17.060851197026714,120.51565750670626,112.4777845848339,102.64767751675292
adolescent#007,31.0,132.0,14.5,14.3,17.060851197026714,110.45010133628382,114.05897396776426,110.91339206350546
adolescent#007,31.0,132.0,14.5,14.3,17.060851197026714,114.86763727423288,114.530930996964,100.90656357224356
adolescent#007,31.0,132.0,14.5,14.6,17.060851197026714,114.21047351258008,111.99826565175051,102.55963821022432
