patient,meal,bg_fasting,ins_escada_tc,ins_sts_tc,ins_calc_tc,ESCADA-TC,STS-TC,Tuned Calc.
adolescent#008,54.0,110.0,48.6,48.6,48.58437664345275,123.57201553653654,129.53447532478623,125.22588840119025
adolescent#008,54.0,110.0,48.6,48.6,48.58437664345275,131.26794527588416,133.60887012016823,132.95336430122003
adolescent#008,54.0,110.0,49.6,50.0,48.58437664345275,125.66804018814534,121.65090503952642,139.84117023296122
adolescent#008,54.0,110.0,50.4,50.4,48.58437664345275,125.52982144084136,129.3592640887238,129.43420025476857
adolescent#008,54.0,110.0,51.0,51.2,48.58437664345275,129.14099100762553,128.78951444465903,124.50911766783187
adolescent#008,54.0,110.0,52.0,50.6,48.58437664345275,121.48726418669476,127.59395271136333,131.00825732311665
adolescent#008,54.0,110.0,52.4,52.2,48.58437664345275,123.99176569132368,127.40280391769136,126.8297171231495
adolescent#008,54.0,110.0,53.2,53.2,48.58437664345275,121.23269638925797,133.82950941667943,135.17244750279752
adolescent#008,54.0,110.0,53.8,48.0,48.58437664345275,124.42391875966223,131.74433268856345,128.0746008849859
adolescent#008,54.0,110.0,54.6,50.8,48.58437664345275,132.80883729696814,130.73935997911536,130.81148319603926
adolescent#008,54.0,110.0,56.0,54.2,48.58437664345275,128.08464900389924,123.85574885549596,137.73314166898638
adolescent#008,54.0,110.0,52.2,55.2,48.58437664345275,119.59126572281525,119.4739231435456,134.58331242591083
adolescent#008,54.0,110.0,52.4,55.8,48.58437664345275,125.32618011386238,124.5724532334093,141.10351968875239
adolescent#008,54.0,110.0,52.4,56.6,48.58437664345275,124.41567486738401,125.6282310129831,123.58068097911043
adolescent#008,54.0,110.0,52.8,57.4,48.58437664345275,124.35643585694234,120.05750762280276,137.72392599909782
