patient,meal,bg_fasting,ins_escada_tc,ins_sts_tc,ins_calc_tc,ESCADA-TC,STS-TC,Tuned Calc.
adolescent#009,58.0,102.0,3.9,3.9,3.936903994701093,136.49584457597228,137.42598244430852,141.2902504723038
adolescent#009,58.0,102.0,3.9,3.9,3.936903994701093,145.0245563307577,137.07789916580222,143.91436517393166
adolescent#009,58.0,102.0,4.2,5.1,3.936903994701093,139.4364197889066,117.18399757480994,146.07924143740098
adolescent#009,58.0,102.0,4.5,5.3,3.936903994701093,124.95882179471072,122.46448343298435,139.7586729803487
adolescent#009,58.0,102.0,5.3,5.8,3.936903994701093,129.58947547853285,108.77919385166724,139.7535878146412
adolescent#009,58.0,102.0,6.1,5.7,3.936903994701093,119.04047757866174,114.64377954541364,156.8537363216249
adolescent#009,58.0,102.0,6.6,6.0,3.936903994701093,111.63264642460388,118.992365870086,142.28849709718335
adolescent#009,58.0,102.0,6.8,6.2,3.936903994701093,99.69866657705637,116.09045553879895,132.08390460582936
adolescent#009,58.0,102.0,6.4,5.7,3.936903994701093,109.42655308597418,117.51673252658922,130.3505237421945
adolescent#009,58.0,102.0,6.3,6.6,3.936903994701093,118.33980895280024,109.21781058479846,141.53471230102215
adolescent#009,58.0,102.0,6.4,6.8,3.936903994701093,108.16911060136312,105.72168979585174,145.01929098747993
adolescent#009,58.0,102.0,6.4,6.8,3.936903994701093,121.37968903033989,103.8609036751622,134.5165140412704
adolescent#009,58.0,102.0,6.4,6.2,3.936903994701093,113.55247984792112,119.08063115370496,135.83683379925597
adolescent#009,58.0,102.0,6.4,5.9,3.936903994701093,110.93877968845105,110.07623963756453,150.59253570711013
adolescent#009,58.0,102.0,6.4,6.8,3.936903994701093,113.1537622764564,109.19213761236904,136.72280169403768
