patient,meal,bg_fasting,ins_escada_tc,ins_sts_tc,ins_calc_tc,ESCADA-TC,STS-TC,Tuned Calc.
adolescent#007,67.0,144.0,34.9,34.9,34.9,101.55955464621644,118.57295910190841,120.10566329986429
adolescent#007,67.0,144.0,31.9,34.6,34.9,122.22345832141308,110.17270305152613,111.29960192436087
adolescent#007,67.0,144.0,33.2,34.9,34.9,109.61115707853719,106.02181776054562,112.51359968230905
adolescent#007,67.0,144.0,32.9,34.8,34.9,110.34218223663838,106.63629626047336,107.73669656481324
adolescent#007,67.0,144.0,32.7,34.2,34.9,121.88797448675363,111.56120200419807,110.36968896262701
adolescent#007,67.0,144.0,33.3,32.4,34.9,116.97288133697867,118.12024025075273,113.13876862873151
adolescent#007,67.0,144.0,33.5,33.4,34.9,107.88701335107658,118.20458556658276,110.39327986703171
adolescent#007,67.0,144.0,33.3,35.0,34.9,113.56587119683812,107.21527025100312,107.30836703316882
adolescent#007,67.0,144.0,33.3,33.5,34.9,113.08839879838625,120.33168626525068,109.95210769142983
adolescent#007,67.0,144.0,33.4,34.7,34.9,122.59431760721127,111.9488766930977,112.80151073762711
adolescent#007,67.0,144.0,33.6,34.1,34.9,111.96082706011445,112.6735588122085,113.67568899415626
adolescent#007,67.0,144.0,33.6,35.0,34.9,122.30117348495854,111.81580042787034,112.90655760321847
adolescent#007,67.0,144.0,33.8,34.8,34.9,112.47208539594384,112.64551071220284,121.17227214997101
adolescent#007,67.0,144.0,33.8,34.6,34.9,116.88962133389289,113.35765072724689,111.16544365870911
adolescent#007,67.0,144.0,33.9,33.8,34.9,115.98169941374698,114.50434016046711,112.81851829668987
