patient,meal,bg_fasting,ins_escada_tc,ins_sts_tc,ins_calc_tc,ESCADA-TC,STS-TC,Tuned Calc.
adolescent#003,28.0,108.0,1.7,1.7,1.7324424478416323,121.42813486940805,122.35827273774427,126.22254076573954
adolescent#003,28.0,108.0,2.1,1.4,1.7324424478416323,118.09345426918088,134.6590124644222,128.8466554673674
adolescent#003,28.0,108.0,2.3,2.2,1.7324424478416323,114.06790433158103,102.3575749075023,131.01153173083674
adolescent#003,28.0,108.0,2.5,1.9,1.7324424478416323,95.56702233475282,121.67987343585635,124.69096327378446
adolescent#003,28.0,108.0,2.2,1.9,1.7324424478416323,117.15252257214622,113.58172771862691,124.68587810807695
adolescent#003,28.0,108.0,2.3,2.1,1.7324424478416323,115.29666638789034,110.62669479706291,141.78602661506065
adolescent#003,28.0,108.0,2.3,2.0,1.7324424478416323,112.69434472541005,120.96793785968931,127.2207873906191
adolescent#003,28.0,108.0,2.3,1.9,1.7324424478416323,103.44020408026984,125.97462192826617,117.01619489926512
adolescent#003,28.0,108.0,2.3,2.0,1.7324424478416323,109.56218971536983,116.38630666466499,115.28281403563025
adolescent#003,28.0,108.0,2.3,2.0,1.7324424478416323,116.57163243300886,115.99889206597933,126.46700259445792
adolescent#003,28.0,108.0,2.3,2.0,1.7324424478416323,108.30474723075875,115.18261047943992,129.9515812809157
adolescent#003,28.0,108.0,2.3,2.0,1.7324424478416323,121.51532565973554,113.32182435875038,119.44880433470615
adolescent#003,28.0,108.0,2.3,2.0,1.7324424478416323,113.68811647731677,123.03183781428828,120.76912409269173
adolescent#003,28.0,108.0,2.3,2.1,1.7324424478416323,111.0744163178467,108.14928564037302,135.5248260005459
adolescent#003,28.0,108.0,2.3,2.1,1.7324424478416323,113.28939890585205,115.76639940953072,121.65509198747344
