patient,meal,bg_fasting,ins_escada_tc,ins_sts_tc,ins_calc_tc,ESCADA-TC,STS-TC,Tuned Calc.
adolescent#008,35.0,124.0,32.2,32.4,34.148231076480975,90.78500912296093,96.74746891121062,89.75035325364362
adolescent#008,35.0,124.0,30.0,30.2,34.148231076480975,101.94158963441802,103.94783174832187,97.4778291536734
adolescent#008,35.0,124.0,28.0,29.8,34.148231076480975,100.80615351293065,93.85818734027121,104.3656350854146
adolescent#008,35.0,124.0,26.0,32.6,34.148231076480975,105.33965271103581,97.35153385876767,93.95866510722195
adolescent#008,35.0,124.0,24.0,27.2,34.148231076480975,114.55998740154055,106.83225418288788,89.03358252028525
adolescent#008,35.0,124.0,24.0,27.0,34.148231076480975,107.6966026227641,105.56577051891286,95.53272217557004
adolescent#008,35.0,124.0,23.0,26.0,34.148231076480975,113.43058452596526,108.8099138757364,91.35418197560288
adolescent#008,35.0,124.0,23.2,24.2,34.148231076480975,111.27648991124903,120.95246845214456,99.69691235525089
adolescent#008,35.0,124.0,23.0,26.2,34.148231076480975,114.76426447024437,109.21551845206463,92.59906573743928
adolescent#008,35.0,124.0,23.2,26.0,34.148231076480975,123.87356062380039,110.87764325250029,95.33594804849263
adolescent#008,35.0,124.0,24.0,25.8,34.148231076480975,117.20398205455434,107.21081008298782,102.25760652143975
adolescent#008,35.0,124.0,24.2,25.6,34.148231076480975,105.95545331170648,104.00258243586639,99.10777727836422
adolescent#008,35.0,124.0,23.8,23.0,34.148231076480975,112.3986052276414,116.33830447530295,105.62798454120578
adolescent#008,35.0,124.0,23.8,24.0,34.148231076480975,111.48809998116303,115.15236271454381,88.1051458315638
adolescent#008,35.0,124.0,23.8,25.6,34.148231076480975,111.58165738517533,106.07111085783363,102.24839085155118
