patient,meal,bg_fasting,ins_escada_tc,ins_sts_tc,ins_calc_tc,ESCADA-TC,STS-TC,Tuned Calc.
adolescent#010,42.0,100.0,3.8,3.8,3.8077629593486315,116.8420821253111,117.77221999364731,119.65606530554872
adolescent#010,42.0,100.0,2.9,3.3,3.8077629593486315,145.27229312889767,128.00280521912492,122.2801800071766
adolescent#010,42.0,100.0,4.1,4.2,3.8077629593486315,118.36540231539968,102.98895005486638,124.44505627064592
adolescent#010,42.0,100.0,4.2,3.9,3.8077629593486315,104.36835044997927,116.21992822576395,118.12448781359365
adolescent#010,42.0,100.0,4.1,4.1,3.8077629593486315,121.45002055596487,106.22688279318695,118.11940264788613
adolescent#010,42.0,100.0,4.2,4.1,3.8077629593486315,115.92804153525442,112.09146848693334,135.21955115486983
adolescent#010,42.0,100.0,4.2,4.2,3.8077629593486315,113.32571987277413,115.87992982667869,120.65431193042828
adolescent#010,42.0,100.0,4.2,3.9,3.8077629593486315,104.07157922763392,120.51467671817377,110.4497194390743
adolescent#010,42.0,100.0,4.2,3.9,3.8077629593486315,110.19356486273391,116.85932118345649,108.71633857543944
adolescent#010,42.0,100.0,4.2,4.0,3.8077629593486315,117.20300758037294,114.57700686942327,119.90052713426711
adolescent#010,42.0,100.0,4.2,4.1,3.8077629593486315,108.93612237812283,113.76072528288385,123.38510582072487
adolescent#010,42.0,100.0,4.2,4.0,3.8077629593486315,122.14670080709962,111.89993916219431,112.88232887451534
adolescent#010,42.0,100.0,4.2,4.2,3.8077629593486315,114.31949162468085,117.94382978127766,114.20264863250091
adolescent#010,42.0,100.0,4.2,4.1,3.8077629593486315,111.70579146521078,109.61405933024345,128.95835054035507
adolescent#010,42.0,100.0,4.2,4.0,3.8077629593486315,113.92077405321614,117.23117309940116,115.08861652728262
