patient,meal,bg_fasting,ins_escada_tc,ins_sts_tc,ins_calc_tc,ESCADA-TC,STS-TC,Tuned Calc.
adolescent#005,42.0,100.0,5.4,5.4,5.402155021659168,126.5592246075165,127.48936247585272,131.353630503848
adolescent#005,42.0,100.0,4.7,5.6,5.402155021659168,145.08407044844665,125.79486136350258,133.97774520547586
adolescent#005,42.0,100.0,6.2,6.4,5.402155021659168,123.6609238788556,109.57858460533443,136.14262146894518
adolescent#005,42.0,100.0,6.6,6.4,5.402155021659168,109.79855777380295,117.24854022442987,129.8220530118929
adolescent#005,42.0,100.0,6.6,6.0,5.402155021659168,123.21410504333399,113.96710115365268,129.8169678461854
adolescent#005,42.0,100.0,6.9,6.5,5.402155021659168,116.89146645813831,113.85555297430246,146.9171163531691
adolescent#005,42.0,100.0,7.2,6.8,5.402155021659168,111.1111562741157,117.93494223558223,132.35187712872755
adolescent#005,42.0,100.0,7.2,6.5,5.402155021659168,101.85701562897549,120.38386149019533,122.14728463737356
adolescent#005,42.0,100.0,6.9,6.6,5.402155021659168,111.1569897856178,116.72850595547804,120.4139037737387
adolescent#005,42.0,100.0,6.9,7.0,5.402155021659168,118.16643250325683,110.79902286844776,131.59809233256635
adolescent#005,42.0,100.0,7.0,7.2,5.402155021659168,108.82426121360189,107.88003884777086,135.08267101902413
adolescent#005,42.0,100.0,6.9,7.2,5.402155021659168,123.11012572998351,106.01925272708132,124.5798940728146
adolescent#005,42.0,100.0,7.0,7.4,5.402155021659168,114.2076304601599,113.6886891865226,125.90021383080017
adolescent#005,42.0,100.0,7.0,6.3,5.402155021659168,111.59393030068983,114.90958089369937,140.6559157386543
adolescent#005,42.0,100.0,7.0,6.9,5.402155021659168,113.80891288869519,114.52847518583047,126.78618172558188
