patient,meal,bg_fasting,ins_escada_tc,ins_sts_tc,ins_calc_tc,ESCADA-TC,STS-TC,Tuned Calc.
adolescent#005,63.0,126.0,9.6,9.6,9.645672576608098,133.5989909243972,134.52912879273345,137.20270913470915
adolescent#005,63.0,126.0,11.2,11.2,9.645672576608098,124.91800053112473,116.97134336616926,139.826823836337
adolescent#005,63.0,126.0,12.6,12.0,9.645672576608098,111.46360639969696,103.86997332000992,141.99170009980634
adolescent#005,63.0,126.0,13.2,11.9,9.645672576608098,96.53804382639471,112.39676953942048,135.67113164275406
adolescent#005,63.0,126.0,12.2,11.4,9.645672576608098,117.81949084662594,108.76049066560739,135.66604647704656
adolescent#005,63.0,126.0,12.3,11.4,9.645672576608098,114.30626237526134,114.62507635935378,152.76619498403025
adolescent#005,63.0,126.0,12.4,11.4,9.645672576608098,110.89164570761216,122.0796605355537,138.2009557595887
adolescent#005,63.0,126.0,12.3,11.4,9.645672576608098,102.44980006764084,121.15338487524666,127.99636326823472
adolescent#005,63.0,126.0,12.2,11.7,9.645672576608098,110.22915798984954,115.67698910098395,126.26298240459985
adolescent#005,63.0,126.0,12.2,12.0,9.645672576608098,117.23860070748857,111.79190729811225,137.4471709634275
adolescent#005,63.0,126.0,12.2,12.4,9.645672576608098,108.97171550523848,107.66052828126732,140.9317496498853
adolescent#005,63.0,126.0,12.2,12.3,9.645672576608098,122.18229393421525,106.61203716574667,130.42897270367575
adolescent#005,63.0,126.0,12.3,11.6,9.645672576608098,112.69771246468777,123.22686166977678,131.74929246166133
adolescent#005,63.0,126.0,12.3,11.9,9.645672576608098,110.0840123052177,107.68580035924754,146.5049943695155
adolescent#005,63.0,126.0,12.3,11.6,9.645672576608098,112.29899489322305,118.84808215144571,132.63526035644304
