patient,meal,bg_fasting,ins_escada_tc,ins_sts_tc,ins_calc_tc,ESCADA-TC,STS-TC,Tuned Calc.
adolescent#004,40.0,114.0,6.7,6.7,6.735403113406188,118.43743605536416,119.36757392370038,123.23184195169564
adolescent#004,40.0,114.0,7.1,7.2,6.735403113406188,123.55649986731163,113.42276845453098,125.85595665332352
adolescent#004,40.0,114.0,5.5,7.3,6.735403113406188,141.06709399250224,107.3978864186863,128.02083291679284
adolescent#004,40.0,114.0,7.8,6.8,6.735403113406188,103.67805545229179,120.57890576133671,121.70026445974057
adolescent#004,40.0,114.0,7.4,7.5,6.735403113406188,121.14092498166816,104.88213179719209,121.69517929403305
adolescent#004,40.0,114.0,7.6,7.6,6.735403113406188,118.24941337571413,110.74671749093848,138.79532780101675
adolescent#004,40.0,114.0,7.7,7.2,6.735403113406188,113.62365327829292,121.3572503235684,124.2300885765752
adolescent#004,40.0,114.0,7.7,7.3,6.735403113406188,104.36951263315271,119.36259053019157,114.02549608522122
adolescent#004,40.0,114.0,7.6,7.5,6.735403113406188,112.51493670319361,113.61967047211407,112.29211522158636
adolescent#004,40.0,114.0,7.6,7.2,6.735403113406188,119.52437942083264,116.38820452985841,123.47630378041403
adolescent#004,40.0,114.0,7.7,7.2,6.735403113406188,109.23405578364162,115.571922943319,126.9608824668718
adolescent#004,40.0,114.0,7.7,7.6,6.735403113406188,122.44463421261841,110.55518816619946,116.45810552066226
adolescent#004,40.0,114.0,7.7,7.5,6.735403113406188,114.61742503019964,120.26520162173736,117.77842527864783
adolescent#004,40.0,114.0,7.7,7.5,6.735403113406188,112.00372487072957,108.26930833424859,132.53412718650196
adolescent#004,40.0,114.0,7.7,7.6,6.735403113406188,114.21870745873493,115.88642210340629,118.66439317342954
