patient,meal,bg_fasting,ins_escada_tc,ins_sts_tc,ins_calc_tc,ESCADA-TC,STS-TC,Tuned Calc.
adolescent#006,35.0,124.0,5.2,5.4,5.649841137354299,99.62566369161202,97.96403774459904,99.32798462136786
adolescent#006,35.0,124.0,4.9,5.2,5.649841137354299,112.22007469787653,100.20771828144194,101.95209932299574
adolescent#006,35.0,124.0,5.0,4.9,5.649841137354299,109.64781729302992,99.31691963014616,104.11697558646506
adolescent#006,35.0,124.0,4.9,4.8,5.649841137354299,100.69632002525906,109.82068144691631,97.79640712941278
adolescent#006,35.0,124.0,4.8,4.6,5.649841137354299,116.94567349246479,104.65910390070498,97.79132196370527
adolescent#006,35.0,124.0,4.8,3.9,5.649841137354299,115.08981730820891,119.98197680906775,114.89147047068899
adolescent#006,35.0,124.0,4.8,4.1,5.649841137354299,112.48749564572861,125.79040176470703,100.32623124624742
adolescent#006,35.0,124.0,4.8,4.2,5.649841137354299,103.2333550005884,121.65664375725558,90.12163875489344
adolescent#006,35.0,124.0,4.8,4.4,5.649841137354299,109.35534063568839,114.90448860130299,88.38825789125858
adolescent#006,35.0,124.0,4.8,4.5,5.649841137354299,116.36478335332743,113.0092279769413,99.57244645008625
adolescent#006,35.0,124.0,4.8,4.6,5.649841137354299,108.09789815107732,112.19294639040189,103.05702513654401
adolescent#006,35.0,124.0,4.8,4.4,5.649841137354299,121.3084765800541,111.84000629538838,92.55424819033448
adolescent#006,35.0,124.0,4.8,4.4,5.649841137354299,113.48126739763534,121.55001975092628,93.87456794832005
adolescent#006,35.0,124.0,4.8,4.4,5.649841137354299,110.86756723816526,109.55412646343751,108.6302698561742
adolescent#006,35.0,124.0,4.8,4.4,5.649841137354299,113.08254982617062,117.17124023259521,94.76053584310176
