patient,meal,bg_fasting,ins_escada_tc,ins_sts_tc,ins_calc_tc,ESCADA-TC,STS-TC,Tuned Calc.
adolescent#002,60.0,142.0,42.2,42.2,42.23907402791733,128.35387213886978,134.31633192711945,129.83203605882315
adolescent#002,60.0,142.0,42.2,43.6,42.23907402791733,136.04980187821738,135.87791079378863,137.55951195885294
adolescent#002,60.0,142.0,44.2,45.4,42.23907402791733,127.76083755382012,122.40529783605005,144.44731789059412
adolescent#002,60.0,142.0,45.4,46.2,42.23907402791733,126.45012003656579,128.66828421112248,134.04034791240147
adolescent#002,60.0,142.0,46.4,47.2,42.23907402791733,129.1020986228986,127.35874073636754,129.11526532546478
adolescent#002,60.0,142.0,47.8,48.4,42.23907402791733,120.0817020064393,124.18343752926171,135.61440498074955
adolescent#002,60.0,142.0,48.4,49.0,42.23907402791733,122.00387395310659,124.10300883463243,131.4358647807824
adolescent#002,60.0,142.0,49.2,50.0,42.23907402791733,118.4071918956632,129.8866874404161,139.77859516043043
adolescent#002,60.0,142.0,49.6,48.8,42.23907402791733,121.33237247290793,125.53105512364834,132.6807485426188
adolescent#002,60.0,142.0,50.4,47.4,42.23907402791733,129.61243674248612,128.82473751163852,135.41763085367216
adolescent#002,60.0,142.0,51.6,51.6,42.23907402791733,123.99564023094776,118.50439834450736,142.33928932661928
adolescent#002,60.0,142.0,52.8,52.4,42.23907402791733,111.46708950695819,113.8052939198263,139.18946008354374
adolescent#002,60.0,142.0,52.8,52.6,42.23907402791733,117.35580065722974,118.92910618402873,145.7096673463853
adolescent#002,60.0,142.0,53.2,52.0,42.23907402791733,115.69806493185904,121.42674932221377,128.18682863674334
adolescent#002,60.0,142.0,53.4,53.4,42.23907402791733,115.5457801043277,114.6283730246158,142.33007365673072
