patient,meal,bg_fasting,ins_escada_tc,ins_sts_tc,ins_calc_tc,ESCADA-TC,STS-TC,Tuned Calc.
adult#004,35.0,124.0,2.6,2.6,2.4571152382215837,121.79705934804886,122.72719721638508,132.52634908694944
adult#004,35.0,124.0,2.6,2.7,2.4571152382215837,130.32577110283427,119.51895707658926,135.1504637885773
adult#004,35.0,124.0,2.7,2.7,2.4571152382215837,126.2727885978931,114.56245917381436,137.31534005204662
adult#004,35.0,124.0,2.7,2.7,2.4571152382215837,115.94185956892726,122.23241479290981,130.99477159499435
adult#004,35.0,124.0,2.7,2.7,2.4571152382215837,129.3574068384583,114.13426907568036,130.98968642928685
adult#004,35.0,124.0,2.8,2.7,2.4571152382215837,127.5015506542024,119.99885476942676,148.08983493627053
adult#004,35.0,124.0,2.8,2.7,2.4571152382215837,124.89922899172211,127.45343894562667,133.524595711829
adult#004,35.0,124.0,2.9,2.7,2.4571152382215837,112.85566852804959,126.52716328531963,123.320003220475
adult#004,35.0,124.0,2.9,2.7,2.4571152382215837,118.97765416314958,122.87180775060234,121.58662235684014
adult#004,35.0,124.0,2.9,2.8,2.4571152382215837,125.98709688078861,122.48439315191669,132.7708109156678
adult#004,35.0,124.0,2.9,2.8,2.4571152382215837,117.7202116785385,121.66811156537727,136.25538960212558
adult#004,35.0,124.0,3.0,2.8,2.4571152382215837,125.56137712901835,119.80732544468773,125.75261265591604
adult#004,35.0,124.0,3.0,2.9,2.4571152382215837,117.73416794659958,126.72791908169333,127.07293241390161
adult#004,35.0,124.0,3.0,2.9,2.4571152382215837,115.12046778712951,114.73202579420456,141.82863432175577
adult#004,35.0,124.0,3.0,2.9,2.4571152382215837,117.33545037513487,122.34913956336226,127.95890030868333
