patient,meal,bg_fasting,ins_escada_tc,ins_sts_tc,ins_calc_tc,ESCADA-TC,STS-TC,Tuned Calc.
adult#004,60.0,143.0,4.5,4.5,4.465066501370287,130.2567963070848,131.18693417542104,137.91347387031263
adult#004,60.0,143.0,4.9,4.9,4.465066501370287,127.98936277272708,120.04270560777161,140.5375885719405
adult#004,60.0,143.0,5.3,4.9,4.465066501370287,119.36580677011203,115.08620770499671,142.7024648354098
adult#004,60.0,143.0,5.4,5.0,4.465066501370287,104.38630787254048,120.21706497228092,136.38189637835754
adult#004,60.0,143.0,5.2,5.1,4.465066501370287,122.45042501067722,112.11891925505148,136.37681121265004
adult#004,60.0,143.0,5.3,5.1,4.465066501370287,120.59456882642134,117.98350494879787,153.47695971963373
adult#004,60.0,143.0,5.4,5.1,4.465066501370287,113.34367729533534,125.43808912499779,138.91172049519218
adult#004,60.0,143.0,5.4,5.2,4.465066501370287,104.08953665019513,119.62018145753856,128.7071280038382
adult#004,60.0,143.0,5.3,5.1,4.465066501370287,114.86009215390082,120.85645792997346,126.97374714020333
adult#004,60.0,143.0,5.3,5.2,4.465066501370287,121.86953487153986,115.57741132413562,138.157935699031
adult#004,60.0,143.0,5.4,5.3,4.465066501370287,108.95407980068404,114.7611297375962,141.64251438548877
adult#004,60.0,143.0,5.4,5.2,4.465066501370287,122.16465822966083,112.90034361690667,131.13973743927923
adult#004,60.0,143.0,5.4,5.3,4.465066501370287,114.33744904724206,122.61035707244457,132.4600571972648
adult#004,60.0,143.0,5.4,5.4,4.465066501370287,111.72374888777199,105.9658939163501,147.21575910511893
adult#004,60.0,143.0,5.4,5.3,4.465066501370287,113.93873147577735,118.2315775541135,133.34602509204652
