patient,meal,bg_fasting,ins_escada_tc,ins_sts_tc,ins_calc_tc,ESCADA-TC,STS-TC,Tuned Calc.
adult#010,24.0,102.0,11.0,11.0,11.018012875994733,96.02002924333854,113.03343369903051,114.56613789698639
adult#010,24.0,102.0,8.5,10.4,11.018012875994733,118.21498098601279,106.24878685263604,105.76007652148297
adult#010,24.0,102.0,8.4,10.6,11.018012875994733,109.74083754592246,102.22296299512064,106.97407427943115
adult#010,24.0,102.0,7.9,8.4,11.018012875994733,111.46134817386185,110.49255429929451,102.19717116193534
adult#010,24.0,102.0,7.7,9.3,11.018012875994733,123.57330407864548,110.70107612874564,104.83016355974911
adult#010,24.0,102.0,8.5,12.1,11.018012875994733,116.7037952697082,102.90641634049233,107.59924322585361
adult#010,24.0,102.0,8.7,10.7,11.018012875994733,107.98880609347134,110.34493549103532,104.85375446415381
adult#010,24.0,102.0,8.5,12.2,11.018012875994733,113.29678512956764,98.49122620495686,101.76884163029092
adult#010,24.0,102.0,8.6,10.3,11.018012875994733,112.81931273111577,114.04488105397562,104.41258228855193
adult#010,24.0,102.0,8.6,9.2,11.018012875994733,122.58225298757363,113.06357266767685,107.26198533474921
adult#010,24.0,102.0,8.8,5.0,11.018012875994733,111.53024376877337,130.20873534160157,108.13616359127836
adult#010,24.0,102.0,8.8,9.7,11.018012875994733,121.87059019361746,111.75523079554502,107.36703220034057
adult#010,24.0,102.0,9.0,8.8,11.018012875994733,111.5172724927073,114.92104712708127,115.63274674709311
adult#010,24.0,102.0,9.0,9.0,11.018012875994733,115.93480843065636,114.61679598588478,105.62591825583121
adult#010,24.0,102.0,9.0,9.4,11.018012875994733,115.27764466900356,112.02466255555872,107.27899289381197
