patient,meal,bg_fasting,ins_escada_tc,ins_sts_tc,ins_calc_tc,ESCADA-TC,STS-TC,Tuned Calc.
adult#007,65.0,103.0,2.6,2.6,2.5912995833087815,145.11362774395997,146.0437656122962,152.63412752986594
adult#007,65.0,103.0,2.8,3.3,2.5912995833087815,150.96374189519358,130.3513270972242,155.2582422314938
adult#007,65.0,103.0,3.1,3.7,2.5912995833087815,139.54009444974795,113.94093399432435,157.42311849496312
adult#007,65.0,103.0,3.6,3.8,2.5912995833087815,117.51629441938253,121.6108896134198,151.10255003791085
adult#007,65.0,103.0,4.0,4.1,2.5912995833087815,122.42531326347712,107.2021755006992,151.09746487220335
adult#007,65.0,103.0,4.3,4.1,2.5912995833087815,116.5884114407509,113.06676119444559,168.19761337918703
adult#007,65.0,103.0,4.5,4.0,2.5912995833087815,108.34233158445082,120.5213453706455,153.6323741547455
adult#007,65.0,103.0,4.4,4.3,2.5912995833087815,100.92652917134835,115.61402407186813,143.4277816633915
adult#007,65.0,103.0,4.2,4.1,2.5912995833087815,110.85393476823039,115.93971417562118,141.69440079975664
adult#007,65.0,103.0,4.2,4.3,2.5912995833087815,117.86337748586942,111.57125393846519,152.8785893585843
adult#007,65.0,103.0,4.3,4.2,2.5912995833087815,109.59649228361931,110.75497235192577,156.36316804504207
adult#007,65.0,103.0,4.2,4.0,2.5912995833087815,122.8070707125961,112.87523186970657,145.86039109883254
adult#007,65.0,103.0,4.3,4.4,2.5912995833087815,114.97986153017733,114.79877972499209,147.1807108568181
adult#007,65.0,103.0,4.3,4.4,2.5912995833087815,112.36616137070726,102.80288643750332,161.93641276467224
adult#007,65.0,103.0,4.3,4.2,2.5912995833087815,114.58114395871262,114.22542016844307,148.06667875159982
