patient,meal,bg_fasting,ins_escada_tc,ins_sts_tc,ins_calc_tc,ESCADA-TC,STS-TC,Tuned Calc.
adult#010,60.0,142.0,32.8,32.8,32.758916205538604,103.74186108414864,120.75526553984061,122.28796973779649
adult#010,60.0,142.0,30.3,32.0,32.758916205538604,122.83752867821434,113.60355348515264,113.48190836229307
adult#010,60.0,142.0,32.3,32.3,32.758916205538604,109.05694012025646,109.43325950253325,114.69590612024125
adult#010,60.0,142.0,31.6,28.9,32.758916205538604,110.25518172204072,118.87935872562511,109.91900300274544
adult#010,60.0,142.0,31.2,34.9,32.758916205538604,122.56378432246659,107.38731190898173,112.5519954005592
adult#010,60.0,142.0,32.4,28.8,32.758916205538604,116.17085456151159,124.26405531252942,115.32107506666371
adult#010,60.0,142.0,32.8,31.3,32.758916205538604,106.8709027855985,120.18389268602662,112.5755863049639
adult#010,60.0,142.0,32.3,35.0,32.758916205538604,113.01165423855738,104.5210517240537,109.49067347110102
adult#010,60.0,142.0,32.3,33.4,32.758916205538604,112.53418184010552,117.8727418683437,112.13441412936203
adult#010,60.0,142.0,32.3,33.5,32.758916205538604,122.29712209656337,111.97590079140642,114.98381717555931
adult#010,60.0,142.0,32.9,33.1,32.758916205538604,110.95505852812202,112.19271648738136,115.85799543208846
adult#010,60.0,142.0,32.8,34.3,32.758916205538604,121.53827908783875,110.92887345289135,115.08886404115067
adult#010,60.0,142.0,33.3,34.6,32.758916205538604,110.75642959519992,110.13409636175457,123.3545785879032
adult#010,60.0,142.0,33.2,34.4,32.758916205538604,115.17396553314897,111.28766418058339,113.3477500966413
adult#010,60.0,142.0,33.4,33.2,32.758916205538604,114.2787079021922,112.78868435972319,115.00082473462207
