patient,meal,bg_fasting,ins_escada_tc,ins_sts_tc,ins_calc_tc,ESCADA-TC,STS-TC,Tuned Calc.
adult#005,60.0,142.0,23.6,23.6,23.583895186487148,121.67451027852638,138.68791473421837,140.65893352187933
adult#005,60.0,142.0,24.6,24.1,23.583895186487148,130.3275651211816,127.63803434336936,131.85287214637592
adult#005,60.0,142.0,26.6,27.2,23.583895186487148,113.25064919394242,111.26745628564291,133.0668699043241
adult#005,60.0,142.0,27.6,27.9,23.583895186487148,109.03321399143958,109.32850438362513,128.2899667868283
adult#005,60.0,142.0,28.5,28.7,23.583895186487148,116.90457583370628,109.6519265157745,130.92295918464205
adult#005,60.0,142.0,29.6,28.5,23.583895186487148,109.25581214885696,112.06885162791282,133.69203885074657
adult#005,60.0,142.0,28.9,28.8,23.583895186487148,103.86022186598191,113.66757383226285,130.94655008904675
adult#005,60.0,142.0,28.0,28.2,23.583895186487148,111.76991368469592,109.10308621395899,127.86163725518387
adult#005,60.0,142.0,28.0,28.2,23.583895186487148,111.29244128624406,118.54624883566731,130.50537791344487
adult#005,60.0,142.0,27.9,27.5,23.583895186487148,121.81696960656,115.7926746980306,133.35478095964214
adult#005,60.0,142.0,28.3,29.0,23.583895186487148,110.0520594392778,109.41009070977087,134.22895921617132
adult#005,60.0,142.0,28.2,27.8,23.583895186487148,120.76895222373348,115.22192606898354,133.45982782523353
adult#005,60.0,142.0,28.6,28.4,23.583895186487148,109.6928471295932,113.44286279758569,141.72554237198605
adult#005,60.0,142.0,28.4,27.7,23.583895186487148,115.23283227155702,116.19230603092811,131.71871388072415
adult#005,60.0,142.0,28.5,28.4,23.583895186487148,113.82617520505651,112.84755109813123,133.3717885187049
