patient,meal,bg_fasting,ins_escada_tc,ins_sts_tc,ins_calc_tc,ESCADA-TC,STS-TC,Tuned Calc.
adult#004,28.0,108.0,1.6,1.6,1.6444983850437283,122.8261560875696,123.75629395590582,127.62056198390108
adult#004,28.0,108.0,1.7,1.7,1.6444983850437283,128.4038008944212,120.45714372946573,130.24467668552896
adult#004,28.0,108.0,1.8,1.7,1.6444983850437283,124.33349906320122,115.50064582669083,132.40955294899828
adult#004,28.0,108.0,1.8,1.7,1.6444983850437283,114.00257003423538,123.17060144578628,126.08898449194601
adult#004,28.0,108.0,1.8,1.7,1.6444983850437283,127.41811730376641,115.07245572855683,126.0838993262385
adult#004,28.0,108.0,1.8,1.8,1.6444983850437283,125.56226111951052,118.05956523473488,143.1840478332222
adult#004,28.0,108.0,1.9,1.8,1.6444983850437283,122.95993945703023,125.51414941093479,128.61880860878065
adult#004,28.0,108.0,1.9,1.8,1.6444983850437283,113.70579881189002,124.58787375062775,118.41421611742666
adult#004,28.0,108.0,1.9,1.8,1.6444983850437283,119.82778444699001,120.93251821591046,116.6808352537918
adult#004,28.0,108.0,1.9,1.8,1.6444983850437283,126.83722716462904,120.54510361722481,127.86502381261947
adult#004,28.0,108.0,2.0,1.9,1.6444983850437283,113.03321916764153,119.7288220306854,131.34960249907724
adult#004,28.0,108.0,2.0,1.9,1.6444983850437283,126.24379759661832,117.86803590999585,120.8468255528677
adult#004,28.0,108.0,2.0,2.0,1.6444983850437283,118.41658841419955,122.04092657079636,122.16714531085327
adult#004,28.0,108.0,2.0,2.1,1.6444983850437283,115.80288825472948,107.38376265753695,136.92284721870743
adult#004,28.0,108.0,2.0,2.1,1.6444983850437283,118.01787084273484,115.00087642669465,123.05311320563499
