patient,meal,bg_fasting,ins_escada_tc,ins_sts_tc,ins_calc_tc,ESCADA-TC,STS-TC,Tuned Calc.
adult#006,24.0,102.0,3.4,3.4,3.423497622519294,117.31123529133829,118.24137315967451,122.10564118766978
adult#006,24.0,102.0,3.8,3.7,3.423497622519294,122.6455978150436,114.69894065008813,124.72975588929765
adult#006,24.0,102.0,2.4,4.1,3.423497622519294,136.96490358686466,106.62000458046536,126.89463215276697
adult#006,24.0,102.0,4.4,3.6,3.423497622519294,103.94883472891793,118.46921770262456,120.5740636957147
adult#006,24.0,102.0,4.1,3.5,3.423497622519294,121.41495224510929,111.43586210440961,120.56897853000719
adult#006,24.0,102.0,4.3,3.2,3.423497622519294,117.51766283194318,120.54242641617078,137.6691270369909
adult#006,24.0,102.0,4.4,3.8,3.423497622519294,112.90620415171279,122.63342251912555,123.10388781254933
adult#006,24.0,102.0,4.4,4.1,3.423497622519294,103.65206350657257,118.58470869197063,112.89929532119535
adult#006,24.0,102.0,4.3,4.4,3.423497622519294,111.78318615942267,110.87878291059302,111.16591445756049
adult#006,24.0,102.0,4.3,4.3,3.423497622519294,118.7926288770617,112.50050532965747,122.35010301638816
adult#006,24.0,102.0,4.3,4.1,3.423497622519294,110.5257436748116,113.72565697202828,125.83468170284593
adult#006,24.0,102.0,4.3,4.3,3.423497622519294,123.73632210378838,109.82343762242851,115.33190475663639
adult#006,24.0,102.0,4.4,2.8,3.423497622519294,113.8999759036195,135.62145382764058,116.65222451462196
adult#006,24.0,102.0,4.4,4.0,3.423497622519294,111.28627574414944,109.57899101938787,131.40792642247612
adult#006,24.0,102.0,4.4,4.1,3.423497622519294,113.50125833215479,117.19610478854557,117.53819240940368
