patient,meal,bg_fasting,ins_escada_tc,ins_sts_tc,ins_calc_tc,ESCADA-TC,STS-TC,Tuned Calc.
child#009,27.0,141.0,1.4,1.4,1.4069759234123889,73.15287090434323,74.08300877267945,75.31175946658986
child#009,27.0,141.0,0.9,0.9,1.4069759234123889,112.1554337031871,104.20877653823163,77.93587416821774
child#009,27.0,141.0,0.9,0.75,1.4069759234123889,110.96260805953547,112.18374002440565,80.10075043168706
child#009,27.0,141.0,0.9,0.75,1.4069759234123889,100.63167903056963,119.8536956435011,73.78018197463479
child#009,27.0,141.0,0.8,0.95,1.4069759234123889,122.51748344069073,98.82408853732274,73.77509680892727
child#009,27.0,141.0,0.85,0.85,1.4069759234123889,116.35036329526456,108.84766741048891,90.87524531591099
child#009,27.0,141.0,0.85,0.8,1.4069759234123889,113.74804163278426,120.61351554785911,76.31000609146942
child#009,27.0,141.0,0.85,0.5,1.4069759234123889,104.49390098764405,148.59316999040735,66.10541360011544
child#009,27.0,141.0,0.85,0.8,1.4069759234123889,110.61588662274404,116.03188435283478,64.37203273648058
child#009,27.0,141.0,0.85,0.8,1.4069759234123889,117.62532934038308,115.64446975414913,75.55622129530825
child#009,27.0,141.0,0.85,0.85,1.4069759234123889,109.35844413813297,110.51692420643943,79.04079998176601
child#009,27.0,141.0,0.85,0.85,1.4069759234123889,122.56902256710976,108.65613808574989,68.53802303555648
child#009,27.0,141.0,0.85,0.85,1.4069759234123889,114.74181338469099,118.36615154128779,69.85834279354205
child#009,27.0,141.0,0.85,0.85,1.4069759234123889,112.12811322522091,106.37025825379902,84.6140447013962
child#009,27.0,141.0,0.85,0.8,1.4069759234123889,114.34309581322627,118.298635984127,70.74431068832376
