patient,meal,bg_fasting,ins_escada_tc,ins_sts_tc,ins_calc_tc,ESCADA-TC,STS-TC,Tuned Calc.
child#002,35.0,124.0,3.25,3.25,2.4990231483636656,96.71761867748482,97.64775654582104,126.48258157990242
child#002,35.0,124.0,2.9,2.8,2.4990231483636656,116.7021151176412,111.93576705448493,129.1066962815303
child#002,35.0,124.0,2.95,2.9,2.4990231483636656,112.4581105828804,103.79896004991083,131.2715725449996
child#002,35.0,124.0,2.95,2.85,2.4990231483636656,102.12718155391455,111.46891566900628,124.95100408794734
child#002,35.0,124.0,2.9,2.75,2.4990231483636656,118.59390771455476,106.55107905357603,124.94591892223983
child#002,35.0,124.0,2.9,2.75,2.4990231483636656,116.73805153029888,112.41566474732242,142.04606742922354
child#002,35.0,124.0,2.95,2.75,2.4990231483636656,111.08455097670941,119.87024892352234,127.48082820478197
child#002,35.0,124.0,2.95,2.85,2.4990231483636656,101.8304103315692,115.7636641614161,117.276235713428
child#002,35.0,124.0,2.9,2.7,2.4990231483636656,111.00357485777836,116.92785546318598,115.54285484979313
child#002,35.0,124.0,2.9,2.85,2.4990231483636656,118.0130175754174,111.72089402801316,126.7270434086208
child#002,35.0,124.0,2.9,2.75,2.4990231483636656,109.74613237316728,114.08492154327294,130.21162209507855
child#002,35.0,124.0,2.9,2.8,2.4990231483636656,122.95671080214407,112.2241354225834,119.70884514886902
child#002,35.0,124.0,2.9,2.75,2.4990231483636656,115.1295016197253,121.9341488781213,121.0291649068546
child#002,35.0,124.0,2.95,2.8,2.4990231483636656,109.46462256914606,109.93825559063254,135.78486681470875
child#002,35.0,124.0,2.9,2.75,2.4990231483636656,114.73078404826059,117.55536935979023,121.91513280163632
