patient,meal,bg_fasting,ins_escada_tc,ins_sts_tc,ins_calc_tc,ESCADA-TC,STS-TC,Tuned Calc.
child#001,24.0,102.0,0.55,0.55,0.5413203396704278,127.94598785729941,128.87612572563563,140.28182981625932
child#001,24.0,102.0,0.9,0.9,0.5413203396704278,95.17794466553335,87.23128750057788,142.90594451788718
child#001,24.0,102.0,0.7,0.6,0.5413203396704278,121.4975531703913,123.57154454435444,145.0708207813565
child#001,24.0,102.0,0.75,0.7,0.5413203396704278,99.03371992067184,117.45717936540801,138.75025232430423
child#001,24.0,102.0,0.7,0.75,0.5413203396704278,124.58217141095649,97.22612942742495,138.74516715859673
child#001,24.0,102.0,0.75,0.7,0.5413203396704278,110.59341100594699,115.22361934192496,155.84531566558042
child#001,24.0,102.0,0.75,0.7,0.5413203396704278,107.9910893434667,122.67820351812487,141.28007644113887
child#001,24.0,102.0,0.75,0.7,0.5413203396704278,98.73694869832649,121.75192785781783,131.07548394978488
child#001,24.0,102.0,0.7,0.7,0.5413203396704278,116.99183855418009,118.09657232310055,129.34210308615002
child#001,24.0,102.0,0.7,0.75,0.5413203396704278,124.00128127181912,105.57625350366128,140.52629164497768
child#001,24.0,102.0,0.75,0.7,0.5413203396704278,103.60149184881541,116.89287613787548,144.01087033143546
child#001,24.0,102.0,0.7,0.7,0.5413203396704278,128.9449744985458,115.03209001718594,133.50809338522592
child#001,24.0,102.0,0.75,0.75,0.5413203396704278,108.98486109537342,112.60919925197022,134.8284131432115
child#001,24.0,102.0,0.75,0.7,0.5413203396704278,106.37116093590335,112.74621018523507,149.58411505106562
child#001,24.0,102.0,0.75,0.7,0.5413203396704278,108.5861435239087,120.36332395439277,135.7143810379932
