patient,meal,bg_fasting,ins_escada_tc,ins_sts_tc,ins_calc_tc,ESCADA-TC,STS-TC,Tuned Calc.
child#005,60.0,142.0,6.9,6.9,6.8771602197942245,104.44862938521165,105.37876725354786,109.61838519287961
child#005,60.0,142.0,4.5,4.65,6.8771602197942245,138.20443882107443,128.06819282315894,112.24249989450749
child#005,60.0,142.0,6.3,6.45,6.8771602197942245,117.03373578141424,103.61800673731334,114.40737615797681
child#005,60.0,142.0,6.5,5.55,6.8771602197942245,104.58431344255366,120.27029511204516,108.08680770092454
child#005,60.0,142.0,6.3,6.3,6.8771602197942245,120.11835402197943,104.8952162592015,108.08172253521703
child#005,60.0,142.0,6.45,5.35,6.8771602197942245,116.55709821770138,120.25873651138541,125.18187104220074
child#005,60.0,142.0,6.5,5.75,6.8771602197942245,113.54168286534852,122.89370898306554,110.61663181775917
child#005,60.0,142.0,6.5,5.8,6.8771602197942245,104.28754222020831,121.9674333227585,100.41203932640519
child#005,60.0,142.0,6.45,6.1,6.8771602197942245,110.82262154518087,115.42884449284892,98.67865846277033
child#005,60.0,142.0,6.4,6.3,6.8771602197942245,118.25034461371446,113.24534033543783,109.862847021598
child#005,60.0,142.0,6.45,6.3,6.8771602197942245,109.56517906056979,112.42905874889841,113.34742570805577
child#005,60.0,142.0,6.45,6.35,6.8771602197942245,122.77575748954658,110.1337340048984,102.84464876184623
child#005,60.0,142.0,6.5,6.15,6.8771602197942245,114.53545461725524,121.16448203781778,104.1649685198318
child#005,60.0,142.0,6.5,6.2,6.8771602197942245,111.92175445778517,108.72259497235169,118.92067042768595
child#005,60.0,142.0,6.5,6.15,6.8771602197942245,114.13673704579053,116.7857025194867,105.05093641461352
