patient,meal,bg_fasting,ins_escada_tc,ins_sts_tc,ins_calc_tc,ESCADA-TC,STS-TC,Tuned Calc.
child#008,72.0,126.0,17.7,18.7,19.519871348045793,153.0357723743494,165.9110251615749,164.13240301389013
child#008,72.0,126.0,18.6,17.5,19.519871348045793,161.8564744126814,161.61339239139707,155.3263416383867
child#008,72.0,126.0,19.9,17.5,19.519871348045793,148.64472562211756,157.94177121509335,156.5403393963349
child#008,72.0,126.0,22.2,17.5,19.519871348045793,141.5041529853652,158.31716858618861,151.7634362788391
child#008,72.0,126.0,23.9,17.7,19.519871348045793,148.69189058118158,161.58593071984194,154.39642867665285
child#008,72.0,126.0,24.9,17.5,19.519871348045793,142.9678216723467,163.70186517309293,157.16550834275736
child#008,72.0,126.0,27.5,21.6,19.519871348045793,129.798124257522,152.00895618088222,154.42001958105755
child#008,72.0,126.0,28.9,22.4,19.519871348045793,132.73474968135145,143.3402758140697,151.33510674719466
child#008,72.0,126.0,30.4,24.2,19.519871348045793,130.21179105700935,148.5526100130992,153.97884740545567
child#008,72.0,126.0,31.9,21.6,19.519871348045793,138.142401790494,149.22280343120022,156.82825045165293
child#008,72.0,126.0,31.3,23.1,19.519871348045793,128.86153787685436,144.65364496777897,157.7024287081821
child#008,72.0,126.0,34.9,26.9,19.519871348045793,135.46737733159824,138.55270649146271,156.93329731724432
child#008,72.0,126.0,33.9,28.6,19.519871348045793,126.87040506302459,135.83176864436092,165.19901186399684
child#008,72.0,126.0,35.0,30.2,19.519871348045793,130.1191353758205,134.09678548212753,155.19218337273495
child#008,72.0,126.0,35.0,31.8,19.519871348045793,129.46197161416768,131.06783931983418,156.8452580107157
