patient,meal,bg_fasting,ins_escada_tc,ins_sts_tc,ins_calc_tc,ESCADA-TC,STS-TC,Tuned Calc.
child#004,62.0,101.0,1.6,1.6,1.58204556112636,114.46333081653755,115.39346868487377,123.14234536541211
child#004,62.0,101.0,1.65,1.15,1.58204556112636,122.99204257132294,164.87749280944266,125.76646006703999
child#004,62.0,101.0,1.85,1.6,1.58204556112636,105.5512252417356,110.08888750359257,127.93133633050931
child#004,62.0,101.0,1.75,1.55,1.58204556112636,101.12131908475355,121.6434517752311,121.61076787345704
child#004,62.0,101.0,1.65,1.65,1.58204556112636,124.8838351682365,109.66069740545858,121.60568270774952
child#004,62.0,101.0,1.7,1.65,1.58204556112636,115.92103096310488,115.52528309920497,138.70583121473322
child#004,62.0,101.0,1.75,1.65,1.58204556112636,110.0786885075484,122.97986727540489,124.14059199029167
child#004,62.0,101.0,1.75,1.65,1.58204556112636,100.8245478624082,122.05359161509784,113.93599949893769
child#004,62.0,101.0,1.7,1.7,1.58204556112636,110.18655429058437,111.29128805950482,112.20261863530283
child#004,62.0,101.0,1.7,1.55,1.58204556112636,117.1959970082234,121.89543013423798,123.3868071941305
child#004,62.0,101.0,1.7,1.8,1.58204556112636,108.92911180597329,103.8038633443459,126.87138588058826
child#004,62.0,101.0,1.7,1.7,1.58204556112636,122.13969023495008,108.22680575359021,116.36860893437873
child#004,62.0,101.0,1.7,1.75,1.58204556112636,114.31248105253131,114.69679841605193,117.6889286923643
child#004,62.0,101.0,1.7,1.7,1.58204556112636,111.69878089306124,105.94092592163935,132.44463060021843
child#004,62.0,101.0,1.7,1.7,1.58204556112636,113.9137634810666,113.55803969079705,118.57489658714601
