patient,meal,bg_fasting,ins_escada_tc,ins_sts_tc,ins_calc_tc,ESCADA-TC,STS-TC,Tuned Calc.
child#008,60.0,142.0,16.4,17.2,18.3212003531371,126.12864839376417,139.86409706997478,137.09034832425817
child#008,60.0,142.0,18.3,15.9,18.3212003531371,131.5030933774088,136.04401288657024,128.28428694875475
child#008,60.0,142.0,14.6,15.8,18.3212003531371,138.56601103090537,132.83393788884715,129.49828470670295
child#008,60.0,142.0,20.0,14.9,18.3212003531371,117.22007043273165,137.68481399321408,124.72138158920713
child#008,60.0,142.0,21.0,14.9,18.3212003531371,125.93865006834832,141.3973118532822,127.35437398702089
child#008,60.0,142.0,22.0,15.8,18.3212003531371,120.02805966438999,138.59403184684672,130.1234536531254
child#008,60.0,142.0,23.0,19.3,18.3212003531371,109.63474305616433,128.3563361636648,127.37796489142559
child#008,60.0,142.0,24.0,15.7,18.3212003531371,112.66628670475592,135.44576023068703,124.2930520575627
child#008,60.0,142.0,24.1,19.3,18.3212003531371,112.01048977329832,130.99365711155795,126.93679271582371
child#008,60.0,142.0,24.0,20.4,18.3212003531371,121.9517545627619,122.79508914775167,129.78619576202098
child#008,60.0,142.0,25.3,21.9,18.3212003531371,109.8865139495265,118.43783814615593,130.66037401855016
child#008,60.0,142.0,24.9,21.4,18.3212003531371,121.04053992766642,120.89581572732708,129.89124262761237
child#008,60.0,142.0,26.1,23.1,18.3212003531371,109.42048854579538,117.1562852126158,138.1569571743649
child#008,60.0,142.0,25.5,23.2,18.3212003531371,114.7518390318469,117.62824224181554,128.150128683103
child#008,60.0,142.0,25.8,24.5,18.3212003531371,113.63179028507994,114.0018437156377,129.80320332108374
