patient,meal,bg_fasting,ins_escada_tc,ins_sts_tc,ins_calc_tc,ESCADA-TC,STS-TC,Tuned Calc.
child#002,60.0,142.0,4.55,4.55,4.549124597976359,127.0955761172455,128.02571398558172,131.889982013577
child#002,60.0,142.0,6.0,5.8,4.549124597976359,104.01338885722953,100.07402135984779,134.51409671520486
child#002,60.0,142.0,5.55,5.0,4.549124597976359,111.27018731962447,109.95850110855628,136.67897297867418
child#002,60.0,142.0,5.5,5.4,4.549124597976359,100.93925829065863,109.14014964696803,130.3584045216219
child#002,60.0,142.0,5.25,5.15,4.549124597976359,119.28415572756784,106.18098918360197,130.3533193559144
child#002,60.0,142.0,5.35,4.75,4.549124597976359,116.40092661884155,121.45602310463566,147.4534678628981
child#002,60.0,142.0,5.4,5.1,4.549124597976359,111.80696384578033,121.70990318539226,132.88822863845655
child#002,60.0,142.0,5.4,5.35,4.549124597976359,102.55282320064012,115.42653924995878,122.68363614710256
child#002,60.0,142.0,5.3,5.15,4.549124597976359,111.69382287079144,114.91852785852394,120.9502552834677
child#002,60.0,142.0,5.3,5.3,4.549124597976359,118.70326558843047,112.41114204102624,132.13444384229535
child#002,60.0,142.0,5.35,5.2,4.549124597976359,109.40900746170996,112.64383427164394,135.61902252875313
child#002,60.0,142.0,5.35,5.1,4.549124597976359,122.61958589068675,114.06378968445333,125.1162455825436
child#002,60.0,142.0,5.4,5.3,4.549124597976359,112.80073559768705,119.44408778933519,126.43656534052917
child#002,60.0,142.0,5.4,5.4,4.549124597976359,110.18703543821698,104.42918046679509,141.1922672483833
child#002,60.0,142.0,5.4,5.3,4.549124597976359,112.40201802622234,115.06530827100411,127.32253323531089
