patient,meal,bg_fasting,ins_escada_tc,ins_sts_tc,ins_calc_tc,ESCADA-TC,STS-TC,Tuned Calc.
child#001,60.0,142.0,2.1,2.1,2.1199639436470292,90.18797447107104,91.11811233940726,94.98238036740253
child#001,60.0,142.0,1.6,1.8,2.1199639436470292,148.0797003572138,116.82487960563643,97.6064950690304
child#001,60.0,142.0,1.9,1.75,2.1199639436470292,118.55414296175051,117.20000660706943,99.77137133249973
child#001,60.0,142.0,1.95,1.8,2.1199639436470292,99.03674467829286,119.53833732195697,93.45080287544745
child#001,60.0,142.0,1.9,1.75,2.1199639436470292,121.6387612023157,116.77181650893543,93.44571770973994
child#001,60.0,142.0,1.9,1.9,2.1199639436470292,119.78290501805982,112.28020913328417,110.54586621672365
child#001,60.0,142.0,1.95,1.85,2.1199639436470292,107.99411410108772,119.73479330948409,95.98062699228208
child#001,60.0,142.0,1.95,1.85,2.1199639436470292,98.7399734559475,118.80851764917705,85.7760345009281
child#001,60.0,142.0,1.9,1.85,2.1199639436470292,114.0484283455393,115.15316211445976,84.04265363729324
child#001,60.0,142.0,1.9,1.85,2.1199639436470292,121.05787106317834,114.76574751577411,95.22684219612091
child#001,60.0,142.0,1.9,1.9,2.1199639436470292,112.79098586092823,113.94946592923469,98.71142088257868
child#001,60.0,142.0,1.9,1.9,2.1199639436470292,126.00156428990502,112.08867980854515,88.20864393636913
child#001,60.0,142.0,1.95,1.9,2.1199639436470292,108.98788585299444,121.79869326408306,89.52896369435472
child#001,60.0,142.0,1.95,1.9,2.1199639436470292,106.37418569352437,109.80279997659429,104.28466560220886
child#001,60.0,142.0,1.9,1.9,2.1199639436470292,117.77563753602153,117.41991374575198,90.41493158913643
