patient,meal,bg_fasting,ins_escada_tc,ins_sts_tc,ins_calc_tc,ESCADA-TC,STS-TC,Tuned Calc.
child#009,59.0,140.0,2.1,2.1,2.0897720898423637,70.91493877190466,71.84507664024088,78.3505485682763
child#009,59.0,140.0,1.5,1.5,2.0897720898423637,121.33116632991772,113.38450916496225,80.97466326990417
child#009,59.0,140.0,1.6,1.45,2.0897720898423637,111.54014780395009,117.68980636703874,83.1395395333735
child#009,59.0,140.0,1.6,1.55,2.0897720898423637,101.20921877498425,111.71586613947913,76.81897107632122
child#009,59.0,140.0,1.55,1.55,2.0897720898423637,118.84085818502761,103.61772042224969,76.8138859106137
child#009,59.0,140.0,1.55,1.5,2.0897720898423637,116.98500200077173,113.86440685779975,93.91403441759742
child#009,59.0,140.0,1.6,1.45,2.0897720898423637,110.1665881977791,130.58078613885107,79.34879519315585
child#009,59.0,140.0,1.6,1.55,2.0897720898423637,100.9124475526389,116.01061463188896,69.14420270180187
child#009,59.0,140.0,1.55,1.5,2.0897720898423637,111.25052532825121,116.73735983897534,67.41082183816701
child#009,59.0,140.0,1.55,1.5,2.0897720898423637,118.25996804589025,116.34994524028968,78.59501039699468
child#009,59.0,140.0,1.55,1.55,2.0897720898423637,109.99308284364014,111.1515629119466,82.07958908345245
child#009,59.0,140.0,1.55,1.55,2.0897720898423637,123.20366127261693,109.29077679125706,71.57681213724291
child#009,59.0,140.0,1.55,1.55,2.0897720898423637,115.37645209019816,119.00079024679496,72.89713189522848
child#009,59.0,140.0,1.55,1.55,2.0897720898423637,112.76275193072809,107.0048969593062,87.65283380308263
child#009,59.0,140.0,1.55,1.5,2.0897720898423637,114.97773451873344,119.00411147026756,73.7830997900102
