patient,meal,bg_fasting,ins_escada_tc,ins_sts_tc,ins_calc_tc,ESCADA-TC,STS-TC,Tuned Calc.
child#002,31.0,110.0,2.55,2.5,1.8697775764426814,101.8387293986146,102.76886726695082,128.7553876534406
child#002,31.0,110.0,2.2,2.15,1.8697775764426814,119.87734872166978,115.36518090708813,131.37950235506847
child#002,31.0,110.0,2.35,2.05,1.8697775764426814,113.78251804439346,113.97796338444918,133.5443786185378
child#002,31.0,110.0,2.35,2.3,1.8697775764426814,103.45158901542761,112.97705273906669,127.22381016148552
child#002,31.0,110.0,2.3,2.4,1.8697775764426814,120.10204478461517,101.64399852218072,127.218724995778
child#002,31.0,110.0,2.35,2.55,1.8697775764426814,115.01128010070276,102.90068168128202,144.3188735027617
child#002,31.0,110.0,2.35,2.2,1.8697775764426814,112.40895843822247,119.86517342575172,129.75363427832016
child#002,31.0,110.0,2.35,2.25,1.8697775764426814,103.15481779308226,117.27180123147652,119.54904178696617
child#002,31.0,110.0,2.3,2.3,1.8697775764426814,112.51171192783877,113.61644569675923,117.81566092333131
child#002,31.0,110.0,2.3,1.9,1.8697775764426814,119.52115464547781,127.50847242226646,128.99984948215896
child#002,31.0,110.0,2.35,2.2,1.8697775764426814,108.01936094357117,114.07984604550232,132.48442816861674
child#002,31.0,110.0,2.35,2.3,1.8697775764426814,121.22993937254796,110.55196339084462,121.98165122240721
child#002,31.0,110.0,2.35,1.55,1.8697775764426814,113.40273019012919,146.67831164765906,123.30197098039278
child#002,31.0,110.0,2.35,2.3,1.8697775764426814,110.78903003065912,108.26608355889375,138.05767288824694
child#002,31.0,110.0,2.35,2.2,1.8697775764426814,113.00401261866448,117.55029386201963,124.1879388751745
