patient,meal,bg_fasting,ins_escada_tc,ins_sts_tc,ins_calc_tc,ESCADA-TC,STS-TC,Tuned Calc.
child#008,65.0,103.0,13.4,13.4,15.180460903227036,148.8197408836065,165.83314533929848,158.18182638524215
child#008,65.0,103.0,13.8,13.2,15.180460903227036,159.40084019865995,158.83792007858315,149.37576500973873
child#008,65.0,103.0,14.5,15.2,15.180460903227036,146.70131415667254,144.09798084592347,150.58976276768692
child#008,65.0,103.0,15.8,16.2,15.180460903227036,140.2406573583016,140.03384958964662,145.81285965019111
child#008,65.0,103.0,17.0,17.3,15.180460903227036,146.73655714925053,139.1435161811119,148.44585204800487
child#008,65.0,103.0,17.4,16.5,15.180460903227036,142.0410258261132,143.80408672191356,151.21493171410938
child#008,65.0,103.0,19.3,18.7,15.180460903227036,127.41264243282484,139.26195275076643,148.46944295240957
child#008,65.0,103.0,20.4,19.0,15.180460903227036,129.67011719389276,131.26939035356014,145.38453011854668
child#008,65.0,103.0,21.6,18.3,15.180460903227036,126.13736568906457,142.82614462772165,148.0282707768077
child#008,65.0,103.0,22.7,17.3,15.180460903227036,133.807242117549,140.74359875366812,150.87767382300495
child#008,65.0,103.0,21.7,20.8,15.180460903227036,126.03025181600914,129.8221162374087,151.75185207953413
child#008,65.0,103.0,22.1,21.5,15.180460903227036,135.29856592609218,129.526155636202,150.98272068859634
child#008,65.0,103.0,22.3,22.9,15.180460903227036,125.30712498105181,126.93310285919394,159.24843523534886
child#008,65.0,103.0,25.2,24.0,15.180460903227036,124.66703775562462,125.1844769521968,149.24160674408697
child#008,65.0,103.0,26.3,25.1,15.180460903227036,122.19537773132382,122.28175658219884,150.89468138206772
