patient,meal,bg_fasting,ins_escada_tc,ins_sts_tc,ins_calc_tc,ESCADA-TC,STS-TC,Tuned Calc.
child#003,60.0,142.0,6.15,4.6,5.235716816886216,95.55545662377371,127.99780705925724,116.64030366251602
child#003,60.0,142.0,5.85,5.1,5.235716816886216,109.4303877406567,115.58814876171121,119.26441836414389
child#003,60.0,142.0,5.8,5.05,5.235716816886216,109.057902169829,111.72830694694524,121.42929462761322
child#003,60.0,142.0,5.75,5.1,5.235716816886216,98.72697314086317,118.30160647803176,115.10872617056094
child#003,60.0,142.0,5.7,5.1,5.235716816886216,112.9781209203499,110.20346076080232,115.10364100485343
child#003,60.0,142.0,5.7,5.1,5.235716816886216,111.12226473609401,116.0680464545487,132.20378951183713
child#003,60.0,142.0,5.7,5.05,5.235716816886216,108.51994307361372,124.61928671875755,117.63855028739557
child#003,60.0,142.0,5.65,5.25,5.235716816886216,100.11703899205534,118.42414414595356,107.4339577960416
child#003,60.0,142.0,5.65,5.15,5.235716816886216,106.23902462715533,116.81314231911104,105.70057693240673
child#003,60.0,142.0,5.6,5.15,5.235716816886216,114.99956667475668,116.42572772042539,116.8847654912344
child#003,60.0,142.0,5.6,5.3,5.235716816886216,106.73268147250658,113.5650924260112,120.36934417769217
child#003,60.0,142.0,5.6,5.25,5.235716816886216,119.94325990148336,111.70430630532167,109.86656723148263
child#003,60.0,142.0,5.6,5.25,5.235716816886216,112.11605071906459,121.41431976085957,111.1868869894682
child#003,60.0,142.0,5.6,5.2,5.235716816886216,109.50235055959452,110.43044089216207,125.94258889732235
child#003,60.0,142.0,5.6,5.25,5.235716816886216,111.71733314759987,117.0355402425285,112.07285488424992
