patient,meal,bg_fasting,ins_escada_tc,ins_sts_tc,ins_calc_tc,ESCADA-TC,STS-TC,Tuned Calc.
child#007,59.0,126.0,7.9,7.9,7.915065103828623,89.04883868682741,89.97897655516363,93.84324458315889
child#007,59.0,126.0,4.5,4.55,7.915065103828623,147.8286262613999,139.88196909644444,96.46735928478677
child#007,59.0,126.0,6.5,5.85,7.915065103828623,111.49116834046428,109.73880151345504,98.63223554825609
child#007,59.0,126.0,6.45,5.85,7.915065103828623,101.80785022365801,117.40875713255049,92.31166709120382
child#007,59.0,126.0,6.15,5.75,7.915065103828623,119.30501731447289,110.10264057903917,92.3065819254963
child#007,59.0,126.0,6.3,6.3,7.915065103828623,116.05003924020953,108.54734335543388,109.40673043248002
child#007,59.0,126.0,6.35,5.85,7.915065103828623,112.7629134784006,122.62978128526736,94.84149120803845
child#007,59.0,126.0,6.35,5.85,7.915065103828623,103.5087728332604,121.70350562496031,84.63689871668447
child#007,59.0,126.0,6.3,5.9,7.915065103828623,110.31556256768901,116.49903896342191,82.9035178530496
child#007,59.0,126.0,6.25,6.0,7.915065103828623,117.32500528532805,114.60754407016782,94.08770641187728
child#007,59.0,126.0,6.3,6.35,7.915065103828623,109.05812008307794,109.53179605205577,97.57228509833504
child#007,59.0,126.0,6.3,6.2,7.915065103828623,122.26869851205473,109.05039248907858,87.06950815212551
child#007,59.0,126.0,6.3,6.05,7.915065103828623,114.44148932963596,121.64048981847677,88.38982791011108
child#007,59.0,126.0,6.35,6.45,7.915065103828623,111.14298507083726,103.38743626746762,103.14552981796523
child#007,59.0,126.0,6.3,6.0,7.915065103828623,114.04277175817124,117.2617103001457,89.2757958048928
