patient,meal,bg_fasting,ins_escada_tc,ins_sts_tc,ins_calc_tc,ESCADA-TC,STS-TC,Tuned Calc.
child#008,23.0,122.0,3.9,7.5,6.8195390967729645,131.13216405601648,99.83092737181707,108.14327214274502
child#008,23.0,122.0,7.8,7.1,6.8195390967729645,93.11317859881711,95.70617725276738,99.3372107672416
child#008,23.0,122.0,5.8,3.6,6.8195390967729645,106.35414572554748,141.82421156788928,100.55120852518978
child#008,23.0,122.0,5.4,6.2,6.8195390967729645,110.0396676401522,100.99505370731364,95.77430540769397
child#008,23.0,122.0,5.3,5.5,6.8195390967729645,124.1394404150163,113.45240481902046,98.40729780550774
child#008,23.0,122.0,5.6,5.4,6.8195390967729645,116.34991446402178,116.48614709069732,101.17637747161224
child#008,23.0,122.0,5.7,5.7,6.8195390967729645,105.39724369494496,115.2045956612259,98.43088870991244
child#008,23.0,122.0,5.6,5.4,6.8195390967729645,112.94290432388122,112.39434201228418,95.34597587604955
child#008,23.0,122.0,5.6,5.4,6.8195390967729645,112.46543192542936,121.83750463399252,97.98971653431056
child#008,23.0,122.0,5.6,6.1,6.8195390967729645,122.22837218188721,108.67524758016143,100.83911958050784
child#008,23.0,122.0,5.7,5.4,6.8195390967729645,109.72427357234112,115.68035357530715,101.71329783703699
child#008,23.0,122.0,5.7,5.6,6.8195390967729645,120.0646199971852,115.63332864431075,100.9441664460992
child#008,23.0,122.0,5.7,5.8,6.8195390967729645,110.48751046667128,113.11507693064901,109.20988099285174
child#008,23.0,122.0,5.7,5.8,6.8195390967729645,114.90504640462034,113.58703395984875,99.20305250158984
child#008,23.0,122.0,5.7,5.9,6.8195390967729645,114.24788264296754,109.99785667722014,100.8561271395706
