patient,meal,bg_fasting,ins_escada,ins_sts,ins_taco,ins_ts,ins_calc,ESCADA,STS,TACO,TS,Calc.
adolescent#010,72.0,126.0,5.6,5.6,0.0,0.2,5.566473146760622,159.77659008800612,167.73578212597602,362.8897072833914,351.09679840055554,165.61692199793973
adolescent#010,72.0,126.0,6.5,7.1,11.2,14.0,5.566473146760622,141.0666991914004,133.03375096181713,79.36323359122612,70.29520005379922,157.66525628339784
adolescent#010,72.0,126.0,8.1,7.9,9.8,5.9,5.566473146760622,114.44380248766983,135.15082331235908,101.32757705817309,154.6865136764161,166.8733034951526
adolescent#010,72.0,126.0,8.3,8.9,9.2,9.9,5.566473146760622,106.0192099882143,109.43602277111876,95.1289368362942,84.61732448364612,166.67430572025052
adolescent#010,72.0,126.0,8.1,8.8,7.9,7.1,5.566473146760622,116.32281564179964,112.87084514080584,118.34042223186383,133.87597811604806,160.4646486011898
adolescent#010,72.0,126.0,8.2,9.0,8.2,7.9,5.566473146760622,116.79440998294567,110.15421299956178,126.78156241966445,115.66335452463487,156.67094554961804
adolescent#010,72.0,126.0,8.3,9.0,8.5,8.0,5.566473146760622,116.45977086076796,103.41529311752114,103.9479104091936,117.72424830240183,157.23481921029747
adolescent#010,72.0,126.0,8.3,8.9,8.4,8.5,5.566473146760622,114.8603127295591,102.43661023578044,111.55003425103563,107.81609807917089,170.51308309240991
adolescent#010,72.0,126.0,8.3,8.5,8.4,15.6,5.566473146760622,112.27747519104473,112.52813136870652,112.17415537989649,63.486243089257464,159.69168180911993
adolescent#010,72.0,126.0,8.3,8.6,8.4,8.1,5.566473146760622,116.9181093382588,113.71778361395582,114.7369357737033,121.66765401100722,168.74802247914673
adolescent#010,72.0,126.0,8.4,8.4,8.4,8.3,5.566473146760622,120.12930122392558,115.01575753036805,116.67547843997774,111.7212822853125,159.34789052004598
adolescent#010,72.0,126.0,8.5,8.7,8.4,8.3,5.566473146760622,120.55320685008513,101.22145764900694,110.30046859772125,116.81782151954862,160.41257439122683
adolescent#010,72.0,126.0,8.6,8.6,8.4,8.1,5.566473146760622,116.45085906557314,108.86269897640605,116.66130499075604,119.93721622765958,169.10477225858202
adolescent#010,72.0,126.0,8.6,8.4,8.4,8.5,5.566473146760622,115.43860321808431,101.0133255967316,120.31858565631222,94.55184393526935,155.04530375209703
adolescent#010,72.0,126.0,8.7,8.7,8.5,8.3,5.566473146760622,115.14961757630506,103.09618136997086,114.16041615671976,115.39306371070123,165.4934260286832
