patient,meal,bg_fasting,ins_escada,ins_sts,ins_taco,ins_ts,ins_calc,ESCADA,STS,TACO,TS,Calc.
adolescent#001,63.0,126.0,6.1,6.1,0.0,3.2,6.147843479079186,128.2488991783527,136.20809121632254,188.9639130298889,150.5401690658298,133.41422926947422
adolescent#001,63.0,126.0,7.2,7.3,18.1,0.3,6.147843479079186,122.75581625841156,123.09723620496243,75.53815662532801,190.677915328645,125.46256355493233
adolescent#001,63.0,126.0,8.3,7.9,12.0,4.2,6.147843479079186,114.3618889132873,135.8302908328677,105.7439606479818,145.5719166420153,134.6706107666871
adolescent#001,63.0,126.0,9.0,8.2,11.0,7.0,6.147843479079186,106.40400355604069,121.96563071939178,96.15457510300266,114.18708105131321,134.471612991785
adolescent#001,63.0,126.0,8.6,9.8,8.7,6.9,6.147843479079186,115.18634604284317,115.69331247942156,115.2732039158214,126.34712916283358,128.2619558727243
adolescent#001,63.0,126.0,8.7,10.1,9.0,7.7,6.147843479079186,116.52186825323352,114.40678151969176,124.4791251355064,117.4621887944164,124.46825282115253
adolescent#001,63.0,126.0,8.9,10.8,9.7,8.0,6.147843479079186,117.34488640565563,104.14471145072562,104.01010190458312,119.26353730441637,125.03212648183197
adolescent#001,63.0,126.0,9.2,10.5,9.4,9.1,6.147843479079186,114.74941887159696,103.29664724461377,111.28397352481362,110.78558007875368,138.3103903639444
adolescent#001,63.0,126.0,9.3,10.1,9.3,17.9,6.147843479079186,111.18879941743172,110.73685348119115,112.39034119588027,83.32728854391442,127.48898908065442
adolescent#001,63.0,126.0,9.2,10.2,9.3,10.7,6.147843479079186,116.80721548029666,111.47308738760617,114.95312158968707,110.55678817518711,136.54532975068122
adolescent#001,63.0,126.0,9.4,10.5,9.4,8.8,6.147843479079186,119.86324049770357,109.71539397296489,116.40941771375573,113.11143371283941,127.14519779158049
adolescent#001,63.0,126.0,9.9,10.2,9.4,9.6,6.147843479079186,119.21925969157044,100.23214190797464,110.03440787149924,114.76898307845397,128.20988166276132
adolescent#001,63.0,126.0,10.9,9.5,9.4,8.9,6.147843479079186,110.71205259637456,109.39854896706781,116.39524426453403,116.75150569593657,136.9020795301165
adolescent#001,63.0,126.0,10.5,10.1,9.5,11.9,6.147843479079186,111.41806650284077,97.9422208670566,119.57460880481435,84.74545457705344,122.8426110236315
adolescent#001,63.0,126.0,10.4,8.7,9.5,9.0,6.147843479079186,112.82287275310682,109.35093940931691,114.69626614738152,115.77785727852762,133.29073330021768
