patient,meal,bg_fasting,ins_escada,ins_sts,ins_taco,ins_ts,ins_calc,ESCADA,STS,TACO,TS,Calc.
adolescent#006,41.0,120.0,6.3,6.3,6.0,5.9,6.280952294547834,95.56838577915345,103.52757781712332,99.44766856891465,98.96742935417944,101.40871768908703
adolescent#006,41.0,120.0,5.5,5.6,5.3,5.2,6.280952294547834,106.35436208618997,107.2881742526325,105.96936732447135,114.19846876374767,93.45705197454515
adolescent#006,41.0,120.0,5.4,5.6,5.2,5.5,6.280952294547834,105.4769930551705,123.44942542746617,116.34625242641741,107.9623703736008,102.66509918629994
adolescent#006,41.0,120.0,5.2,5.6,5.3,5.4,6.280952294547834,103.84016112362977,110.68179448037385,102.72003529366427,97.9054069808506,102.46610141139782
adolescent#006,41.0,120.0,5.1,5.8,5.2,5.2,6.280952294547834,112.88573977173067,110.35205284958404,110.67946592896456,112.17084298885707,96.25644429233711
adolescent#006,41.0,120.0,5.1,5.6,5.2,5.1,6.280952294547834,114.74092933750292,112.56325739238537,121.91528270309547,110.81519729286184,92.46274124076535
adolescent#006,41.0,120.0,5.1,5.7,5.2,5.2,6.280952294547834,117.09352106730967,103.24524246555363,104.35354997636547,111.47437336120663,93.02661490144479
adolescent#006,41.0,120.0,5.1,5.6,5.2,5.2,6.280952294547834,115.4940629361008,103.68238194503553,110.67584697604788,108.22173764634276,106.30487878355724
adolescent#006,41.0,120.0,5.2,5.6,5.2,4.8,6.280952294547834,110.0984263264602,108.89332935388475,111.29996810490874,120.13811713975996,95.48347750026724
adolescent#006,41.0,120.0,5.1,5.6,5.2,5.1,6.280952294547834,117.55185954480051,110.08298159913404,113.86274849871555,118.23057814093825,104.53981817029404
adolescent#006,41.0,120.0,5.2,5.5,5.2,5.1,6.280952294547834,119.25511394893783,110.10112867338665,115.80129116498999,112.3550324918542,95.13968621119331
adolescent#006,41.0,120.0,5.2,5.3,5.2,5.0,6.280952294547834,120.958846417257,102.88247770149616,109.4262813227335,117.45157172609032,96.20437008237414
adolescent#006,41.0,120.0,5.2,5.6,5.2,5.2,6.280952294547834,116.85649863274502,105.22789696158428,115.78711771576829,113.68734128646437,104.89656794972933
adolescent#006,41.0,120.0,5.2,5.3,5.2,5.2,6.280952294547834,115.84424278525618,100.13913832174386,119.44439838132448,94.95748350244122,90.83709944324433
adolescent#006,41.0,120.0,5.2,5.1,5.2,5.1,6.280952294547834,116.81063762879427,107.5700004935863,114.56605572389164,116.02681391724293,101.28522171983052
