patient,meal,bg_fasting,ins_escada,ins_sts,ins_taco,ins_ts,ins_calc,ESCADA,STS,TACO,TS,Calc.
adolescent#010,60.0,142.0,5.2,5.2,10.9,0.2,5.211393701651516,147.70221158450056,155.66140362247046,70.71778527699679,331.1278832620789,153.54254349443417
adolescent#010,60.0,142.0,7.0,6.8,5.7,7.1,5.211393701651516,114.61784883273485,118.83476682993397,134.25628759723833,118.4215139282989,145.59087777989228
adolescent#010,60.0,142.0,7.2,7.1,7.5,7.5,5.211393701651516,109.27065337342371,131.71291217401105,112.94671783828508,108.60327736746213,154.79892499164706
adolescent#010,60.0,142.0,7.1,7.8,7.5,7.4,5.211393701651516,108.06320628818101,107.12061055108336,99.32050070553194,98.68345930575649,154.59992721674496
adolescent#010,60.0,142.0,7.0,7.8,7.1,7.3,5.211393701651516,114.29598586515567,109.36996396508465,114.9025110935158,111.72380100802174,148.39027009768424
adolescent#010,60.0,142.0,7.1,7.4,7.1,7.3,5.211393701651516,116.15117543092792,114.66481680798077,126.13832786764671,107.55535624090027,144.59656704611248
adolescent#010,60.0,142.0,7.1,7.7,7.3,7.2,5.211393701651516,118.50376716073467,103.63458910505294,103.90650799553013,112.55109918815572,145.16044070679192
adolescent#010,60.0,142.0,7.2,7.6,7.2,7.3,5.211393701651516,113.75798969192365,104.32328893889685,111.75257280299697,107.77469566550742,158.43870458890436
adolescent#010,60.0,142.0,7.2,7.6,7.2,7.0,5.211393701651516,111.17515215340929,109.53423634774607,112.37669393185783,117.14262560219314,147.61730330561437
adolescent#010,60.0,142.0,7.2,7.5,7.2,7.2,5.211393701651516,115.81578630062336,110.72388859299537,114.93947432566463,116.4945048967611,156.67364397564117
adolescent#010,60.0,142.0,7.2,7.5,7.2,7.2,5.211393701651516,120.33183977588692,110.74203566724798,116.87801699193908,110.61895924767705,147.27351201654042
adolescent#010,60.0,142.0,7.3,7.5,7.3,7.2,5.211393701651516,120.51180443642167,99.48294311336383,108.97923934189816,115.71549848191317,148.33819588772127
adolescent#010,60.0,142.0,7.3,7.4,7.2,7.2,5.211393701651516,116.40945665190968,107.32945637717968,116.86384354271738,114.76406711341346,157.03039375507646
adolescent#010,60.0,142.0,7.4,7.4,7.3,7.2,5.211393701651516,113.90536061885794,98.20025615534561,118.99735640048914,96.03420932939031,142.97092524859147
adolescent#010,60.0,142.0,7.4,7.3,7.3,7.1,5.211393701651516,114.87175546239602,104.31015944162473,114.1190137430563,117.43706001066793,153.41904752517763
