patient,meal,bg_fasting,ins_escada,ins_sts,ins_taco,ins_ts,ins_calc,ESCADA,STS,TACO,TS,Calc.
adolescent#006,42.0,100.0,5.3,5.3,4.8,5.0,5.29365093765837,96.89912104895355,104.85831308692342,104.1757842588414,98.96685249188712,102.73945295888713
adolescent#006,42.0,100.0,4.4,4.9,4.3,3.9,5.29365093765837,108.49448575631811,103.36953931214701,106.63878920907061,118.88869742679397,94.78778724434525
adolescent#006,42.0,100.0,4.3,4.4,4.1,4.4,5.29365093765837,108.86334943107389,125.58954909759431,119.67355235858636,110.10249404372895,103.99583445610004
adolescent#006,42.0,100.0,4.2,4.8,4.3,4.2,5.29365093765837,104.50958300822903,109.1259213929008,103.38945717826353,101.29176335675399,103.79683668119792
adolescent#006,42.0,100.0,4.0,4.8,4.2,4.1,5.29365093765837,113.40024063277339,111.3752748069021,111.34888781356382,115.49814292102603,97.58717956213721
adolescent#006,42.0,100.0,4.0,4.8,4.2,4.2,5.29365093765837,115.25543019854564,111.00738430491232,122.58470458769473,108.67182010633486,93.79347651056545
adolescent#006,42.0,100.0,4.1,4.8,4.3,4.1,5.29365093765837,117.60802192835239,104.26846442287169,105.02297186096473,114.80167329337559,94.35735017124489
adolescent#006,42.0,100.0,4.1,4.8,4.2,4.0,5.29365093765837,116.00856379714352,102.12650885756248,111.34526886064714,111.54903757851172,107.63561405335734
adolescent#006,42.0,100.0,4.1,4.7,4.2,4.1,5.29365093765837,113.42572625862915,107.3374562664117,111.969389989508,116.24688036981085,96.81421277006734
adolescent#006,42.0,100.0,4.1,4.6,4.2,4.2,5.29365093765837,118.06636040584323,110.97033952481489,114.5321703833148,116.08720095441127,105.87055344009414
adolescent#006,42.0,100.0,4.2,4.6,4.2,4.1,5.29365093765837,119.92453583353709,110.9884865990675,116.47071304958925,112.86953335289692,96.47042148099341
adolescent#006,42.0,100.0,4.2,4.7,4.2,4.1,5.29365093765837,121.62826830185627,97.28616303202946,110.09570320733276,117.96607258713304,97.53510535217424
adolescent#006,42.0,100.0,4.3,4.5,4.2,4.2,5.29365093765837,117.52592051734428,106.11525488726512,116.45653960036755,114.35676317106363,106.22730321952943
adolescent#006,42.0,100.0,4.3,4.4,4.2,4.1,5.29365093765837,116.51366466985544,98.23882040987836,120.11382026592372,98.28478343461018,92.16783471304443
adolescent#006,42.0,100.0,4.3,4.4,4.2,4.0,5.29365093765837,117.48005951339353,102.85688351059457,115.2354776084909,116.54131477828565,102.61595698963062
