patient,meal,bg_fasting,ins_escada,ins_sts,ins_taco,ins_ts,ins_calc,ESCADA,STS,TACO,TS,Calc.
adolescent#003,46.0,139.0,3.3,3.3,3.8,3.8,3.3459870664140916,144.01802782083678,151.97721985880668,129.85303534429232,128.15912741841422,146.63211818721436
adolescent#003,46.0,139.0,3.8,3.8,4.1,4.1,3.3459870664140916,130.47574008416782,131.40955225061035,117.20843114958943,125.43753258886575,138.68045247267247
adolescent#003,46.0,139.0,4.1,4.1,4.1,4.2,3.3459870664140916,119.4329913715927,138.72893083457788,127.58531625153549,117.59464024478775,147.88849968442725
adolescent#003,46.0,139.0,4.2,4.4,4.2,4.3,3.3459870664140916,109.43198941282307,114.86997819561114,108.31186358285757,106.21416976134803,147.68950190952515
adolescent#003,46.0,139.0,4.2,4.3,4.2,4.2,3.3459870664140916,115.66476898979774,122.5634177655621,116.27129421815786,117.76267127805038,141.47984479046443
adolescent#003,46.0,139.0,4.2,4.4,4.2,4.3,3.3459870664140916,117.51995855556999,116.75144110762265,127.50711099228877,113.5942265109289,137.68614173889267
adolescent#003,46.0,139.0,4.2,4.5,4.3,4.2,3.3459870664140916,119.87255028537673,107.36781002254904,109.94537826555877,117.06620165039993,138.2500153995721
adolescent#003,46.0,139.0,4.3,4.5,4.3,4.3,3.3459870664140916,118.27309215416787,105.22585445723983,116.26767526524118,113.81356593553606,151.52827928168455
adolescent#003,46.0,139.0,4.3,4.4,4.3,4.3,3.3459870664140916,115.6902546156535,113.08151306912204,116.89179639410204,118.5114087268352,140.70687799839456
adolescent#003,46.0,139.0,4.3,4.5,4.3,4.3,3.3459870664140916,120.33088876286757,111.62645411133835,119.45457678790885,121.00960735900532,149.76321866842136
adolescent#003,46.0,139.0,4.3,4.4,4.3,4.4,3.3459870664140916,124.84694223813113,114.28931238862394,121.39311945418329,109.6899755539716,140.3630867093206
adolescent#003,46.0,139.0,4.4,4.4,4.3,4.4,3.3459870664140916,121.10658855050065,103.0302198347398,115.0181096119268,114.78651478820773,141.42777058050146
adolescent#003,46.0,139.0,4.4,4.5,4.3,4.4,3.3459870664140916,117.00424076598865,106.77136947378858,121.37894600496159,113.83508341970801,150.11996844785665
adolescent#003,46.0,139.0,4.5,4.4,4.4,4.3,3.3459870664140916,113.34727371546684,100.2868804549875,119.59214051456811,100.54931179163452,136.06049994137166
adolescent#003,46.0,139.0,4.5,4.4,4.4,4.3,3.3459870664140916,114.31366855900492,104.90494355570371,114.71379785713528,118.80584313531,146.50862221795782
