patient,meal,bg_fasting,ins_escada,ins_sts,ins_taco,ins_ts,ins_calc,ESCADA,STS,TACO,TS,Calc.
adolescent#001,46.0,139.0,5.6,5.6,0.0,0.3,5.595766829303588,124.16389566049637,132.12308769846624,186.8812575889836,182.19086970936027,130.00422757042995
adolescent#001,46.0,139.0,6.1,6.6,20.0,3.6,5.595766829303588,122.54171228165009,119.93855763733113,60.95191389196598,146.73608696722602,122.05256185588807
adolescent#001,46.0,139.0,7.2,7.4,11.8,4.2,5.595766829303588,112.19165185356009,130.2370478391271,97.21699274109496,138.8508399122866,131.26060906764286
adolescent#001,46.0,139.0,7.6,7.1,9.6,10.2,5.595766829303588,105.97264788223251,119.99953439281379,93.85770667416912,88.87337112753123,131.06161129274074
adolescent#001,46.0,139.0,7.2,8.9,7.0,7.4,5.595766829303588,114.0706650076899,111.1700899559367,115.95676425941085,114.91802381852436,124.85195417368003
adolescent#001,46.0,139.0,7.2,9.2,7.3,7.6,5.595766829303588,115.92585457346215,109.7613955814731,125.28416862750971,110.13488498033834,121.05825112210826
adolescent#001,46.0,139.0,7.4,9.5,7.9,7.2,5.595766829303588,117.02790282585072,101.00245047284324,104.09498448928757,115.4720976682921,121.62212478278771
adolescent#001,46.0,139.0,7.5,9.0,7.6,7.6,5.595766829303588,114.8137506235773,101.39827916895078,112.80833373465062,110.3542244049455,134.90038866490016
adolescent#001,46.0,139.0,7.6,8.2,7.6,6.8,5.595766829303588,112.23091308506294,111.51869105676467,113.43245486351148,119.50649457802659,124.07898738161016
adolescent#001,46.0,139.0,7.6,8.2,7.6,8.1,5.595766829303588,116.87154723227701,112.70834330201396,115.99523525731828,114.57779986261943,133.13532805163698
adolescent#001,46.0,139.0,7.7,7.6,7.7,7.3,5.595766829303588,120.17876500266291,116.27405701398304,116.72494221871507,112.91111934514221,123.73519609253623
adolescent#001,46.0,139.0,8.1,8.1,7.8,7.8,5.595766829303588,120.11886721006442,102.04249849430357,109.75555466506033,114.96804599729091,124.79987996371706
adolescent#001,46.0,139.0,9.0,8.5,7.7,7.3,5.595766829303588,110.53195427466662,105.61380509642487,116.71076876949337,117.05622721087862,133.49207783107227
adolescent#001,46.0,139.0,8.6,7.7,7.8,7.5,5.595766829303588,112.18970933810313,101.06278937546894,119.77367172365129,97.08997026104396,119.43260932458725
adolescent#001,46.0,139.0,8.6,8.3,7.8,7.3,5.595766829303588,113.15610418164121,102.21041965607796,114.89532906621847,116.58290077053094,129.88073160117344
