patient,meal,bg_fasting,ins_escada,ins_sts,ins_taco,ins_ts,ins_calc,ESCADA,STS,TACO,TS,Calc.
adolescent#001,63.0,121.0,5.8,5.8,0.0,3.7,5.815308857198006,127.55034107879156,135.50953311676142,182.3156867983274,142.14958579232075,132.7360147042719
adolescent#001,63.0,121.0,6.8,6.8,15.9,1.7,5.815308857198006,122.86010357947058,123.79391574591311,81.2730059839735,166.97309564045563,124.78434898973
adolescent#001,63.0,121.0,7.9,7.7,10.8,4.5,5.815308857198006,114.56824462318774,134.9227444438988,109.33510073086471,139.7510499097108,133.99239620148478
adolescent#001,63.0,121.0,8.6,6.5,10.3,7.4,5.815308857198006,107.15729178623911,128.97072230428225,97.79032795093192,109.6824339297239,133.79339842658268
adolescent#001,63.0,121.0,8.2,9.5,8.7,6.7,5.815308857198006,115.40888848013408,115.55083944666373,113.50349358056661,125.22433648804582,127.58374130752196
adolescent#001,63.0,121.0,8.4,9.7,8.8,7.6,5.815308857198006,115.74292627427474,114.73148574020355,123.76648778779447,116.51471743015529,123.79003825595021
adolescent#001,63.0,121.0,8.6,10.2,9.4,7.6,5.815308857198006,117.59785265879277,105.79089731599035,103.38811966046102,119.98669256962631,124.35391191662964
adolescent#001,63.0,121.0,8.9,10.2,9.1,8.7,5.815308857198006,114.0526008303747,103.64894175068115,111.57158100077565,111.04576529794481,137.63217579874208
adolescent#001,63.0,121.0,9.0,9.6,9.1,12.4,5.815308857198006,110.99416035118797,111.51302090617334,112.19570212963652,99.74113411942709,126.8107745154521
adolescent#001,63.0,121.0,8.9,9.9,9.1,8.3,5.815308857198006,116.1103974390744,110.91932517750388,114.75848252344332,119.73488027041918,135.8671151854789
adolescent#001,63.0,121.0,9.1,10.4,9.1,8.4,5.815308857198006,120.1508479736656,108.7890415448975,116.69702518971776,113.35702942862602,126.46698322637816
adolescent#001,63.0,121.0,9.7,9.8,9.2,10.4,5.815308857198006,119.08663318308155,100.11865277272892,109.85060644867914,109.28624394448128,127.531667097559
adolescent#001,63.0,121.0,10.9,9.0,9.2,8.6,5.815308857198006,109.43859234080327,110.1640725683057,116.21144284171393,117.00447194907372,136.22386496491418
adolescent#001,63.0,121.0,10.2,9.9,9.2,8.3,5.815308857198006,111.77036100890815,96.93504031812004,119.86872350727012,99.27458470304839,122.16439645842918
adolescent#001,63.0,121.0,10.1,8.4,9.3,10.1,5.815308857198006,113.16987385736978,108.57199743035812,114.05986677004033,109.57325107469221,132.61251873501536
