patient,meal,bg_fasting,ins_escada,ins_sts,ins_taco,ins_ts,ins_calc,ESCADA,STS,TACO,TS,Calc.
adolescent#007,23.0,122.0,6.5,6.5,7.7,8.6,6.5104146857309635,132.61144298341378,136.37062775758554,123.01829229914847,128.0423551029506,142.80646970372638
adolescent#007,23.0,122.0,7.3,7.0,8.2,9.4,6.5104146857309635,128.1158885468787,129.54287349716344,124.31182848033396,108.78856772935987,137.75069867279527
adolescent#007,23.0,122.0,7.9,7.7,8.8,9.2,6.5104146857309635,127.69658879850513,130.50968103007745,119.63264206898883,125.4257138519777,146.1203475703991
adolescent#007,23.0,122.0,8.4,8.3,9.2,10.0,6.5104146857309635,122.00751574160502,120.78405536218199,115.10610827090949,120.2295480943003,135.96572161450675
adolescent#007,23.0,122.0,8.8,8.5,9.3,9.6,6.5104146857309635,125.04886726557356,130.61355935688314,118.25108363216488,118.11196860678596,138.88874868052818
adolescent#007,23.0,122.0,9.2,9.0,9.5,9.6,6.5104146857309635,126.20977432203571,123.90258757481627,124.6664305190654,117.60109468615813,139.70934136263358
adolescent#007,23.0,122.0,9.7,9.4,10.2,10.1,6.5104146857309635,121.94488252841568,129.27969794423092,119.63081528171332,116.53746719661841,139.6811703719852
adolescent#007,23.0,122.0,10.1,9.9,10.7,9.9,6.5104146857309635,114.10970412932059,112.58512784490583,114.88263291018319,104.53769006477758,134.47999098913883
adolescent#007,23.0,122.0,10.3,10.1,10.9,10.5,6.5104146857309635,113.8675555894847,110.70206033994548,116.37282272650211,127.05823588622843,138.41649215559227
adolescent#007,23.0,122.0,10.4,10.3,11.1,9.7,6.5104146857309635,111.09485834833708,119.47897521314128,109.69061073243958,113.70526177810505,139.80896066202445
adolescent#007,23.0,122.0,10.4,10.5,11.0,5.0,6.5104146857309635,113.80542224956207,111.12772744106925,103.96227216790768,158.94169465976097,145.19497833906033
adolescent#007,23.0,122.0,10.4,10.4,10.8,12.3,6.5104146857309635,114.29573744676647,107.57904903717122,111.9978034646417,92.1548760848796,142.1752286441215
adolescent#007,23.0,122.0,10.4,10.3,10.8,11.4,6.5104146857309635,104.06161758783733,115.25725586821977,112.29781953446752,104.66333035887895,141.37788737935566
adolescent#007,23.0,122.0,10.3,10.5,10.8,11.1,6.5104146857309635,99.8945206383136,107.4315607782795,108.25431454900566,102.15607379888425,140.15517695265444
adolescent#007,23.0,122.0,10.2,10.2,10.8,11.2,6.5104146857309635,106.92593586968067,120.10979623717836,105.517643190294,113.48092238879103,129.35809289896733
