patient,meal,bg_fasting,ins_escada,ins_sts,ins_taco,ins_ts,ins_calc,ESCADA,STS,TACO,TS,Calc.
adolescent#007,35.0,124.0,10.8,10.8,12.1,13.1,9.670501987990114,133.9950324895381,137.75421726370985,125.93953882552904,130.12122223326494,153.0705222053956
adolescent#007,35.0,124.0,11.4,11.3,13.0,15.4,9.670501987990114,131.86149795445832,131.60570751487614,124.1918007721291,105.03346403887119,148.0147511744645
adolescent#007,35.0,124.0,12.0,12.0,13.9,14.4,9.670501987990114,132.07407064627168,133.43092755645802,119.38724706258436,124.56777680367087,156.38440007206833
adolescent#007,35.0,124.0,12.7,12.7,14.4,14.8,9.670501987990114,126.27232187143582,124.36221601499813,114.24817122260265,122.86990708390678,146.22977411617597
adolescent#007,35.0,124.0,13.3,13.2,14.5,15.3,9.670501987990114,128.0139589083655,132.69242648719748,118.15358235853435,115.42815783164741,149.1528011821974
adolescent#007,35.0,124.0,14.0,14.0,14.8,15.0,9.670501987990114,127.38019099303108,124.43495231589657,124.33739977878976,116.31803526563098,149.9733938643028
adolescent#007,35.0,124.0,14.8,14.7,15.6,15.3,9.670501987990114,122.221871088907,129.30907243826871,119.12686923826563,116.82304615136198,149.94522287365442
adolescent#007,35.0,124.0,15.4,15.5,16.3,15.8,9.670501987990114,113.93624522011274,111.37458616896015,114.11739955280206,101.98426518431698,144.74404349080805
adolescent#007,35.0,124.0,15.7,15.7,16.5,15.1,9.670501987990114,114.49857217805815,109.62204467444334,116.37809450068312,131.09726282888488,148.6805446572615
adolescent#007,35.0,124.0,15.8,15.4,16.8,15.4,9.670501987990114,111.39341122703402,121.01654855800902,108.98523391420784,111.16843243978204,150.07301316369367
adolescent#007,35.0,124.0,15.8,16.1,16.6,18.1,9.670501987990114,114.10397512825901,110.66993501917989,104.07869913884532,109.54343184677182,155.45903084072955
adolescent#007,35.0,124.0,15.8,15.7,16.3,15.6,9.670501987990114,114.5942903254634,108.76911203591213,112.31266748775454,102.99752912005633,152.43928114579072
adolescent#007,35.0,124.0,15.9,15.5,16.3,15.4,9.670501987990114,103.91994024117034,116.33964554126418,112.61268355758035,112.05859693195642,151.64193988102488
adolescent#007,35.0,124.0,15.7,15.9,16.3,20.0,9.670501987990114,100.52553722688705,107.84340718264141,108.56917857211849,89.87812839725191,150.41922945432367
adolescent#007,35.0,124.0,15.6,15.5,16.2,15.3,9.670501987990114,106.42198982623299,120.0572232782016,106.68802346828333,119.79935925815421,139.62214540063655
