patient,meal,bg_fasting,ins_escada,ins_sts,ins_taco,ins_ts,ins_calc,ESCADA,STS,TACO,TS,Calc.
adolescent#010,54.0,110.0,3.8,3.8,0.0,0.5,3.7786954490125835,152.04793561122528,160.00712764919513,281.6414321070153,258.19089556549966,157.88826752115887
adolescent#010,54.0,110.0,4.2,4.7,9.9,10.9,3.7786954490125835,142.3800764654787,132.66524862641717,62.904991840479475,64.42125845628604,149.93660180661698
adolescent#010,54.0,110.0,5.5,5.2,7.5,7.0,3.7786954490125835,114.66174331525237,139.24000016321804,94.98015140172203,96.55232146490597,159.14464901837175
adolescent#010,54.0,110.0,5.6,6.0,6.6,6.1,3.7786954490125835,110.30797689240751,113.10164110884926,93.82341144031827,99.0017465186365,158.94565124346965
adolescent#010,54.0,110.0,5.6,6.0,5.3,5.5,3.7786954490125835,116.54075646938217,115.35099452285056,122.4295990827228,118.63865875763481,152.73599412440893
adolescent#010,54.0,110.0,5.7,5.9,5.7,5.7,3.7786954490125835,115.05710479659754,116.53281404950106,125.04425723331633,111.13137275195646,148.94229107283718
adolescent#010,54.0,110.0,5.7,6.3,5.9,5.4,3.7786954490125835,117.40969652640429,105.24146419784763,104.28266505148751,119.66564646335218,149.5061647335166
adolescent#010,54.0,110.0,5.8,6.4,5.8,5.7,3.7786954490125835,115.81023839519543,100.22082781158316,113.80482150626874,111.35071217656362,162.78442861562905
adolescent#010,54.0,110.0,5.9,6.0,5.8,5.8,3.7786954490125835,110.02754140158224,111.31317598236016,114.4289426351296,116.04855496786276,151.96302733233907
adolescent#010,54.0,110.0,5.8,5.8,5.8,5.7,3.7786954490125835,117.86803500389513,117.25239771134855,116.9917230289364,118.54675360003287,161.01936800236587
adolescent#010,54.0,110.0,5.9,5.9,5.9,5.7,3.7786954490125835,119.18422902405987,114.07068533050234,115.73040624011203,112.67120795094883,151.61923604326512
adolescent#010,54.0,110.0,6.0,6.1,5.9,5.9,3.7786954490125835,119.33825146373877,101.26188274797792,109.35539639785554,114.56788773008613,152.68391991444597
adolescent#010,54.0,110.0,6.3,6.0,5.9,5.8,3.7786954490125835,112.23318373825427,107.64774359005969,115.71623279089033,116.81631581668523,161.37611778180116
adolescent#010,54.0,110.0,6.2,5.9,5.9,5.8,3.7786954490125835,111.22092789076544,100.0682533968659,119.37351345644652,98.08645803266208,147.31664927531617
adolescent#010,54.0,110.0,6.2,5.9,5.9,5.9,3.7786954490125835,112.18732273430352,104.68631649758211,114.49517079901368,113.14312992123874,157.76477155190233
