patient,meal,bg_fasting,ins_escada,ins_sts,ins_taco,ins_ts,ins_calc,ESCADA,STS,TACO,TS,Calc.
adolescent#006,28.0,108.0,2.9,3.6,2.8,2.1,3.7457143375570134,111.9937417917421,108.6021002918689,115.04563934164632,123.180337161028,105.17705500326855
adolescent#006,28.0,108.0,2.8,3.2,2.9,2.3,3.7457143375570134,115.66834408152184,109.18245154276904,109.70481984872005,127.58913191048724,97.22538928872667
adolescent#006,28.0,108.0,2.9,3.1,2.8,2.6,3.7457143375570134,111.92938007072333,126.77435055035924,121.61979283975563,118.84235207124694,106.43343650048146
adolescent#006,28.0,108.0,2.9,3.3,2.9,2.6,3.7457143375570134,107.57561364787847,112.5760717705104,106.45548781791297,107.46188158780721,106.23443872557934
adolescent#006,28.0,108.0,2.8,3.4,2.9,2.8,3.7457143375570134,115.34648111394266,112.04102810400963,114.41491845321326,117.4443834021953,100.02478160651863
adolescent#006,28.0,108.0,2.9,3.3,2.9,2.8,3.7457143375570134,115.66358279062538,114.45753468252191,125.65073522734417,113.27593863507383,96.23107855494686
adolescent#006,28.0,108.0,2.9,3.5,3.0,2.7,3.7457143375570134,118.01617452043213,103.57958362439001,105.0948981826039,116.74791377454486,96.79495221562631
adolescent#006,28.0,108.0,2.9,3.2,2.9,2.8,3.7457143375570134,116.41671638922327,105.57665923517207,114.41129950029658,113.49527805968098,110.07321609773877
adolescent#006,28.0,108.0,2.9,3.3,2.9,3.0,3.7457143375570134,113.8338788507089,110.7876066440213,115.03542062915744,113.66092864388033,99.25181481444876
adolescent#006,28.0,108.0,2.9,3.4,2.9,2.8,3.7457143375570134,118.47451299792297,109.19286180876853,117.59820102296425,120.69131948315024,108.30815548447556
adolescent#006,28.0,108.0,3.0,3.2,3.0,2.9,3.7457143375570134,119.99646215517626,111.9954059635232,116.54263937122842,113.27768594497667,98.90802352537483
adolescent#006,28.0,108.0,3.0,3.1,3.0,3.0,3.7457143375570134,121.70019462349543,102.16696124239559,110.16762952897193,115.38012086120251,99.97270739655566
adolescent#006,28.0,108.0,3.0,3.3,3.0,2.9,3.7457143375570134,117.59784683898344,107.12217425172082,116.52846592200672,117.42279381071307,108.66490526391085
adolescent#006,28.0,108.0,3.0,3.3,3.0,2.9,3.7457143375570134,116.58559099149461,97.99297402988675,120.1857465875629,98.69293602668992,94.60543675742585
adolescent#006,28.0,108.0,3.1,3.1,3.0,3.0,3.7457143375570134,116.0951211696937,104.0416849633595,115.30740393013006,113.95536305235512,105.05355903401204
