patient,meal,bg_fasting,ins_escada,ins_sts,ins_taco,ins_ts,ins_calc,ESCADA,STS,TACO,TS,Calc.
adolescent#008,28.0,108.0,15.0,15.0,0.0,17.0,14.988484821995431,110.45662860906398,124.15089517713395,229.68105717821666,113.69187030065365,123.87645541852768
adolescent#008,28.0,108.0,15.0,15.0,19.0,18.4,14.988484821995431,122.45989839356812,121.26541819209393,110.88776580109185,112.19825520791866,124.79299325528002
adolescent#008,28.0,108.0,15.0,13.0,18.8,18.0,14.988484821995431,122.48423725187939,133.70709407445713,108.08819979559065,119.07303136801308,129.43082101173823
adolescent#008,28.0,108.0,15.0,15.4,18.4,17.2,14.988484821995431,118.15057906100805,128.91107365740288,114.29100137723934,119.46485087511148,114.77390220178539
adolescent#008,28.0,108.0,15.6,16.6,18.4,27.8,14.988484821995431,120.89339357130453,123.57844457124605,111.7225002552737,80.3255829334799,121.88128941739446
adolescent#008,28.0,108.0,13.2,17.2,18.4,16.8,14.988484821995431,139.96434579223674,109.62341726845075,101.8432326836337,109.80249227495453,128.53878579253015
adolescent#008,28.0,108.0,16.0,16.4,17.8,14.2,14.988484821995431,119.78422101752633,115.14231561375802,110.41099916753696,125.45830110560982,125.87706157864852
adolescent#008,28.0,108.0,16.0,17.2,17.6,18.2,14.988484821995431,117.32578731346825,111.65945237272913,113.92536802891863,110.82449411946263,126.74172044945429
adolescent#008,28.0,108.0,16.0,16.6,17.8,9.8,14.988484821995431,122.4395517413353,115.37044560065911,111.52607105548654,150.1420339335639,125.10208221658078
adolescent#008,28.0,108.0,16.4,17.2,17.6,23.0,14.988484821995431,118.66786884305115,119.00096259294065,115.42439370825139,90.31979607265073,133.3528334427174
adolescent#008,28.0,108.0,16.6,17.2,17.8,18.0,14.988484821995431,112.78005248553822,117.4022709166778,114.52019629526369,113.32790428628145,121.79166471548064
adolescent#008,28.0,108.0,16.6,17.2,17.8,18.8,14.988484821995431,118.78495441899467,114.24499797870816,102.28910278330939,106.08452235874034,130.0881160100036
adolescent#008,28.0,108.0,16.8,17.4,17.6,18.0,14.988484821995431,126.1542784245746,102.5207039023844,113.67281529024007,108.881684108356,131.03248026228047
adolescent#008,28.0,108.0,17.0,17.2,17.6,18.4,14.988484821995431,121.21206913083437,115.35229194811797,107.230075725809,119.52183812297527,130.0882321826682
adolescent#008,28.0,108.0,17.2,17.2,17.4,19.0,14.988484821995431,114.33536267136671,112.19247456638338,110.26477121421699,110.98618622025123,124.10217114164016
