patient,meal,bg_fasting,ins_escada,ins_sts,ins_taco,ins_ts,ins_calc,ESCADA,STS,TACO,TS,Calc.
adolescent#008,38.0,119.0,22.0,22.0,0.0,28.6,21.930213281809074,114.19031476248767,127.88458133055764,299.381445030446,110.18869141270402,127.4034252830192
adolescent#008,38.0,119.0,22.0,22.2,37.0,29.0,21.930213281809074,126.19358454699181,124.99910434551762,103.38855012301364,112.98042729435556,128.31996311977156
adolescent#008,38.0,119.0,22.0,21.0,35.0,30.4,21.930213281809074,126.21792340530308,131.9119961182923,102.21518212871108,116.9527673812325,132.95779087622975
adolescent#008,38.0,119.0,22.6,22.8,31.0,5.4,21.930213281809074,119.90183707351248,131.88034642147318,111.68678512692527,238.08751771193278,118.30087206627691
adolescent#008,38.0,119.0,23.0,20.8,30.8,39.0,21.930213281809074,124.16803472532932,139.50526292668252,109.4386346928186,97.0109363693199,125.40825928188598
adolescent#008,38.0,119.0,23.4,24.0,30.2,24.8,21.930213281809074,130.236384234902,116.24460769997351,100.54356599769325,113.52192932790301,132.06575565702167
adolescent#008,38.0,119.0,20.6,24.2,27.4,25.6,21.930213281809074,133.96278493451916,118.29175743412064,112.99271609531554,114.51107540618817,129.40403144314004
adolescent#008,38.0,119.0,24.2,23.8,27.6,32.8,21.930213281809074,119.590142836004,118.81681923793454,114.87106023834487,104.96828529745629,130.26869031394583
adolescent#008,38.0,119.0,24.4,24.2,28.0,30.6,21.930213281809074,124.17831410194647,120.26922684551232,112.52350848272673,107.08806628721656,128.6290520810723
adolescent#008,38.0,119.0,24.8,24.4,28.0,26.8,21.930213281809074,119.77345919465917,125.09655986253884,115.5890150747392,113.49234186288174,136.87980330720893
adolescent#008,38.0,119.0,25.2,24.8,28.2,30.2,21.930213281809074,115.14687422017124,121.97960987944595,115.13507555024722,111.20764029950088,125.31863457997216
adolescent#008,38.0,119.0,25.2,24.6,28.4,15.2,21.930213281809074,121.1517761536277,119.3191444561562,102.90398203829292,160.07513394332017,133.61508587449512
adolescent#008,38.0,119.0,25.6,25.0,27.8,34.0,21.930213281809074,127.97048345814139,107.46135823743178,114.22530372316244,101.07041428973524,134.559450126772
adolescent#008,38.0,119.0,26.2,25.0,28.0,23.0,21.930213281809074,122.53863949117023,119.44152286942054,107.39469709229681,133.96048336365826,133.61520204715973
adolescent#008,38.0,119.0,26.6,24.8,27.8,30.2,21.930213281809074,114.79769646403099,116.76981352915153,109.13322029332926,112.91038386788935,127.62914100613168
