patient,meal,bg_fasting,ins_escada,ins_sts,ins_taco,ins_ts,ins_calc,ESCADA,STS,TACO,TS,Calc.
adolescent#005,63.0,126.0,7.6,7.6,0.0,20.0,7.6456725766080975,162.32441035761553,170.28360239558543,354.5016517402387,65.67026821494433,166.5992855110714
adolescent#005,63.0,126.0,9.8,9.5,20.0,13.4,7.6456725766080975,133.33864826895814,137.79563149521616,63.56144453698567,104.43309006005187,158.6476197965295
adolescent#005,63.0,126.0,11.1,10.7,16.4,12.7,7.6456725766080975,118.41932251443036,141.72317518892407,89.30078509357133,108.2074680641267,167.85566700828429
adolescent#005,63.0,126.0,11.6,12.2,14.3,11.3,7.6456725766080975,109.35461111613304,114.98924729348728,86.92896498851312,107.98272723941606,167.6566692333822
adolescent#005,63.0,126.0,11.5,12.6,11.1,11.7,7.6456725766080975,115.58739069310771,113.96733450112478,120.9048608969203,116.78095156219081,161.44701211432147
adolescent#005,63.0,126.0,11.6,13.0,11.7,12.2,7.6456725766080975,117.44258025887996,109.74581629643016,126.5253912764292,108.26940945285538,157.6533090627497
adolescent#005,63.0,126.0,11.7,12.9,12.2,11.7,7.6456725766080975,118.89083056951716,103.75759199207295,104.62056120748525,116.08448193454036,158.21718272342915
adolescent#005,63.0,126.0,11.9,12.5,12.0,11.8,7.6456725766080975,114.65054583443737,104.71856855178517,111.78828834519557,111.05945567014727,171.4954466055416
adolescent#005,63.0,126.0,12.0,12.4,12.0,10.8,7.6456725766080975,111.21086769560789,110.73111487472057,112.41240947405643,125.12140328879221,160.6740453222516
adolescent#005,63.0,126.0,11.9,12.3,12.0,11.9,7.6456725766080975,116.70834244313707,112.73306212513876,114.97518986786324,117.38706103927481,169.7303859922784
adolescent#005,63.0,126.0,12.0,11.9,12.0,12.6,7.6456725766080975,120.36755531808552,116.1108522248431,116.91373253413768,106.53797844548396,160.33025403317765
adolescent#005,63.0,126.0,12.2,12.4,12.1,12.1,7.6456725766080975,121.22585764837679,100.67982164033833,110.53872269188119,115.75121402411177,161.3949379043585
adolescent#005,63.0,126.0,12.5,12.4,12.0,12.1,7.6456725766080975,113.852243657501,107.0656824824201,116.89955908491598,114.79978265561206,170.0871357717137
adolescent#005,63.0,126.0,12.6,12.1,12.1,12.2,7.6456725766080975,112.83998781001218,101.25157969089155,120.55683975047216,95.22449473356099,156.0276672652287
adolescent#005,63.0,126.0,12.6,12.3,12.1,13.2,7.6456725766080975,113.80638265355026,103.36684036647114,115.67849709303933,105.61512632653628,166.47578954181486
