patient,meal,bg_fasting,ins_escada,ins_sts,ins_taco,ins_ts,ins_calc,ESCADA,STS,TACO,TS,Calc.
adolescent#009,58.0,102.0,2.2,2.2,0.0,0.0,2.2372702950673933,167.82389488359138,175.78308692156128,223.58721402810608,221.89330610222797,173.664226793525
adolescent#009,58.0,102.0,2.6,2.8,10.5,12.5,2.2372702950673933,161.98774851467624,161.01523755144004,77.5320278080394,76.75413907264075,165.7125610789831
adolescent#009,58.0,102.0,3.0,3.2,7.9,10.6,2.2372702950673933,152.36494165111475,168.1496704374962,103.49268707754668,83.5654724391625,174.92060829073787
adolescent#009,58.0,102.0,3.9,4.1,7.2,7.7,2.2372702950673933,133.20403043579486,142.59254844321697,95.21999444903808,89.23546289259318,174.72161051583578
adolescent#009,58.0,102.0,4.4,4.7,5.7,5.1,2.2372702950673933,132.25025782067573,135.1604836603163,117.12931792790357,126.59730861280478,168.51195339677506
adolescent#009,58.0,102.0,4.9,5.3,6.0,5.7,2.2372702950673933,127.58447140275666,128.64069483740568,125.25913685050693,114.45225022067461,164.7182503452033
adolescent#009,58.0,102.0,5.4,5.8,6.4,5.8,2.2372702950673933,124.01860787057838,116.31463109127739,103.81795630360989,117.92422536014564,165.28212400588274
adolescent#009,58.0,102.0,5.8,5.9,6.2,6.2,2.2372702950673933,119.13111586391358,112.08254477480897,112.04406645247933,109.58995712277421,178.56038788799518
adolescent#009,58.0,102.0,6.1,5.9,6.2,5.8,2.2372702950673933,113.44228047387166,117.29349218365819,112.66818758134019,119.36943243658091,167.7389866047052
adolescent#009,58.0,102.0,6.3,6.1,6.2,6.1,2.2372702950673933,116.10727995010572,117.46727732853915,115.230967975147,118.76163321722348,176.795327274732
adolescent#009,58.0,102.0,6.5,6.2,6.2,6.1,2.2372702950673933,117.79345860477173,115.50978973181175,117.16951064142144,112.88608756813943,167.39519531563124
adolescent#009,58.0,102.0,6.8,6.5,6.3,6.1,2.2372702950673933,116.81735187068361,101.42082235733005,110.79450079916495,117.98262680237555,168.4598791868121
adolescent#009,58.0,102.0,7.1,6.3,6.3,6.2,2.2372702950673933,111.00636691735191,110.63655802000937,117.15533719219974,115.05556076289582,177.15207705416728
adolescent#009,58.0,102.0,7.0,6.3,6.3,6.1,2.2372702950673933,109.99411106986308,101.5073577981753,120.81261785775592,98.30133764985268,163.0926085476823
adolescent#009,58.0,102.0,6.9,5.9,6.3,6.3,2.2372702950673933,111.80729425343662,109.11692267023986,115.93427520032309,114.58223432254815,173.54073082426845
