patient,meal,bg_fasting,ins_escada,ins_sts,ins_taco,ins_ts,ins_calc,ESCADA,STS,TACO,TS,Calc.
adolescent#005,38.0,119.0,4.8,5.1,0.0,0.0,4.533101610959455,141.83806924025322,144.95112385887705,251.16069086202322,249.4667829361451,151.0286220419263
adolescent#005,38.0,119.0,5.8,6.2,20.0,7.1,4.533101610959455,128.62421616457388,122.70538194690995,37.08534236334866,115.64274414411496,143.0769563273844
adolescent#005,38.0,119.0,6.3,6.5,12.9,7.4,4.533101610959455,119.57069365875843,134.99888838593856,72.09759264996394,108.9223959968151,152.28500353913918
adolescent#005,38.0,119.0,6.6,7.2,9.4,7.4,4.533101610959455,111.34918250010853,113.86904298094592,80.75929915677688,97.54192551337538,152.0860057642371
adolescent#005,38.0,119.0,6.7,7.1,6.9,7.2,4.533101610959455,115.10010170243727,118.41586485673608,113.29952562480443,111.3176499074355,145.87634864517636
adolescent#005,38.0,119.0,6.8,7.5,6.9,7.2,4.533101610959455,115.74238909104915,112.43531349176793,124.53534239893534,107.14920514031402,142.0826455936046
adolescent#005,38.0,119.0,6.9,7.6,7.2,7.1,4.533101610959455,116.9007816920233,105.6963936097273,103.50035689494389,112.91864874157392,142.64651925428404
adolescent#005,38.0,119.0,7.0,7.5,7.1,7.0,4.533101610959455,114.12553924534186,103.55443804441809,112.12012235641517,109.66601302671005,155.92478313639648
adolescent#005,38.0,119.0,7.1,7.2,7.1,6.9,4.533101610959455,111.54270170682749,112.08057785445682,112.74424348527603,115.53964013348177,145.1033818531065
adolescent#005,38.0,119.0,7.1,7.5,7.1,7.1,4.533101610959455,116.18333585404156,109.9550376985166,115.30702387908283,116.8620544501793,154.1597225231333
adolescent#005,38.0,119.0,7.2,7.5,7.1,7.0,4.533101610959455,118.40192086751625,109.97318477276922,117.24556654535728,110.98650880109525,144.75959056403255
adolescent#005,38.0,119.0,7.5,7.1,7.1,7.1,4.533101610959455,116.79046093464592,104.32675308186344,110.87055670310079,116.08304803533137,145.8242744352134
adolescent#005,38.0,119.0,7.8,7.3,7.1,7.1,4.533101610959455,109.52346611178574,107.29289390504249,117.23139309613558,115.13161666683166,154.5164723025686
adolescent#005,38.0,119.0,7.6,7.3,7.2,7.1,4.533101610959455,111.6758573026451,98.16369368320842,118.5912052999029,96.40175888280851,140.4570037960836
adolescent#005,38.0,119.0,7.6,6.9,7.2,3.5,4.533101610959455,112.64225214618318,107.37726111829994,113.71286264247006,168.38758910185166,150.90512607266976
