patient,meal,bg_fasting,ins_escada,ins_sts,ins_taco,ins_ts,ins_calc,ESCADA,STS,TACO,TS,Calc.
adolescent#008,60.0,142.0,37.0,37.0,0.0,44.0,37.050797031116375,156.74916658430593,170.4434331523759,468.66448459298084,157.7342568081721,169.23921816594986
adolescent#008,60.0,142.0,39.0,37.0,75.8,73.8,37.050797031116375,165.20758716129816,167.55795616733587,137.19903840129365,136.29690879884697,170.15575600270222
adolescent#008,60.0,142.0,41.8,37.0,80.0,80.0,37.050797031116375,161.07747342288496,170.32649343715815,131.54969097936763,139.28744683481943,174.7935837591604
adolescent#008,60.0,142.0,44.6,38.2,80.0,67.4,37.050797031116375,152.49330382113243,174.87389829043792,135.32601414488582,142.04894298668765,160.13666494920759
adolescent#008,60.0,142.0,46.8,37.0,80.0,80.0,37.050797031116375,155.4225142022848,177.04018774880134,132.75751302292016,130.96504983812756,167.24405216481665
adolescent#008,60.0,142.0,49.0,37.2,76.2,79.6,37.050797031116375,159.26222422304875,164.43803765765466,124.63731055931835,125.2308538733903,173.90154853995233
adolescent#008,60.0,142.0,51.6,37.0,76.4,74.8,37.050797031116375,150.51402485953716,166.8547193668227,131.461000528393,130.4079746099017,171.2398243260707
adolescent#008,60.0,142.0,53.8,37.0,75.8,78.0,37.050797031116375,146.0910605627641,166.84360473695398,134.53270918772193,131.94408924938185,172.1044831968765
adolescent#008,60.0,142.0,55.8,43.2,74.8,79.4,37.050797031116375,149.37249096430324,158.79960197248027,133.46535603089382,130.34954673697692,170.46484496400296
adolescent#008,60.0,142.0,57.8,45.6,74.0,80.0,37.050797031116375,144.77328721300236,160.9313895445861,136.83658816187105,129.47194818449833,178.7155961901396
adolescent#008,60.0,142.0,59.8,48.2,72.8,79.8,37.050797031116375,139.03057766784391,156.1745603317428,137.4973925374808,133.71974453989964,167.15442746290282
adolescent#008,60.0,142.0,61.8,50.4,71.2,79.4,37.050797031116375,143.53019627110945,150.79329296453645,126.02609056246446,129.8127941585011,175.45087875742578
adolescent#008,60.0,142.0,63.8,52.4,71.4,79.8,37.050797031116375,150.3486989971841,137.65624596151025,136.46671232399308,129.27352436197415,176.39524300970265
adolescent#008,60.0,142.0,65.8,54.4,70.2,79.6,37.050797031116375,144.931296052168,147.72636219299253,130.69507601781777,140.82363150660555,175.4509949300904
adolescent#008,60.0,142.0,67.8,56.2,69.6,79.8,37.050797031116375,136.79684764354909,142.95644614392793,132.5052120334195,135.4224881082881,169.46493388906234
