patient,meal,bg_fasting,ins_escada,ins_sts,ins_taco,ins_ts,ins_calc,ESCADA,STS,TACO,TS,Calc.
adolescent#007,67.0,144.0,19.3,19.3,25.6,23.0,19.271375010581615,167.13171862054872,170.89090339472048,134.0729222646709,156.34947014302057,178.00238079977584
adolescent#007,67.0,144.0,22.2,21.8,32.4,35.0,19.271375010581615,152.36112591883008,153.05029358922184,116.16086891681964,102.39101841967337,172.94660976884472
adolescent#007,67.0,144.0,24.7,24.5,33.3,30.6,19.271375010581615,144.4102648810804,146.20435166896075,113.86631041076429,128.76737064865347,181.31625866644856
adolescent#007,67.0,144.0,27.0,26.8,33.5,33.9,19.271375010581615,132.61453129634145,131.44635742159096,110.5067840365791,120.33094407308167,171.1616327105562
adolescent#007,67.0,144.0,28.7,28.3,33.3,34.1,19.271375010581615,132.39722479346716,137.30539913818225,115.67545426453358,114.49895134668058,174.08465977657764
adolescent#007,67.0,144.0,30.2,29.9,33.5,35.0,19.271375010581615,130.74808907899,129.02722120457202,122.55438965331683,111.81580042787034,174.90525245868304
adolescent#007,67.0,144.0,31.7,31.3,34.3,33.7,19.271375010581615,125.22319768283823,132.46567819729955,119.3173057769801,116.88962133389289,174.87708146803465
adolescent#007,67.0,144.0,32.9,32.9,35.0,34.4,19.271375010581615,116.77538595868216,114.66891057935291,115.43840611643421,102.82142928173947,169.67590208518828
adolescent#007,67.0,144.0,33.9,33.2,35.0,33.8,19.271375010581615,115.67998382234165,112.32665090093711,118.54085897883053,130.23399243877486,173.61240325164172
adolescent#007,67.0,144.0,34.8,34.0,35.0,34.8,19.271375010581615,111.26295000213588,120.79352629814514,112.38565144329019,109.23990433854564,175.0048717580739
adolescent#007,67.0,144.0,34.6,34.0,35.0,34.9,19.271375010581615,114.21369688920518,113.55484868726947,106.65731287875829,118.45640761461706,180.39088943510978
adolescent#007,67.0,144.0,34.7,35.0,35.0,34.8,19.271375010581615,114.46382910056526,107.0332231730086,113.63367405138669,101.97555777511421,177.37113974017095
adolescent#007,67.0,144.0,34.9,33.6,35.0,34.7,19.271375010581615,103.99062811280365,117.57242081807063,113.9336901212125,110.13006883072002,176.5737984754051
adolescent#007,67.0,144.0,34.5,34.0,35.0,34.6,19.271375010581615,99.9850891188373,109.85868202447972,109.89018513575064,105.80521501354059,175.3510880487039
adolescent#007,67.0,144.0,34.1,33.7,35.0,34.3,19.271375010581615,106.85837796151185,121.03801999650727,107.15351377703898,118.62420117662299,164.55400399501679
