patient,meal,bg_fasting,ins_escada,ins_sts,ins_taco,ins_ts,ins_calc,ESCADA,STS,TACO,TS,Calc.
adolescent#008,35.0,124.0,20.8,22.0,0.0,29.6,20.89362520798699,112.28542287206369,120.82148188802395,294.00408236005336,100.73840939658072,124.77547445370764
adolescent#008,35.0,124.0,20.2,22.2,23.6,25.8,20.89362520798699,127.85953439503922,117.93600490298394,119.34634267371142,111.8085457508653,125.69201229045999
adolescent#008,35.0,124.0,22.2,20.2,25.2,26.2,20.89362520798699,119.1548239627694,129.4335914633873,112.02885730364626,116.96001952257437,130.32984004691818
adolescent#008,35.0,124.0,22.2,22.6,25.2,45.0,20.89362520798699,114.82116577189805,125.17145864848246,115.80518046916445,88.64998277966629,115.67292123696535
adolescent#008,35.0,124.0,22.2,20.8,25.6,26.4,20.89362520798699,120.30712045989407,132.57644403655914,111.79602220138005,108.63762252588249,122.78030845257442
adolescent#008,35.0,124.0,22.4,22.8,25.4,26.8,20.89362520798699,126.13714881464018,112.27812567150089,102.86831776118414,101.33734318413302,129.43780482771012
adolescent#008,35.0,124.0,22.8,22.4,25.0,25.0,20.89362520798699,118.08209451158946,116.40812302652516,110.27792721239454,108.335617679352,126.77608061382848
adolescent#008,35.0,124.0,23.0,23.0,24.8,25.0,20.89362520798699,114.98647764370513,113.67697761195302,113.45808589974666,111.51807591054762,127.64073948463425
adolescent#008,35.0,124.0,23.0,23.0,25.0,24.6,20.89362520798699,120.10024207157217,115.66556165321344,111.39299910034413,111.56903363457481,126.00110125176074
adolescent#008,35.0,124.0,23.2,23.0,24.8,25.6,20.89362520798699,117.2136454711149,121.01848783216454,114.95711157907942,108.51045736295822,134.2518524778974
adolescent#008,35.0,124.0,23.4,23.2,25.0,24.8,20.89362520798699,112.4583901298655,119.41979615590168,114.38712434012128,114.52009196408927,122.6906837506606
adolescent#008,35.0,124.0,23.4,23.0,25.0,25.0,20.89362520798699,118.46329206332196,116.26252321793204,102.15603082816698,110.02517986679595,130.98713504518355
adolescent#008,35.0,124.0,23.6,23.0,24.8,25.0,20.89362520798699,125.5155591784211,105.3896525553531,113.2055331610681,109.57526589944099,131.93149929746045
adolescent#008,35.0,124.0,24.0,23.4,24.8,25.4,20.89362520798699,120.30875988353232,116.7530387791148,106.76279359663704,120.54692320052571,130.98725121784815
adolescent#008,35.0,124.0,24.2,23.4,24.8,25.2,20.89362520798699,113.43205342406466,113.59322139738022,108.11344973123492,115.72422964575492,125.00119017682012
