patient,meal,bg_fasting,ins_escada,ins_sts,ins_taco,ins_ts,ins_calc,ESCADA,STS,TACO,TS,Calc.
adolescent#006,46.0,139.0,8.1,8.1,8.3,8.6,8.068888583592827,90.21204821159907,98.17124024956894,88.5860615955273,84.89027459215396,96.05238012153265
adolescent#006,46.0,139.0,7.0,6.9,7.2,7.5,8.068888583592827,104.12381790423646,106.35099687107258,97.17775447718186,101.78518247122837,88.10071440699078
adolescent#006,46.0,139.0,6.7,6.7,6.6,7.4,8.068888583592827,105.8711636216312,125.16710308461639,116.77181941310425,100.77605020903259,97.30876161874556
adolescent#006,46.0,139.0,6.5,7.2,6.8,6.9,8.068888583592827,104.26572811031662,105.93062321507801,99.05835827493298,95.64472250860116,97.10976384384344
adolescent#006,46.0,139.0,6.3,7.0,6.5,6.7,8.068888583592827,114.80314386716366,110.70060371242164,111.1050329156514,109.84807906401365,90.90010672478273
adolescent#006,46.0,139.0,6.4,7.0,6.5,6.4,8.068888583592827,113.76390566842187,110.33271321043186,122.34084968978232,109.83817362378079,87.10640367321096
adolescent#006,46.0,139.0,6.4,6.9,6.6,6.2,8.068888583592827,116.11649739822862,104.88716012878481,104.77911696305232,116.20457652776585,87.67027733389041
adolescent#006,46.0,139.0,6.4,6.9,6.6,6.2,8.068888583592827,114.51703926701975,102.74520456347561,111.10141396273472,112.95194081290198,100.94854121600287
adolescent#006,46.0,139.0,6.4,6.8,6.6,6.2,8.068888583592827,111.93420172850539,109.27209391714712,111.72553509159559,117.64978360420112,90.12713993271286
adolescent#006,46.0,139.0,6.4,7.0,6.6,6.4,8.068888583592827,116.57483587571946,107.85243741718054,114.28831548540239,117.2535544718572,99.18348060273966
adolescent#006,46.0,139.0,6.4,6.9,6.6,6.6,8.068888583592827,121.09088935098302,109.16395129182673,116.22685815167684,109.96780040741481,89.78334864363893
adolescent#006,46.0,139.0,6.5,6.8,6.6,6.4,8.068888583592827,121.38441340394385,99.22080068276486,109.85184830942035,116.47454805700927,90.84803251481976
adolescent#006,46.0,139.0,6.5,6.7,6.6,6.4,8.068888583592827,117.28206561943186,106.9455746187345,116.21268470245514,115.52311668850956,99.54023038217495
adolescent#006,46.0,139.0,6.5,6.7,6.6,6.5,8.068888583592827,116.26980977194303,97.81637439690043,119.86996536801132,95.38305048912807,85.48076187568995
adolescent#006,46.0,139.0,6.6,6.7,6.6,6.5,8.068888583592827,117.23620461548111,102.43443749761664,114.99162271057848,113.63958183280354,95.92888415227614
