patient,meal,bg_fasting,ins_escada,ins_sts,ins_taco,ins_ts,ins_calc,ESCADA,STS,TACO,TS,Calc.
adolescent#006,60.0,142.0,10.2,10.2,11.1,9.1,10.238412358554818,92.30930745705,100.26849949501987,85.94606891327855,103.48042444041062,97.21698411307284
adolescent#006,60.0,142.0,8.3,7.8,9.0,7.1,10.238412358554818,114.19768787812899,121.77688831964777,101.37160076245196,136.52659481051506,89.26531839853097
adolescent#006,60.0,142.0,8.6,8.4,8.2,8.5,10.238412358554818,109.49380326496822,130.03056936486345,122.73953243902494,113.30268767408805,98.47336561028575
adolescent#006,60.0,142.0,8.5,9.3,8.7,8.1,10.238412358554818,105.14003684212337,106.81867910912813,102.79977303100647,108.34439491979646,98.27436783538363
adolescent#006,60.0,142.0,8.3,8.9,8.5,8.3,10.238412358554818,113.87582491054981,113.51359362030675,111.97934164745816,115.97372719880245,92.06471071632292
adolescent#006,60.0,142.0,8.3,9.0,8.5,8.3,10.238412358554818,115.73101447632206,112.00593241235963,123.21515842158907,111.80528243168098,88.27100766475115
adolescent#006,60.0,142.0,8.4,9.3,8.6,8.4,10.238412358554818,116.82142435158708,101.96122213909901,105.65342569485907,114.01507571661028,88.8348813254306
adolescent#006,60.0,142.0,8.4,9.1,8.5,8.4,10.238412358554818,115.22196622037822,103.12505696500979,111.97572269454147,110.76244000174641,102.11314520754306
adolescent#006,60.0,142.0,8.5,8.6,8.5,8.5,10.238412358554818,111.3983020449538,114.233646654372,112.59984382340234,114.2194561561355,91.29174392425305
adolescent#006,60.0,142.0,8.5,9.0,8.5,8.5,10.238412358554818,116.03893619216787,109.5256566191083,115.16262421720914,116.71765478830561,100.34808459427985
adolescent#006,60.0,142.0,8.5,8.9,8.5,8.5,10.238412358554818,120.55498966743143,110.68357439931826,117.10116688348359,110.84210913922156,90.94795263517912
adolescent#006,60.0,142.0,8.5,8.1,8.6,8.5,10.238412358554818,122.2587221357506,110.60453114913787,110.7261570412271,115.93864837345768,92.01263650635995
adolescent#006,60.0,142.0,8.6,8.7,8.6,8.5,10.238412358554818,118.15637435123861,109.34807628092013,117.08699343426188,114.98721700495797,100.70483437371514
adolescent#006,60.0,142.0,8.6,8.6,8.6,8.6,10.238412358554818,117.14411850374978,101.43901404023745,120.74427409981806,96.2573592209348,86.64536586723014
adolescent#006,60.0,142.0,8.7,8.7,8.6,8.2,10.238412358554818,116.89037536613647,104.83693915980227,115.86593144238523,119.60729485872423,97.09348814381633
