patient,meal,bg_fasting,ins_escada,ins_sts,ins_taco,ins_ts,ins_calc,ESCADA,STS,TACO,TS,Calc.
adolescent#005,58.0,102.0,5.9,5.9,0.0,15.7,5.942254662638146,159.5388480175643,167.4980400555342,297.8683278094443,74.16978941068463,165.37917992749792
adolescent#005,58.0,102.0,6.8,7.3,20.0,4.6,5.942254662638146,148.31892653872484,142.51178115531613,55.97929087911346,189.71763072631387,157.42751421295603
adolescent#005,58.0,102.0,8.8,8.4,15.1,8.5,5.942254662638146,121.7438636959943,145.38836760576302,84.74928348203163,128.79138750844058,166.6355614247108
adolescent#005,58.0,102.0,9.3,9.9,12.5,10.0,5.942254662638146,112.28317877908748,117.48439345420951,85.52686857928538,102.48229043497892,166.4365636498087
adolescent#005,58.0,102.0,9.5,10.2,9.5,9.6,5.942254662638146,116.57002718050852,117.94154848772241,117.17655240886864,118.66792946876116,160.22690653074798
adolescent#005,58.0,102.0,9.7,10.2,9.8,9.6,5.942254662638146,117.47217227675691,117.57365798573264,125.59206164741823,114.49948470163969,156.43320347917623
adolescent#005,58.0,102.0,9.9,10.2,10.2,9.7,5.942254662638146,117.04287938802544,110.834738103692,105.3235089877191,117.01841537158685,156.99707713985566
adolescent#005,58.0,102.0,10.2,10.3,10.1,9.7,5.942254662638146,113.65122287632819,106.94868244374858,112.53579593887207,113.76577965672298,170.2753410219681
adolescent#005,58.0,102.0,10.3,10.6,10.1,9.6,5.942254662638146,109.3242852431796,110.46211329119387,113.15991706773293,119.41666691754598,159.45393973867812
adolescent#005,58.0,102.0,10.1,10.4,10.1,9.5,5.942254662638146,116.59900943649846,112.49479403967312,115.72269746153974,121.9148655497161,168.51028040870492
adolescent#005,58.0,102.0,10.2,10.5,10.1,10.0,5.942254662638146,120.22507296029146,111.66991261069577,117.66124012781418,111.40218238355216,159.11014844960417
adolescent#005,58.0,102.0,10.5,10.4,10.2,9.9,5.942254662638146,118.48718877257248,101.25384856004158,110.39624033408712,117.4009300468061,160.17483232078501
adolescent#005,58.0,102.0,11.0,10.2,10.2,10.2,5.942254662638146,110.33520607653874,110.23829755493155,116.75707672712191,114.657300297818,168.8670301881402
adolescent#005,58.0,102.0,10.8,10.3,10.2,10.0,5.942254662638146,110.91041808480274,99.36499723846326,120.41435739267808,96.8174324652654,154.80756168165522
adolescent#005,58.0,102.0,10.7,10.0,10.3,10.0,5.942254662638146,113.50722360551066,106.61715038528426,113.79191464061104,115.07396380894089,165.25568395824138
