patient,meal,bg_fasting,ins_escada,ins_sts,ins_taco,ins_ts,ins_calc,ESCADA,STS,TACO,TS,Calc.
adolescent#001,62.0,101.0,4.4,4.4,0.0,0.4,4.401837036339953,121.4004045417695,129.3595965797394,152.72838578600002,147.69380030682223,127.24073645170309
adolescent#001,62.0,101.0,3.5,5.0,19.9,2.9,4.401837036339953,128.5712598420128,121.34662226536967,67.70575028934026,136.61532633261774,119.28907073716121
adolescent#001,62.0,101.0,4.6,3.8,9.4,5.1,4.401837036339953,120.80314820258774,144.50890299610188,107.64698244783617,122.02081838633798,128.49711794891599
adolescent#001,62.0,101.0,4.9,5.7,8.4,7.4,4.401837036339953,114.36690260443915,121.3038996303476,97.75312659002964,99.65560016280014,128.2981201740139
adolescent#001,62.0,101.0,5.4,5.9,6.4,6.3,4.401837036339953,118.1012946854528,122.60945217432396,114.02635146208377,116.42268577878953,122.08846305495317
adolescent#001,62.0,101.0,5.9,6.4,6.6,6.3,4.401837036339953,117.56599296433185,119.95058450749822,124.81522454995519,112.25424101166806,118.29476000338141
adolescent#001,62.0,101.0,6.5,6.3,7.4,6.0,4.401837036339953,117.18066384304315,114.11662188227083,103.38680866701088,116.64633566685185,118.85863366406085
adolescent#001,62.0,101.0,7.2,5.7,7.0,6.6,4.401837036339953,112.55056519210903,114.30448709500928,111.39410592891016,111.12167949320248,132.1368975461733
adolescent#001,62.0,101.0,7.7,6.2,7.0,12.8,4.401837036339953,107.90095559543286,117.18561372581085,112.01822705777103,93.0666443010572,121.3154962628833
adolescent#001,62.0,101.0,7.1,6.6,7.0,6.5,4.401837036339953,115.45731942653656,117.02336502798741,114.58100745157783,118.31772091667173,130.3718369329101
adolescent#001,62.0,101.0,7.3,7.0,7.0,6.7,4.401837036339953,118.70480519919384,114.85982920824259,116.51955011785228,111.55906484234549,120.97170497380937
adolescent#001,62.0,101.0,7.8,7.1,7.1,7.7,4.401837036339953,118.35716065570625,103.60073665435843,110.14454027559579,112.44130192393675,122.0363888449902
adolescent#001,62.0,101.0,8.8,7.4,7.0,6.7,4.401837036339953,110.36680247761821,108.30159723422334,116.50537666863057,115.7041727080819,130.7285867123454
adolescent#001,62.0,101.0,8.3,6.5,7.1,6.9,4.401837036339953,111.2646085825304,103.03908016860358,120.16265733418675,96.10519472667178,116.66911820586039
adolescent#001,62.0,101.0,8.2,6.5,7.2,6.8,4.401837036339953,113.0137370431597,107.65714326931979,114.4353570510261,114.79456533145549,127.11724048244658
