patient,meal,bg_fasting,ins_escada,ins_sts,ins_taco,ins_ts,ins_calc,ESCADA,STS,TACO,TS,Calc.
adult#003,41.0,120.0,5.0,5.0,0.0,1.5,4.973742744596647,135.53176535503832,143.49095739300816,222.4753354783782,190.4656854922358,142.6942237797303
adult#003,41.0,120.0,5.5,5.9,13.1,18.4,4.973742744596647,131.25114586111764,127.27475255496798,58.44485312022179,39.25227061189064,134.7425580651884
adult#003,41.0,120.0,6.3,6.5,8.7,5.3,4.973742744596647,120.58181793085025,136.4219701154874,103.66042128344051,136.6711717934877,143.95060527694318
adult#003,41.0,120.0,6.7,7.3,8.0,7.4,4.973742744596647,110.52351698256275,114.91224308209212,95.78504121298008,99.76565499820263,143.75160750204108
adult#003,41.0,120.0,6.8,7.4,6.3,6.8,4.973742744596647,115.64805555361919,116.1149030024167,123.06735631334018,117.74595784187183,137.54195038298036
adult#003,41.0,120.0,6.9,7.8,7.0,6.9,4.973742744596647,116.4055814258522,111.65716499733661,125.30552268802374,112.47984938121112,133.7482473314086
adult#003,41.0,120.0,7.1,8.0,7.4,6.7,4.973742744596647,117.6709619811117,102.92978501165419,103.49686350241338,118.15772922013961,134.31212099208804
adult#003,41.0,120.0,7.4,7.8,7.2,6.9,4.973742744596647,111.82457739102247,102.77628954998677,111.9224952451592,112.69918880581828,147.59038487420048
adult#003,41.0,120.0,7.3,7.5,7.2,6.8,4.973742744596647,110.28843334618482,111.04020607505294,112.54661637402006,118.49469529065665,136.7689835909105
adult#003,41.0,120.0,7.2,7.6,7.2,7.2,4.973742744596647,115.98570874278559,112.22985832030223,115.10939676782687,116.66442733892333,145.8253242609373
adult#003,41.0,120.0,7.3,7.6,7.2,7.1,4.973742744596647,119.44512096866245,112.24800539455484,117.04793943410131,112.93247340565624,136.42519230183655
adult#003,41.0,120.0,7.6,7.3,7.3,7.1,4.973742744596647,119.06528155643154,103.07248472122077,109.61628834245812,118.02901263989236,137.4898761730174
adult#003,41.0,120.0,8.1,7.3,7.2,7.0,4.973742744596647,109.92150455206082,109.45834556330254,117.03376598487961,117.07758127139265,146.18207404037258
adult#003,41.0,120.0,7.9,7.5,7.3,7.1,4.973742744596647,109.89887182531142,98.2455734609184,119.6344054010491,98.34772348736948,132.1226055338876
adult#003,41.0,120.0,7.7,7.2,7.3,6.9,4.973742744596647,112.8722704657306,106.00384969157139,114.75606274361625,117.69146600559222,142.57072781047376
