patient,meal,bg_fasting,ins_escada,ins_sts,ins_taco,ins_ts,ins_calc,ESCADA,STS,TACO,TS,Calc.
adult#003,23.0,122.0,3.1,3.1,0.0,2.7,3.0852593283409377,126.65270830651129,134.61190034448117,178.02878406424512,131.99889004503493,133.8520264533935
adult#003,23.0,122.0,2.7,4.1,9.9,1.7,3.0852593283409377,134.31550271078854,118.13284581550211,58.140091766363334,153.04898735952912,125.90036073885162
adult#003,23.0,122.0,3.9,4.3,5.3,3.3,3.0852593283409377,116.23120896634227,131.86709520363152,109.32669572180828,129.05298003708234,135.1084079506064
adult#003,23.0,122.0,4.1,3.9,5.1,4.3,3.0852593283409377,110.64439110450573,122.75951748223514,97.88576151232891,104.99956966632645,134.9094101757043
adult#003,23.0,122.0,4.1,4.8,4.2,4.0,3.0852593283409377,116.8771706814804,115.50143340175221,115.05669412313628,118.97507296973303,128.69975305664357
adult#003,23.0,122.0,4.3,4.8,4.4,4.7,3.0852593283409377,116.3053584605484,115.13354289976243,123.91649612713861,106.53224214711902,124.90605000507182
adult#003,23.0,122.0,4.5,5.0,4.7,4.1,3.0852593283409377,115.11262470072818,105.03050531100303,102.88339390174889,118.27860334208259,125.46992366575125
adult#003,23.0,122.0,4.7,4.7,4.5,4.2,3.0852593283409377,111.21110779035799,106.2526674524126,111.50774968059262,112.59896584051448,138.7481875478637
adult#003,23.0,122.0,4.7,4.9,4.5,13.4,3.0852593283409377,108.62827025184362,109.20922044432685,112.13187080945349,43.77043140519951,127.9267862645737
adult#003,23.0,122.0,4.5,4.6,4.5,4.4,3.0852593283409377,115.57096317821902,114.95532588567244,114.69465120326029,117.41899249385516,136.9831269346005
adult#003,23.0,122.0,4.6,4.7,4.5,4.3,3.0852593283409377,120.08701665348258,112.67141418076372,116.63319386953474,113.91946161489969,127.58299497549977
adult#003,23.0,122.0,4.7,4.7,4.6,4.7,3.0852593283409377,119.48869034264042,101.41232162687956,110.25818402727825,113.1686165803475,128.6476788466806
adult#003,23.0,122.0,5.0,4.6,4.5,4.5,3.0852593283409377,112.02222485140966,110.10024124812267,116.61902042031303,114.51924399100912,137.3398767140358
adult#003,23.0,122.0,5.0,4.6,4.6,6.7,3.0852593283409377,111.00996900392083,100.9710410262886,120.27630108586922,72.88729975898588,123.28040820755079
adult#003,23.0,122.0,4.9,4.5,4.6,4.4,3.0852593283409377,113.08608713724271,105.58910412700482,115.39795842843638,115.21522827015984,133.72853048413697
