patient,meal,bg_fasting,ins_escada,ins_sts,ins_taco,ins_ts,ins_calc,ESCADA,STS,TACO,TS,Calc.
adult#002,67.0,144.0,11.8,11.8,0.0,4.0,11.794169519473188,151.21276996158667,159.17196199955657,261.9663031084499,214.05291266126122,157.66423553223567
adult#002,67.0,144.0,13.3,14.3,20.0,1.7,11.794169519473188,144.70290760550242,140.38314751463085,111.45383862236419,245.47307996680058,149.71256981769378
adult#002,67.0,144.0,16.2,15.9,19.9,6.6,11.794169519473188,128.71891624089196,148.90753629193853,122.50369979375495,194.20787897481193,158.92061702944855
adult#002,67.0,144.0,17.7,17.8,20.0,17.2,11.794169519473188,118.072070537413,128.16598869324616,108.2045065915571,116.87563250066493,158.72161925454645
adult#002,67.0,144.0,18.7,19.8,20.0,17.5,11.794169519473188,120.47590153641555,123.12903684370633,116.1639372268574,126.80115338627553,152.51196213548573
adult#002,67.0,144.0,19.7,20.0,20.0,20.0,11.794169519473188,118.76816316613392,122.08817027227185,127.39975400098831,113.48686951962844,148.71825908391398
adult#002,67.0,144.0,20.0,19.5,20.0,20.0,11.794169519473188,119.76519329407627,117.04975974809199,109.83802127425831,116.95884465909947,149.2821327445934
adult#002,67.0,144.0,20.0,20.0,20.0,20.0,11.794169519473188,118.1657351628674,113.20729482492202,116.16031827394072,113.7062089442356,162.56039662670585
adult#002,67.0,144.0,20.0,19.9,20.0,19.9,11.794169519473188,115.58289762435304,119.09121830321594,116.78443940280158,119.07702780497944,151.73899534341587
adult#002,67.0,144.0,20.0,20.0,20.0,19.4,11.794169519473188,120.22353177156711,119.60789447902053,119.34721979660839,123.30006944435848,160.79533601344266
adult#002,67.0,144.0,20.0,19.8,20.0,20.0,11.794169519473188,124.73958524683067,120.29901762271784,121.28576246288283,115.0267047186208,151.39520405434192
adult#002,67.0,144.0,20.0,20.0,20.0,20.0,11.794169519473188,126.44331771514985,108.366948999389,114.91075262062634,120.12324395285692,152.45988792552276
adult#002,67.0,144.0,20.0,20.0,20.0,20.0,11.794169519473188,122.34096993063785,114.75280984147076,121.27158901366113,119.17181258435721,161.15208579287795
adult#002,67.0,144.0,20.0,19.8,20.0,20.0,11.794169519473188,121.32871408314902,106.2965856890814,124.92886967921731,100.44195480033406,147.09261728639297
adult#002,67.0,144.0,20.0,20.0,20.0,19.9,11.794169519473188,122.2951089266871,110.24167272035291,120.05052702178448,119.37146221345424,157.54073956297913
