patient,meal,bg_fasting,ins_escada,ins_sts,ins_taco,ins_ts,ins_calc,ESCADA,STS,TACO,TS,Calc.
adult#002,31.0,110.0,3.7,4.4,2.1,0.0,3.60363733972435,128.86009380763994,132.4375010534484,141.36400024302762,156.34415461014598,135.34688735882574
adult#002,31.0,110.0,3.0,5.4,10.2,5.3,3.60363733972435,135.63284308678166,121.70653005009531,94.49256853267471,125.70690383705265,127.39522164428385
adult#002,31.0,110.0,4.9,5.4,6.3,6.7,3.60363733972435,121.43323784440797,137.86778122492896,122.38321847227097,115.46825281305273,136.60326885603862
adult#002,31.0,110.0,5.4,3.6,7.8,6.8,3.60363733972435,114.21807533909893,135.97050224376625,100.88759867781283,103.5860670541908,136.40427108113653
adult#002,31.0,110.0,5.6,6.0,6.9,6.7,3.60363733972435,119.89250856977635,124.06717638761418,113.14559405460575,115.63628384631535,130.1946139620758
adult#002,31.0,110.0,6.0,6.7,7.0,6.3,3.60363733972435,119.02371717762207,120.06913983183729,123.88789766556333,114.03936426758916,126.40091091050405
adult#002,31.0,110.0,6.4,3.0,7.3,6.4,3.60363733972435,119.27635261675427,135.10281851093643,104.86979781825765,116.47000398177747,126.96478457118349
adult#002,31.0,110.0,6.8,7.2,7.1,6.6,3.60363733972435,115.64498944701064,108.72053155847341,112.64846193851574,112.70309720711448,140.24304845329593
adult#002,31.0,110.0,7.2,6.7,7.1,16.7,3.60363733972435,111.09613435790443,116.39921179333668,113.2725830673766,82.05763671051527,129.42164717000594
adult#002,31.0,110.0,7.3,7.4,7.1,7.0,3.60363733972435,115.25530831556645,114.16216229039678,115.8353634611834,117.39039403227987,138.47798784003274
adult#002,31.0,110.0,7.5,7.7,7.2,7.0,3.60363733972435,118.82026290794911,112.77116386867438,116.79899919643422,111.51484838319583,129.077855880932
adult#002,31.0,110.0,8.0,7.2,7.2,8.3,3.60363733972435,118.21368276549089,103.88018573294039,110.42398935417773,110.55237224121713,130.14253975211284
adult#002,31.0,110.0,8.5,7.0,7.2,7.0,3.60363733972435,111.89414014947438,111.24095350604578,116.78482574721252,115.65995624893223,138.83473761946803
adult#002,31.0,110.0,8.8,7.1,7.2,7.2,3.60363733972435,109.59462181740992,102.11175328421172,120.44210641276871,95.95519153388545,124.77526911298303
adult#002,31.0,110.0,8.5,6.8,7.3,7.2,3.60363733972435,111.84827914552363,107.72092700449615,115.08230356578382,114.21172287756093,135.2233913895692
