patient,meal,bg_fasting,ins_escada,ins_sts,ins_taco,ins_ts,ins_calc,ESCADA,STS,TACO,TS,Calc.
adult#008,57.0,117.0,4.8,4.8,0.0,6.7,4.751944779852926,151.76620613469504,159.72539817266488,200.39851019983712,136.20357806601146,157.60653804462862
adult#008,57.0,117.0,5.3,5.9,17.0,4.8,4.751944779852926,149.8248512175526,145.31507310991088,83.18438055754535,157.7063856309493,149.65487233008673
adult#008,57.0,117.0,5.9,7.1,12.6,7.8,4.751944779852926,142.18038482175936,153.51168521506665,111.32765569228651,132.65347367668528,158.8629195418415
adult#008,57.0,117.0,7.5,8.9,12.4,11.6,4.751944779852926,126.4653165377085,128.51803990055714,98.15992595842518,100.33896472476603,158.6639217669394
adult#008,57.0,117.0,8.3,9.9,11.2,10.7,4.751944779852926,127.53459369099129,125.02297186857518,112.38805814063703,116.45333520634814,152.4542646478787
adult#008,57.0,117.0,9.2,10.5,11.2,10.4,4.751944779852926,124.53944947403622,121.4125489943517,123.62387491476794,113.34155727040891,148.66056159630693
adult#008,57.0,117.0,10.1,10.2,11.7,10.3,4.751944779852926,121.78143360434949,116.81897396225139,103.58119277218667,117.34783265910562,149.22443525698637
adult#008,57.0,117.0,10.9,11.3,11.5,10.8,4.751944779852926,115.40799445094261,108.42814735169246,110.39247022865918,111.463209411987,162.5026991390988
adult#008,57.0,117.0,11.5,11.3,11.4,18.6,4.751944779852926,109.8150495790715,113.63909476054168,111.50913936309553,84.90522892470861,151.68129785580882
adult#008,57.0,117.0,11.4,11.4,11.4,11.3,4.751944779852926,114.94823173186106,114.33259443931448,114.07191975690233,116.1231028944753,160.73763852583562
adult#008,57.0,117.0,11.6,11.4,11.4,10.8,4.751944779852926,118.97173720154913,114.35074151356709,116.01046242317678,112.7837051863722,151.33750656673487
adult#008,57.0,117.0,12.0,12.1,11.5,11.0,4.751944779852926,118.26551334907208,100.18914463331123,109.1429045753448,116.85455623089636,152.40219043791572
adult#008,57.0,117.0,12.7,11.4,11.4,11.3,4.751944779852926,111.38262883960913,109.47750980176471,115.99628897395507,114.39266511112766,161.0943883052709
adult#008,57.0,117.0,12.5,11.1,11.5,11.3,4.751944779852926,110.82564605112529,102.35492189767614,119.16102163393577,95.6628073271045,147.03491979878592
adult#008,57.0,117.0,12.4,11.6,11.5,10.9,4.751944779852926,112.25052829355518,104.47382467507137,114.28267897650294,115.94074543208474,157.48304207537208
