patient,meal,bg_fasting,ins_escada,ins_sts,ins_taco,ins_ts,ins_calc,ESCADA,STS,TACO,TS,Calc.
adult#007,51.0,138.0,3.3,3.3,0.0,0.2,3.2932102093960456,134.29888744912574,142.25807948709564,246.90390569757392,236.83354506746807,140.13921935905935
adult#007,51.0,138.0,4.6,4.5,8.4,14.9,3.2932102093960456,105.9949766970899,106.92878886353243,51.58915071876503,34.74818325877576,132.18755364451746
adult#007,51.0,138.0,4.4,4.2,5.7,4.6,3.2932102093960456,105.8372613016109,129.36438684973513,90.93796440990829,107.60298498450074,141.39560085627224
adult#007,51.0,138.0,4.2,4.4,4.8,4.4,3.2932102093960456,105.7146809639051,112.36556981750377,94.37573499600691,98.265675227291,141.19660308137014
adult#007,51.0,138.0,4.1,4.5,3.9,4.2,3.2932102093960456,116.375500756239,112.57176250527507,119.27114335365447,114.0453628291324,134.98694596230942
adult#007,51.0,138.0,4.2,4.5,4.1,4.2,3.2932102093960456,113.80265010665201,112.2038720032853,128.21784275873006,109.87691806201093,131.19324291073767
adult#007,51.0,138.0,4.2,4.5,4.3,4.2,3.2932102093960456,116.15524183645876,105.46495212124466,106.2280698166408,113.34889320148196,131.7571165714171
adult#007,51.0,138.0,4.2,4.4,4.3,4.2,3.2932102093960456,114.5557837052499,105.36615728216545,112.5503668163232,110.09625748661809,145.03538045352954
adult#007,51.0,138.0,4.2,4.4,4.3,4.2,3.2932102093960456,111.97294616673553,110.57710469101467,113.17448794518407,114.79410027791722,134.21397917023955
adult#007,51.0,138.0,4.2,4.3,4.3,4.2,3.2932102093960456,116.6135803139496,115.99794302140302,115.73726833899087,117.29229891008734,143.27031984026635
adult#007,51.0,138.0,4.2,4.4,4.3,4.2,3.2932102093960456,121.12963378921316,111.78490401051657,117.67581100526532,111.4167532610033,133.8701878811656
adult#007,51.0,138.0,4.3,4.4,4.3,4.3,3.2932102093960456,122.83336625753233,100.52581145663243,111.30080116300883,116.51329249523941,134.93487175234645
adult#007,51.0,138.0,4.3,4.5,4.3,4.2,3.2932102093960456,118.73101847302034,104.86851157248421,117.66163755604362,115.5618611267397,143.62706961970164
adult#007,51.0,138.0,4.4,4.3,4.3,4.3,3.2932102093960456,113.48757654039245,102.01365816201918,121.3189182215998,96.83200334271655,129.56760111321665
adult#007,51.0,138.0,4.4,4.3,4.4,4.2,3.2932102093960456,114.45397138393054,106.6317212627354,112.2093894790279,115.08853468639202,140.01572338980282
