patient,meal,bg_fasting,ins_escada,ins_sts,ins_taco,ins_ts,ins_calc,ESCADA,STS,TACO,TS,Calc.
adult#005,60.0,143.0,15.7,15.7,0.0,35.0,15.705383158910442,166.58518465389255,170.3443694280643,279.6189681428672,95.02748935692837,176.21340201259483
adult#005,60.0,143.0,18.2,15.8,35.0,28.5,15.705383158910442,154.86027800153414,166.46499306664495,88.53555364089725,103.59158722556208,171.15763098166371
adult#005,60.0,143.0,21.3,20.0,30.3,24.8,15.705383158910442,142.93655677868554,150.58399257287388,104.05935127087587,133.1040485955138,179.52727987926755
adult#005,60.0,143.0,23.6,22.6,28.4,28.5,15.705383158910442,130.2525568047578,132.81267638084785,108.78722350588832,118.61421237178334,169.3726539233752
adult#005,60.0,143.0,25.2,24.2,27.7,29.2,15.705383158910442,129.53008352890905,137.35671695631933,115.47725558554593,110.92890387528017,172.29568098939663
adult#005,60.0,143.0,26.6,25.9,28.1,28.7,15.705383158910442,126.49188856008409,126.78065437295288,121.59279940698214,112.2680518597238,173.11627367150203
adult#005,60.0,143.0,27.9,26.4,28.6,29.6,15.705383158910442,120.62339619343017,132.6397895527044,118.21679143073675,110.86479221469163,173.08810268085364
adult#005,60.0,143.0,28.9,28.4,28.9,28.8,15.705383158910442,111.37368207321785,111.14101708343411,115.51828858873714,101.21976891376035,167.88692329800728
adult#005,60.0,143.0,29.8,29.4,29.0,28.7,15.705383158910442,109.18327075352755,106.12190126944311,117.87956231040928,127.51818520494817,171.82342446446071
adult#005,60.0,143.0,29.4,27.8,29.2,28.8,15.705383158910442,108.78477794207777,122.23189156134653,110.98788097007218,108.60586929288715,173.2158929708929
adult#005,60.0,143.0,29.1,28.9,29.1,28.3,15.705383158910442,112.22947672485239,111.21530780023846,105.62719321821123,119.93526408733656,178.60191064792878
adult#005,60.0,143.0,29.1,28.4,29.0,28.6,15.705383158910442,112.71979192205679,108.98691603485703,112.97237738296545,102.08745131252745,175.58216095298994
adult#005,60.0,143.0,29.1,28.6,29.0,28.5,15.705383158910442,102.48567206312765,114.97819464926435,113.27239345279126,110.61672011864731,174.7848196882241
adult#005,60.0,143.0,28.8,28.9,29.0,28.0,15.705383158910442,98.86953083628644,107.51914113744871,109.2288884673294,107.94359137670222,173.5621092615229
adult#005,60.0,143.0,28.5,28.7,28.9,28.7,15.705383158910442,105.88666976921814,118.32221276268058,107.23339624934191,117.15012720685843,162.76502520783578
