patient,meal,bg_fasting,ins_escada,ins_sts,ins_taco,ins_ts,ins_calc,ESCADA,STS,TACO,TS,Calc.
adult#005,31.0,132.0,8.6,8.6,0.0,3.0,8.569015462254217,142.4550629346098,146.21424770878156,197.19448267620666,186.80512694629758,152.6500896549224
adult#005,31.0,132.0,8.9,8.6,26.9,15.7,8.569015462254217,142.15688895913863,143.4667353993673,71.26767510548858,104.38803315775374,147.59431862399128
adult#005,31.0,132.0,9.3,10.2,17.8,14.8,8.569015462254217,144.00743368877372,141.06806720265902,102.24580410945758,122.67235144281416,155.96396752159512
adult#005,31.0,132.0,9.8,11.7,15.6,14.6,8.569015462254217,139.12617820879228,127.88940103309903,108.83054538212025,123.82946620959467,145.80934156570277
adult#005,31.0,132.0,11.5,12.7,15.0,15.8,8.569015462254217,136.018606872719,134.15920167273035,115.86403767808918,113.45895779007535,148.7323686317242
adult#005,31.0,132.0,12.9,12.4,15.3,16.1,8.569015462254217,132.24222521462423,131.71127588114118,122.18703766415048,111.66265803181363,149.5529613138296
adult#005,31.0,132.0,14.3,14.2,15.9,15.3,8.569015462254217,124.53857876782159,131.56811381519194,118.09323831040341,117.02746407158561,149.5247903231812
adult#005,31.0,132.0,15.4,15.5,16.1,16.6,8.569015462254217,114.16182556319629,111.61905661120656,115.2852637203775,98.87509678037488,144.32361094033485
adult#005,31.0,132.0,15.9,15.9,16.2,15.4,8.569015462254217,113.46494125019593,108.58841374658112,118.38771658277382,129.93395973537608,148.26011210678828
adult#005,31.0,132.0,16.2,15.9,16.4,15.8,8.569015462254217,110.39589008811775,119.07636087385252,111.38327024200314,109.6582702621614,149.65258061322047
adult#005,31.0,132.0,16.0,16.2,16.4,15.8,8.569015462254217,113.5333810122639,110.98228293187883,105.65493167747124,119.1138546670653,155.03859829025635
adult#005,31.0,132.0,16.1,15.9,16.2,15.6,8.569015462254217,113.59676918654714,107.73548110804991,113.48053165532998,103.25865499523316,152.0188485953175
adult#005,31.0,132.0,16.1,16.0,16.2,15.6,8.569015462254217,103.362649327618,114.42616822075415,113.7805477251558,111.41316605083897,151.22150733055167
adult#005,31.0,132.0,15.9,15.8,16.2,15.5,8.569015462254217,99.49190629902483,108.57154210672296,109.73704273969393,107.28284689935575,149.99879690385046
adult#005,31.0,132.0,15.6,16.3,16.2,15.9,8.569015462254217,106.6831157014098,116.86758012954007,107.00037138098227,117.40013371004629,139.20171285016335
