patient,meal,bg_fasting,ins_escada,ins_sts,ins_taco,ins_ts,ins_calc,ESCADA,STS,TACO,TS,Calc.
adult#004,28.0,108.0,1.6,1.6,1.7,1.7,1.6444983850437283,123.95247009125579,131.91166212922565,122.5152128041367,120.8213048782586,129.7928020011894
adult#004,28.0,108.0,1.7,1.8,1.8,1.7,1.6444983850437283,123.13791754401221,121.1942535228864,115.8350050127316,126.94158263957627,121.8411362866475
adult#004,28.0,108.0,1.7,1.8,1.8,1.8,1.6444983850437283,120.93704142230322,137.35550469772005,126.21189011467766,121.8684496438547,131.04918349840227
adult#004,28.0,108.0,1.8,1.9,1.8,1.8,1.6444983850437283,113.70579881189002,124.58787375062775,112.58567298192452,110.48797916041498,130.85018572350018
adult#004,28.0,108.0,1.8,1.9,1.8,1.8,1.6444983850437283,119.93857838886468,126.83722716462904,120.54510361722481,122.03648067711732,124.64052860443945
adult#004,28.0,108.0,1.8,2.0,1.8,1.8,1.6444983850437283,121.79376795463693,120.93221386790187,131.78092039135572,117.86803590999585,120.8468255528677
adult#004,28.0,108.0,1.8,2.1,1.8,1.8,1.6444983850437283,124.14635968444368,111.53202336009059,114.21918766462572,121.34001104946688,121.41069921354713
adult#004,28.0,108.0,1.8,2.1,1.8,1.8,1.6444983850437283,122.54690155323482,109.39006779478139,120.54148466430813,118.08737533460301,134.68896309565957
adult#004,28.0,108.0,1.8,2.1,1.8,1.9,1.6444983850437283,119.96406401472045,114.60101520363061,121.165605793169,122.78521812590215,123.86756181236959
adult#004,28.0,108.0,1.8,2.1,1.8,1.9,1.6444983850437283,124.60469816193452,115.7906674488799,123.7283861869758,125.28341675807226,132.9239024823964
adult#004,28.0,108.0,1.9,2.1,1.8,1.9,1.6444983850437283,129.12075163719808,115.80881452313251,125.66692885325024,119.40787110898822,123.52377052329565
adult#004,28.0,108.0,1.9,2.1,1.8,1.9,1.6444983850437283,130.82448410551726,104.54972196924837,119.29191901099375,124.50441034322434,124.58845439447649
adult#004,28.0,108.0,2.0,2.1,1.8,2.0,1.6444983850437283,121.18501352626787,110.93558281133014,125.65275540402854,118.01585617998722,133.28065226183168
adult#004,28.0,108.0,2.0,2.1,1.8,2.0,1.6444983850437283,120.17275767877904,101.80638258949607,129.31003606958473,99.28599839596407,119.22118375534667
adult#004,28.0,108.0,2.1,2.0,1.9,2.0,1.6444983850437283,118.47788189654648,109.08571631598292,124.43169341215189,117.54252973963955,129.66930603193285
