patient,meal,bg_fasting,ins_escada,ins_sts,ins_taco,ins_ts,ins_calc,ESCADA,STS,TACO,TS,Calc.
adult#004,27.0,141.0,2.4,2.4,2.7,2.9,2.3556768947230546,127.04457354551595,135.0037655834858,116.69462643044342,112.2196989213392,132.88490545544954
adult#004,27.0,141.0,2.5,2.6,2.7,2.9,2.3556768947230546,123.10001152796568,121.10547797766453,112.89189482660667,118.33997668265687,124.93323974090765
adult#004,27.0,141.0,2.6,2.6,2.7,2.9,2.3556768947230546,117.97078968951301,137.2667291524982,123.26877992855273,116.14431987450365,134.14128695266243
adult#004,27.0,141.0,2.6,2.7,2.7,2.9,2.3556768947230546,113.61702326666816,121.64476356450282,109.64256279579959,104.76384939106393,133.94228917776033
adult#004,27.0,141.0,2.6,2.7,2.7,2.9,2.3556768947230546,119.84980284364282,123.89411697850412,117.60199343109988,116.31235090776627,127.73263205869961
adult#004,27.0,141.0,2.6,2.8,2.7,2.9,2.3556768947230546,121.70499240941507,123.52622647651434,128.8378102052308,112.1439061406448,123.93892900712785
adult#004,27.0,141.0,2.6,2.9,2.7,2.9,2.3556768947230546,124.05758413922182,114.00628701124758,111.2760774785008,115.61588128011583,124.50280266780729
adult#004,27.0,141.0,2.6,3.0,2.7,2.9,2.3556768947230546,122.45812600801295,106.51912031572435,117.5983744781832,112.36324556525196,137.78106654991973
adult#004,27.0,141.0,2.7,2.9,2.7,2.9,2.3556768947230546,117.02095382859552,117.0752788547876,118.22249560704407,117.0610883565511,126.95966526662974
adult#004,27.0,141.0,2.7,3.0,2.7,2.9,2.3556768947230546,121.6615879758096,112.91971996982286,120.78527600085087,119.55928698872121,136.01600593665654
adult#004,27.0,141.0,2.7,2.8,2.7,2.9,2.3556768947230546,126.17764145107316,121.06409775751563,122.72381866712531,113.68374133963717,126.61587397755581
adult#004,27.0,141.0,2.7,3.0,2.7,2.9,2.3556768947230546,127.88137391939233,101.67877449019133,116.34880882486883,118.78028057387328,127.68055784873664
adult#004,27.0,141.0,2.8,2.9,2.7,2.9,2.3556768947230546,123.77902613488034,113.40984646248712,122.70964521790361,117.82884920537357,136.37275571609183
adult#004,27.0,141.0,2.8,2.9,2.7,2.9,2.3556768947230546,122.76677028739151,104.28064624065306,126.3669258834598,99.0989914213504,122.31328720960683
adult#004,27.0,141.0,2.9,2.9,2.7,2.9,2.3556768947230546,120.95214554770347,108.89870934136927,121.48858322602696,117.3555227650259,132.761409486193
