patient,meal,bg_fasting,ins_escada,ins_sts,ins_taco,ins_ts,ins_calc,ESCADA,STS,TACO,TS,Calc.
adult#002,62.0,101.0,6.5,6.5,0.0,18.9,6.50173176273201,146.98337894241257,154.9425709803824,197.4036442995419,98.7474806872606,152.82371085234615
adult#002,62.0,101.0,7.1,7.5,20.0,11.2,6.50173176273201,146.21615484856412,144.3511026339405,93.79530684009369,129.84757210910058,144.87204513780426
adult#002,62.0,101.0,7.8,8.8,16.2,15.2,6.50173176273201,139.5859458629573,153.70055467203846,114.29934689622965,113.01195733965639,154.08009234955904
adult#002,62.0,101.0,8.4,8.2,16.5,16.2,6.50173176273201,132.07757945904865,144.51948534109766,99.50853165664408,98.57543594196697,153.88109457465694
adult#002,62.0,101.0,10.3,10.2,15.3,14.0,6.50173176273201,129.19469637649894,136.9938687497084,111.06030654398418,116.7978800939946,147.67143745559622
adult#002,62.0,101.0,11.6,10.9,15.1,14.4,6.50173176273201,125.915748029914,133.1019557985105,122.92442808715741,111.28125799920979,143.87773440402447
adult#002,62.0,101.0,12.7,10.8,15.7,14.7,6.50173176273201,123.94110665849463,126.79230208157699,103.80818786613922,114.09330480409076,144.4416080647039
adult#002,62.0,101.0,13.8,11.3,15.4,14.3,6.50173176273201,117.99687344277984,122.53511282764568,110.7458046069204,111.83407162747135,157.71987194681634
adult#002,62.0,101.0,14.8,12.1,15.4,4.6,6.50173176273201,112.06665798220838,124.91156110314084,111.36992573578127,164.38052035675568,146.89847066352635
adult#002,62.0,101.0,15.3,13.2,15.3,15.2,6.50173176273201,115.1199010886939,121.92791273111735,114.24358911373517,116.42692445387395,155.95481133355315
adult#002,62.0,101.0,15.7,12.9,15.4,14.4,6.50173176273201,118.70975183871158,122.6804087034318,115.87124879586251,112.82109319820215,146.5546793744524
adult#002,62.0,101.0,16.7,14.2,15.4,14.0,6.50173176273201,117.46113757828891,107.16888012909507,109.49623895360602,119.26580976010162,147.61936324563325
adult#002,62.0,101.0,17.7,14.0,15.4,14.6,6.50173176273201,110.60095019400369,113.89537564871546,115.85707534664081,116.3062727293485,156.31156111298844
adult#002,62.0,101.0,17.5,14.4,15.4,14.9,6.50173176273201,109.85619349309734,103.41799809921804,119.514356012197,96.60377719641622,142.25209260650345
adult#002,62.0,101.0,17.1,13.5,15.5,18.6,6.50173176273201,111.91073051475982,111.12423862417958,114.32728523594149,104.37908448838806,152.70021488308961
