patient,meal,bg_fasting,ins_escada,ins_sts,ins_taco,ins_ts,ins_calc,ESCADA,STS,TACO,TS,Calc.
adult#006,60.0,142.0,7.6,7.6,20.0,0.0,7.619697155779126,185.3681061078027,193.3272981457726,79.55425251799986,295.7859032222641,189.93729604874218
adult#006,60.0,142.0,9.7,9.4,13.0,7.1,7.619697155779126,162.1031686725024,165.3359360553047,122.78681450449487,197.7556189570276,181.9856303342003
adult#006,60.0,142.0,11.8,11.3,14.6,8.9,7.619697155779126,136.40056348673878,160.74362344484828,119.57326389791723,171.8709968472114,191.19367754595507
adult#006,60.0,142.0,13.1,13.5,15.3,13.7,7.619697155779126,119.75488769948836,127.09744351726471,100.56623529356725,112.13048423378699,190.99467977105297
adult#006,60.0,142.0,13.6,14.4,14.6,13.7,7.619697155779126,121.58108346223669,121.79847616307204,113.90647740046438,123.67898575048933,184.78502265199225
adult#006,60.0,142.0,14.2,15.0,14.6,14.4,7.619697155779126,119.20748165951781,116.71454479571695,125.14229417459529,112.82928490843885,180.9913196004205
adult#006,60.0,142.0,14.7,15.4,15.0,14.6,7.619697155779126,117.50773346768325,106.96977671290736,104.4643957977034,114.70138483270645,181.55519326109993
adult#006,60.0,142.0,15.2,14.9,14.8,14.4,7.619697155779126,112.03036329187506,108.6023123972573,112.3308978837779,113.048624333046,194.83345714321237
adult#006,60.0,142.0,15.2,15.2,14.8,15.5,7.619697155779126,109.4475257533607,112.2828703627789,112.95501901263876,109.29017136924035,184.01205585992238
adult#006,60.0,142.0,15.0,15.0,14.8,15.0,7.619697155779126,114.8499062950122,114.23426900246562,115.51779940644556,115.52862489114995,193.06839652994918
adult#006,60.0,142.0,15.1,15.3,14.8,14.2,7.619697155779126,118.60421337583833,111.98777025528328,117.45634207272,116.8215848138691,183.66826457084844
adult#006,60.0,142.0,15.3,15.5,14.9,17.2,7.619697155779126,118.80504641715999,99.25306863309461,110.30577019296162,100.15843784314127,184.73294844202928
adult#006,60.0,142.0,15.6,14.8,14.9,14.5,7.619697155779126,112.49945559494093,110.92338945130794,116.6666065859964,117.71079276583285,193.42514630938447
adult#006,60.0,142.0,15.6,15.1,14.9,14.8,7.619697155779126,111.4871997474521,99.48823774864435,120.32388725155258,96.61253441017124,179.36567780289948
adult#006,60.0,142.0,15.6,14.6,15.0,12.6,7.619697155779126,112.45359459099018,107.98421289395989,114.67690154522957,134.65220011762852,189.81380007948565
