patient,meal,bg_fasting,ins_escada,ins_sts,ins_taco,ins_ts,ins_calc,ESCADA,STS,TACO,TS,Calc.
adult#010,60.0,142.0,14.8,14.8,0.0,3.0,14.758916205538608,175.79832079927436,179.55750557344612,311.7828057916121,284.9183436510812,186.57663789126167
adult#010,60.0,142.0,17.4,14.8,35.0,18.8,14.758916205538608,164.16022138810095,176.80999326403187,106.65348546853375,151.99954954507015,181.52086686033056
adult#010,60.0,142.0,20.8,15.2,33.9,27.9,14.758916205538608,152.05741318894175,181.39836314147064,109.46364865846654,133.04117242190256,189.8905157579344
adult#010,60.0,142.0,23.4,19.7,33.5,24.9,14.758916205538608,140.010358837492,153.16855237779515,107.57447226031002,142.94056407070724,179.73588980204204
adult#010,60.0,142.0,25.6,22.2,32.8,32.8,14.758916205538608,137.66541922453175,153.8761733574228,113.89210200219742,114.98381717555931,182.65891686806347
adult#010,60.0,142.0,27.5,24.7,33.0,33.3,14.758916205538608,134.73038745618402,141.21101280057695,120.81254905503204,113.26820329280658,183.47950955016887
adult#010,60.0,142.0,29.3,25.2,33.5,32.5,14.758916205538608,128.30480084419165,147.38318167011033,118.13192199163223,116.86738627881083,183.45133855952048
adult#010,60.0,142.0,30.8,28.4,33.7,33.2,14.758916205538608,118.75838431183189,123.59357024596446,115.70969391543338,102.59228930639365,178.25015917667412
adult#010,60.0,142.0,31.8,29.4,33.8,32.7,14.758916205538608,117.65037934612867,119.42534908483661,118.8121467778297,129.72307660015585,182.18666034312756
adult#010,60.0,142.0,32.8,29.6,33.9,35.0,14.758916205538608,113.2061753112356,129.07729467157807,112.42348478038974,105.83176829363481,183.57912884955974
adult#010,60.0,142.0,33.4,31.5,33.9,33.9,14.758916205538608,114.4739053810317,116.7850213407828,106.69514621585785,118.01940456258768,188.96514652659562
adult#010,60.0,142.0,33.6,32.5,33.8,34.2,14.758916205538608,114.25557613884975,110.17904678360668,113.90496185038586,100.3747132821738,185.94539683165678
adult#010,60.0,142.0,33.8,32.1,33.8,33.6,14.758916205538608,103.78707952267388,118.28748705293499,114.20497792021168,109.9218158690045,185.14805556689095
adult#010,60.0,142.0,33.2,32.6,33.9,33.7,14.758916205538608,100.24205122891975,110.34024931413516,109.9280184728502,105.12240230873402,183.92534514018973
adult#010,60.0,142.0,32.7,33.2,33.8,33.0,14.758916205538608,107.34324379039057,119.32236419576336,107.42480157603815,118.6292885692594,173.12826108650262
