patient,meal,bg_fasting,ins_escada,ins_sts,ins_taco,ins_ts,ins_calc,ESCADA,STS,TACO,TS,Calc.
adult#008,71.0,105.0,4.8,4.8,0.0,19.8,4.849322802809227,158.4424649656629,166.4016570036328,204.0747868304574,85.53941163043343,163.50175088379675
adult#008,71.0,105.0,5.4,5.9,16.9,0.0,4.849322802809227,155.2338805898176,152.51960261444202,92.94759371608573,208.50115666589699,155.55008516925486
adult#008,71.0,105.0,6.1,6.8,13.7,17.3,4.849322802809227,148.67171671639647,162.45187175230646,115.38919011468975,97.28906780329099,164.75813238100963
adult#008,71.0,105.0,7.3,8.8,14.1,14.8,4.849322802809227,135.51965679054084,137.25646356159575,99.72094981731851,94.8686752417867,164.55913460610753
adult#008,71.0,105.0,8.6,10.1,13.2,13.5,4.849322802809227,134.35612107017724,132.87867109533133,111.83015095857995,111.62996529041725,158.3494774870468
adult#008,71.0,105.0,9.9,11.4,13.2,13.4,4.849322802809227,128.36591629579897,125.45963935785427,123.06596773271086,107.88036038265355,154.55577443547506
adult#008,71.0,105.0,11.1,10.8,13.6,13.0,4.849322802809227,125.08168007168005,121.65857878516647,103.39648766463782,113.0547923495068,155.1196480961545
adult#008,71.0,105.0,12.1,11.3,13.4,12.8,4.849322802809227,118.71740985820432,117.06001821982959,110.55380913696582,110.67003223351921,168.39791197826693
adult#008,71.0,105.0,12.9,12.4,13.3,12.3,4.849322802809227,112.11137238124945,117.15225072541145,111.59945242288956,117.58795072191175,157.57651069497695
adult#008,71.0,105.0,13.3,12.9,13.3,12.8,4.849322802809227,115.03854479165508,116.13636923591694,114.16223281669636,117.86607365698846,166.63285136500375
adult#008,71.0,105.0,13.6,12.9,13.3,13.0,4.849322802809227,118.29805163721018,116.15451631016956,116.1007754829708,111.12265240902813,157.232719405903
adult#008,71.0,105.0,14.3,13.5,13.4,13.4,4.849322802809227,117.16062032048163,102.34160000305633,109.30424348365145,114.51673481588203,158.29740327708384
adult#008,71.0,105.0,15.0,13.3,13.3,13.2,4.849322802809227,110.3371110384612,109.56782286155874,116.0866020337491,114.83802631607976,166.98960114443904
adult#008,71.0,105.0,14.7,12.8,13.4,13.0,4.849322802809227,110.8656047015101,102.5874329089203,119.32236054224242,96.53790249074137,152.93013263795405
adult#008,71.0,105.0,14.6,13.1,13.5,12.6,4.849322802809227,111.83199954504818,105.90788645207546,114.02517802545181,116.98557136980438,163.3782549145402
