patient,meal,bg_fasting,ins_escada,ins_sts,ins_taco,ins_ts,ins_calc,ESCADA,STS,TACO,TS,Calc.
adult#005,71.0,105.0,13.3,13.3,0.0,35.0,13.2888402068253,166.93033208482234,170.6895168589941,251.24615700684822,95.02249889192781,177.64376864533847
adult#005,71.0,105.0,15.4,13.3,33.4,25.0,13.2888402068253,158.3221635486258,167.94200454957985,93.21695827931062,112.96287388746464,172.58799761440736
adult#005,71.0,105.0,18.6,13.8,29.0,24.6,13.2888402068253,147.54167619674234,171.6914599569782,106.3058352274031,129.18813556420187,180.9576465120112
adult#005,71.0,105.0,21.1,18.2,27.5,28.9,13.2888402068253,134.740048217288,145.67257080766151,108.65498196483105,114.9397747398861,170.80302055611884
adult#005,71.0,105.0,22.9,20.2,26.8,28.8,13.2888402068253,133.6825853443118,148.17675617118968,115.43986588302312,109.85280552248965,173.72604762214027
adult#005,71.0,105.0,24.6,22.6,27.2,28.2,13.2888402068253,129.97219603425987,134.61148501758956,121.71789430053427,111.30358555871986,174.54664030424567
adult#005,71.0,105.0,26.1,24.2,27.8,29.5,13.2888402068253,123.40509825640211,136.77153618870875,118.20626961526196,109.00302653620388,174.51846931359728
adult#005,71.0,105.0,27.3,25.9,28.1,28.1,13.2888402068253,113.79109954065858,116.88619683844342,115.25657389536872,100.95805422039193,169.31728993075092
adult#005,71.0,105.0,28.3,27.0,28.2,28.2,13.2888402068253,111.92107504311278,111.40491710583807,118.02864410968004,126.55371890394423,173.25379109720436
adult#005,71.0,105.0,28.6,27.5,28.4,27.8,13.2888402068253,108.72514164418232,120.19555425960237,111.54404317124835,109.34127606048409,174.64625960363654
adult#005,71.0,105.0,28.2,27.1,28.4,14.3,13.2888402068253,112.74738151624896,114.31266918416155,105.81570460671645,174.47818552183958,180.03227728067242
adult#005,71.0,105.0,28.2,27.7,28.2,27.5,13.2888402068253,113.23769671345336,108.18289014085047,113.12145918223621,103.08309157794396,177.01252758573358
adult#005,71.0,105.0,28.2,28.3,28.2,27.2,13.2888402068253,103.00357685452423,113.31077532184786,113.42147525206202,112.25290935251526,176.21518632096775
adult#005,71.0,105.0,27.9,28.1,28.2,26.7,13.2888402068253,99.60493760388339,107.2574264440803,109.37797026660016,109.40065705537216,174.99247589426653
adult#005,71.0,105.0,27.5,28.0,28.2,27.8,13.2888402068253,106.5075522841206,118.0195048022334,106.6412989078885,117.51316501490484,164.19539184057942
