patient,meal,bg_fasting,ins_escada,ins_sts,ins_taco,ins_ts,ins_calc,ESCADA,STS,TACO,TS,Calc.
adult#005,54.0,110.0,10.5,10.5,0.0,35.0,10.496280068941768,155.5103532343681,159.26953800853985,220.7075408159263,76.45931113316021,166.2336399774605
adult#005,54.0,110.0,11.7,10.5,35.0,21.3,10.496280068941768,151.7345394772481,156.5220256991256,69.96737541712909,104.40068812749499,161.1778689465294
adult#005,54.0,110.0,13.1,12.2,24.8,21.7,10.496280068941768,148.31085136556808,154.60797247245412,99.13267313204172,118.05294680793601,169.54751784413324
adult#005,54.0,110.0,16.1,15.2,21.6,1.6,10.496280068941768,132.2148954574259,134.79084639389686,107.7333412268678,221.5765014851541,159.39289188824088
adult#005,54.0,110.0,17.6,16.7,20.6,17.9,10.496280068941768,131.47539815477384,139.31254990179772,115.87688182412802,128.12318650567516,162.31591895426232
adult#005,54.0,110.0,19.0,18.4,21.0,21.9,10.496280068941768,128.82707299440554,128.72039878104889,122.0115586873407,111.98169514830381,163.13651163636771
adult#005,54.0,110.0,20.3,19.8,21.7,21.2,10.496280068941768,122.55419224888531,130.6070475823387,118.29079095819,116.47718270331464,163.10834064571932
adult#005,54.0,110.0,21.4,21.1,21.9,21.7,10.496280068941768,113.30346930873654,111.94294425668757,115.60430083686768,102.03969702428533,157.90716126287296
adult#005,54.0,110.0,22.3,21.9,22.1,21.0,10.496280068941768,111.11448590886039,108.05205053197328,117.61477315935488,130.1963561996578,161.8436624293264
adult#005,54.0,110.0,22.3,22.2,22.2,21.7,10.496280068941768,108.90083507788023,117.44801711933556,111.45956562381454,109.42579740341213,163.23613093575858
adult#005,54.0,110.0,22.0,21.7,22.2,21.6,10.496280068941768,112.69632442540077,112.03523591076345,105.73122705928265,118.88138180831604,168.62214861279446
adult#005,54.0,110.0,22.0,21.4,22.0,21.6,10.496280068941768,113.18663962260517,109.04289288083021,113.07040209138802,102.1614508399807,165.60239891785562
adult#005,54.0,110.0,22.0,20.8,22.0,21.5,10.496280068941768,102.95251976367604,118.03608862021257,113.37041816121383,110.68471227309591,164.8050576530898
adult#005,54.0,110.0,21.7,22.3,22.0,21.3,10.496280068941768,99.68945894681143,105.79106125885156,109.32691317575197,106.86078421755647,163.58234722638858
adult#005,54.0,110.0,21.4,21.8,22.0,22.0,10.496280068941768,106.69577067115105,118.0358560512606,106.59024181704031,116.1346038150063,152.78526317270146
