patient,meal,bg_fasting,ins_escada,ins_sts,ins_taco,ins_ts,ins_calc,ESCADA,STS,TACO,TS,Calc.
adult#007,60.0,142.0,3.9,3.9,0.0,0.2,3.855246748481343,133.14162965633437,141.10082169430427,271.6163764428901,261.1912572461998,141.56427724141793
adult#007,60.0,142.0,5.3,5.4,9.6,14.2,3.855246748481343,106.18063355325431,103.34137833460834,50.896090925316905,40.32967858710763,133.61261152687604
adult#007,60.0,142.0,5.1,5.3,6.8,5.0,3.855246748481343,107.93279100511323,123.27569689453051,86.53307274462283,111.74167541423306,142.8206587386308
adult#007,60.0,142.0,5.0,5.2,5.6,5.3,3.855246748481343,103.57902458226837,110.5080659474382,92.91216574319412,96.40817135722543,142.62166096372871
adult#007,60.0,142.0,4.8,5.4,4.6,5.0,3.855246748481343,116.08894508141519,108.98435197635098,121.11797816776716,111.90970644749568,136.412003844668
adult#007,60.0,142.0,4.9,5.4,4.9,5.0,3.855246748481343,113.7124830916334,108.6164614743612,123.69963552835219,107.74126168037421,132.61830079309624
adult#007,60.0,142.0,4.9,5.3,5.0,4.9,3.855246748481343,116.06507482144015,105.65060897740908,104.09241343500408,113.25872618646335,133.18217445377567
adult#007,60.0,142.0,4.9,5.2,4.9,4.8,3.855246748481343,114.46561669023129,103.50865341209987,112.4601998013046,114.23774202715352,146.4604383358881
adult#007,60.0,142.0,4.9,5.1,4.9,5.0,3.855246748481343,111.88277915171692,112.672634394517,113.08432093016546,112.6584438962805,135.63903705259813
adult#007,60.0,142.0,4.9,5.1,4.9,4.8,3.855246748481343,116.52341329893099,113.8622866397663,115.64710132397227,121.43378345062277,144.69537772262493
adult#007,60.0,142.0,4.9,5.1,4.9,4.9,3.855246748481343,121.03946677419455,113.8804337140189,117.58564399024671,111.32658624598469,135.29524576352418
adult#007,60.0,142.0,5.0,5.2,5.0,4.9,3.855246748481343,120.69770987589561,98.66830758656684,109.1651447813721,116.4231254802208,136.35992963470503
adult#007,60.0,142.0,5.0,5.1,4.9,4.9,3.855246748481343,116.59536209138362,109.00720200221653,117.57147054102501,115.47169411172109,145.05212750206022
adult#007,60.0,142.0,5.1,5.1,5.0,4.9,3.855246748481343,115.58310624389479,99.87800178038246,119.18326183996308,96.74183632769794,130.99265899557523
adult#007,60.0,142.0,5.1,4.8,5.0,4.9,3.855246748481343,116.54950108743287,110.77320580327083,114.30491918253024,114.99836767137342,141.4407812721614
