patient,meal,bg_fasting,ins_escada,ins_sts,ins_taco,ins_ts,ins_calc,ESCADA,STS,TACO,TS,Calc.
child#008,60.0,143.0,10.0,10.0,0.0,1.4,9.965247189671334,178.4776018293751,182.23678660354685,715.298734414294,580.2424197520444,189.99229349649298
child#008,60.0,143.0,12.2,10.0,20.1,9.4,9.965247189671334,158.14223341387793,179.4892742941326,121.51615031638622,183.93610186689853,184.93652246556186
child#008,60.0,143.0,15.1,12.8,20.5,10.1,9.965247189671334,142.16145752553368,157.91257683882338,120.54334847951456,190.29691521961345,193.3061713631657
child#008,60.0,143.0,16.9,15.2,21.1,30.2,9.965247189671334,132.1906881383003,138.06965244712055,116.45958458064175,112.39643495583516,183.15154540727335
child#008,60.0,143.0,18.3,16.7,21.6,30.4,9.965247189671334,132.39586248880053,142.29783675740848,119.68995560464784,107.20247922046254,186.07457247329478
child#008,60.0,143.0,19.6,18.3,23.7,29.6,9.965247189671334,131.4883394580901,132.5457799888804,123.21035518961212,107.4574393675604,186.89516515540018
child#008,60.0,143.0,20.9,19.7,28.0,29.8,9.965247189671334,127.12515141797289,136.43329139746842,114.94373847449913,109.14031692125307,186.8669941647518
child#008,60.0,143.0,22.1,21.1,28.3,28.8,9.965247189671334,118.63778540676446,118.81337815818753,112.61444050651139,97.70752495474458,181.66581478190542
child#008,60.0,143.0,23.1,22.1,28.3,14.3,9.965247189671334,118.04757905603111,115.23014161738935,115.7168933689077,162.3287727282132,185.60231594835886
child#008,60.0,143.0,24.1,22.7,28.5,30.7,9.965247189671334,113.96726465285974,124.66270407841925,109.31546971263947,102.98151030642575,186.99478445479104
child#008,60.0,143.0,24.6,21.7,28.4,28.8,9.965247189671334,115.80848760002544,119.59042175744709,103.83334726883547,114.54920973877529,192.38080213182693
child#008,60.0,143.0,25.0,22.9,28.1,28.7,9.965247189671334,115.63151195388274,112.91434983705457,111.05984437314561,97.94906743489663,189.3610524368881
child#008,60.0,143.0,25.4,23.4,28.1,31.4,9.965247189671334,104.9124450115171,119.0494551919157,111.35986044297142,103.26359678874731,188.56371117212225
child#008,60.0,143.0,24.8,24.1,28.1,26.2,9.965247189671334,101.0018587108673,110.85749083383106,107.31635545750956,104.86770850224781,187.34100074542104
child#008,60.0,143.0,24.3,24.8,28.0,25.5,9.965247189671334,107.75176135684603,120.0821716777109,104.70627187617602,117.7783691096129,176.54391669173393
