patient,meal,bg_fasting,ins_escada,ins_sts,ins_taco,ins_ts,ins_calc,ESCADA,STS,TACO,TS,Calc.
child#002,54.0,110.0,2.3,2.3,0.0,0.0,2.2801036633992036,176.48146012640342,184.44065216437326,303.75707471130005,302.06316678542197,182.321792036337
child#002,54.0,110.0,2.7,2.9,6.55,3.6,2.2801036633992036,159.73651761247353,154.89344550198334,74.46291920456981,132.86173382495497,174.3701263217951
child#002,54.0,110.0,3.5,3.45,5.4,3.85,2.2801036633992036,129.80424716911693,150.61550848371425,97.91810939958563,123.77281404679982,183.5781735335499
child#002,54.0,110.0,3.85,4.15,4.9,4.75,2.2801036633992036,115.61016321483514,119.06835927040771,92.03468082249307,92.58381858444467,183.3791757586478
child#002,54.0,110.0,4.0,4.25,3.85,4.5,2.2801036633992036,118.01957770480998,119.0361303694805,122.44946802016993,108.92392953958925,177.16951863958707
child#002,54.0,110.0,4.15,4.5,4.15,4.1,2.2801036633992036,116.2742534744169,113.35678552511119,126.26140591113568,114.72459792478892,173.3758155880153
child#002,54.0,110.0,4.25,4.6,4.35,4.25,2.2801036633992036,116.34526288929514,105.61960379421615,105.31174989239149,113.53891425431834,173.93968924869475
child#002,54.0,110.0,4.35,4.4,4.25,4.25,2.2801036633992036,113.63946378100059,106.53523193459417,112.74038786915959,110.28627853945447,187.2179531308072
child#002,54.0,110.0,4.4,4.4,4.25,4.25,2.2801036633992036,108.91083473402519,111.74617934344339,113.36450899802045,114.98412133075361,176.3965518475172
child#002,54.0,110.0,4.3,4.4,4.25,4.35,2.2801036633992036,116.80360136678598,112.93583158869268,115.92728939182726,116.37597898583803,185.452892517544
child#002,54.0,110.0,4.35,4.05,4.3,4.25,2.2801036633992036,120.21331386496385,122.08820725958584,117.8658320581017,111.60677431383968,176.05276055844325
child#002,54.0,110.0,4.5,4.4,4.3,4.25,2.2801036633992036,117.71193296798918,101.69488610906114,111.49082221584521,116.7033135480758,177.1174444296241
child#002,54.0,110.0,4.65,4.4,4.3,4.25,2.2801036633992036,110.67553455542493,108.08074695114291,117.85165860888,115.75188217957609,185.8096422969793
child#002,54.0,110.0,4.6,4.25,4.35,4.35,2.2801036633992036,111.59906748713395,102.20367921485557,120.4025982973505,95.91568341846724,171.7501737904943
child#002,54.0,110.0,4.55,4.35,4.35,4.25,2.2801036633992036,113.56372417952645,105.71540133848609,115.52425563991766,115.27855573922841,182.19829606708046
