patient,meal,bg_fasting,ins_escada,ins_sts,ins_taco,ins_ts,ins_calc,ESCADA,STS,TACO,TS,Calc.
child#009,69.0,121.0,3.0,3.0,0.0,0.05,3.0006770297896597,45.088775559216664,53.047967597186535,335.5078076998412,324.46883056007607,50.92910746915025
child#009,69.0,121.0,1.5,0.85,1.4,2.4,3.0006770297896597,121.07871721639988,195.06348903662578,131.06380738900862,70.0464157678471,42.97744175460837
child#009,69.0,121.0,1.65,1.95,1.5,0.85,3.0006770297896597,110.0923927637459,103.75275791175366,127.03016597463368,195.73768515759411,52.18548896636315
child#009,69.0,121.0,1.65,1.8,1.7,1.1,3.0006770297896597,105.73862634090105,101.01315358610088,96.48950253346263,152.98898880672442,51.986491191461035
child#009,69.0,121.0,1.6,1.65,1.6,2.05,3.0006770297896597,111.97140591787571,118.87005469364007,112.57793114623584,85.39750541951629,45.776834072400334
child#009,69.0,121.0,1.6,1.95,1.6,1.35,3.0006770297896597,113.82659548364796,92.86658987667286,123.81374792036675,133.09683828627288,41.983131020828566
child#009,69.0,121.0,1.6,1.7,1.6,1.65,3.0006770297896597,116.17918721345471,103.63424633213674,106.25201519363675,113.37283857847791,42.547004681508
child#009,69.0,121.0,1.6,1.7,1.6,1.65,3.0006770297896597,114.57972908224585,101.49229076682754,112.57431219331916,110.12020286361404,55.82526856362046
child#009,69.0,121.0,1.6,1.65,1.6,1.7,3.0006770297896597,111.99689154373148,114.83223615314968,113.19843332218002,106.68904767744026,45.003867280330454
child#009,69.0,121.0,1.6,1.6,1.6,1.65,3.0006770297896597,116.63752569094555,116.02188839839897,115.76121371598683,117.3162442870833,54.06020795035726
child#009,69.0,121.0,1.6,1.65,1.6,1.6,3.0006770297896597,121.15357916620911,116.04003547265158,117.69975638226127,111.44069863799925,44.66007599125653
child#009,69.0,121.0,1.6,1.65,1.6,1.65,3.0006770297896597,122.85731163452829,104.78094291876744,111.32474654000478,116.53723787223537,45.72475986243736
child#009,69.0,121.0,1.65,1.6,1.6,1.7,3.0006770297896597,118.7549638500163,111.1668037608492,117.68558293303957,107.45680852626273,54.41695772979256
child#009,69.0,121.0,1.65,1.6,1.6,1.7,3.0006770297896597,117.74270800252746,102.03760353901514,121.34286359859576,88.72695074223958,40.35748922330755
child#009,69.0,121.0,1.65,1.65,1.6,1.65,3.0006770297896597,118.70910284606555,106.65566663973135,116.46452094116292,115.11248006338798,50.805611499893736
