patient,meal,bg_fasting,ins_escada,ins_sts,ins_taco,ins_ts,ins_calc,ESCADA,STS,TACO,TS,Calc.
child#010,58.0,146.0,4.45,4.75,0.0,8.8,4.368589537065288,137.6766459326983,138.58812158062057,488.7263564493698,85.2649035919543,146.095093296804
child#010,58.0,146.0,6.45,6.85,8.35,6.4,4.368589537065288,106.18681929537374,103.46481106324336,86.18840427442018,110.5491458033887,138.14342758226212
child#010,58.0,146.0,6.1,6.6,7.75,6.15,4.368589537065288,108.74604835810673,122.19303896473907,100.36526943617685,111.29975388963307,147.3514747940169
child#010,58.0,146.0,5.95,6.8,7.35,5.8,4.368589537065288,105.6949706877376,106.85843129098471,90.29918911857754,105.23593958995006,147.1524770191148
child#010,58.0,146.0,5.8,6.5,6.05,5.95,4.368589537065288,114.68653881839977,112.21451601960739,111.87683352351212,114.0256525529649,140.94281990005408
child#010,58.0,146.0,5.85,6.95,6.05,6.25,4.368589537065288,115.83195482551139,107.29736448193755,123.11265029764303,106.08915265037902,137.14911684848232
child#010,58.0,146.0,5.9,6.65,6.2,5.8,4.368589537065288,116.80551638518908,103.5154782409239,103.03992262980744,116.08797147900196,137.71299050916176
child#010,58.0,146.0,5.95,6.4,6.1,5.85,4.368589537065288,114.53607342908239,104.0735005666702,111.22796778767999,112.12556220547746,150.9912543912742
child#010,58.0,146.0,5.95,6.4,6.1,0.0,4.368589537065288,111.95323589056802,109.28444797551943,111.85208891654085,491.8738379587036,140.1698531079842
child#010,58.0,146.0,5.95,6.2,6.1,6.1,4.368589537065288,116.5938700377821,112.80979583456966,114.41486931034765,115.96989988144412,149.226193778011
child#010,58.0,146.0,6.0,6.0,6.1,4.4,4.368589537065288,120.45248154348539,115.33893784992786,116.3534119766221,140.23436171950112,139.82606181891026
child#010,58.0,146.0,6.05,6.4,6.1,5.65,4.368589537065288,122.15621401180456,99.23315474113718,109.97840213436561,120.7143899286592,140.8907456900911
child#010,58.0,146.0,6.1,6.3,6.1,6.1,4.368589537065288,117.40861944437712,107.35509297222134,116.3392385274004,114.23946209809648,149.5829435574463
child#010,58.0,146.0,6.15,6.05,6.1,6.3,4.368589537065288,115.1411847192948,101.33650591629142,119.99651919295658,93.04423793108464,135.5234750509613
child#010,58.0,146.0,6.15,6.25,6.15,6.0,4.368589537065288,116.10757956283288,102.84395585110349,113.86299765793025,114.41138244066426,145.97159732754747
