patient,meal,bg_fasting,ins_escada,ins_sts,ins_taco,ins_ts,ins_calc,ESCADA,STS,TACO,TS,Calc.
child#004,51.0,129.0,1.65,1.75,0.0,0.3,2.445171420537699,97.94043611892016,96.34601928420925,342.435061414033,288.31375314937446,69.8497920459174
child#004,51.0,129.0,1.3,1.4,1.55,1.1,2.445171420537699,125.85336748372379,121.8153591406243,99.2970261967477,152.38002519171377,61.89812633137552
child#004,51.0,129.0,1.45,1.5,1.45,1.2,2.445171420537699,113.98779136955143,124.71181696542115,122.14011624949421,144.07819769937572,71.10617354313031
child#004,51.0,129.0,1.45,1.65,1.5,1.6,2.445171420537699,109.63402494670657,104.40438291379427,99.9419852496256,90.3044883235815,70.90717576822819
child#004,51.0,129.0,1.45,1.6,1.45,1.3,2.445171420537699,115.86680452368124,106.65373632779556,116.47332975204137,127.62940680439725,64.69751864916748
child#004,51.0,129.0,1.45,1.55,1.45,1.35,2.445171420537699,117.72199408945349,109.93135784665536,127.70914652617228,118.48914152773375,60.90381559759572
child#004,51.0,129.0,1.45,2.45,1.5,1.4,2.445171420537699,120.07458581926024,64.47783099111905,101.5754999323268,121.96111666720478,61.46768925827516
child#004,51.0,129.0,1.5,1.55,1.5,1.45,2.445171420537699,109.9032138209359,101.05048239930552,107.89779693200921,114.01560146941956,74.74595314038761
child#004,51.0,129.0,1.5,1.5,1.5,2.9,2.445171420537699,107.32037628242153,110.15572089183974,108.52191806087008,60.4197122997762,63.924551857097605
child#004,51.0,129.0,1.45,1.5,1.5,1.5,2.445171420537699,120.53292429675108,111.34537313708903,111.08469845467688,112.63972902577335,72.98089252712441
child#004,51.0,129.0,1.5,1.45,1.5,2.1,2.445171420537699,116.47706390489917,119.9354340784571,113.02324112095133,73.89303779695442,63.58076056802368
child#004,51.0,129.0,1.5,1.5,1.5,1.45,2.445171420537699,118.18079637321834,100.10442765745748,106.64823127869484,120.43263647804089,64.64544443920451
child#004,51.0,129.0,1.5,1.5,1.5,1.45,2.445171420537699,114.07844858870635,106.49028849953926,113.00906767172962,119.48120510954118,73.3376423065597
child#004,51.0,129.0,1.5,1.45,1.5,1.45,2.445171420537699,113.06619274121752,105.93300214482066,116.6663483372858,100.75134732551803,59.278173800074704
child#004,51.0,129.0,1.5,1.45,1.5,4.05,2.445171420537699,114.0325875847556,110.55106524553688,111.78800567985297,49.871872495592406,69.72629607666089
