patient,meal,bg_fasting,ins_escada,ins_sts,ins_taco,ins_ts,ins_calc,ESCADA,STS,TACO,TS,Calc.
child#008,24.0,102.0,2.9,2.9,0.0,1.4,2.9487322321271985,148.09136953243444,151.8505543066062,244.2640844206542,200.35393675338406,156.08284180653516
child#008,24.0,102.0,4.7,2.9,7.8,6.2,2.9487322321271985,116.49372233735447,149.10304199719195,86.40475129153,93.76139433109151,151.02707077560405
child#008,24.0,102.0,4.8,5.8,6.3,5.2,2.9487322321271985,120.53893749108641,109.39775765732516,100.79619123278512,119.80682531765304,159.39671967320788
child#008,24.0,102.0,5.0,5.7,5.5,5.4,2.9487322321271985,114.32493554733472,103.9490956687257,105.86326160610173,117.62652922600236,149.24209371731553
child#008,24.0,102.0,5.1,4.2,5.1,5.5,2.9487322321271985,120.04159995784562,135.00293660587158,116.43451861503019,111.35640531056002,152.16512078333696
child#008,24.0,102.0,5.3,5.6,5.2,5.3,2.9487322321271985,120.59088578771104,114.02168898009344,121.53482535332255,114.46948952041528,152.98571346544236
child#008,24.0,102.0,4.9,5.6,5.4,5.6,2.9487322321271985,123.2798198750223,121.91187959660628,117.60386603546982,112.75129363027459,152.95754247479397
child#008,24.0,102.0,5.5,5.5,5.5,8.3,2.9487322321271985,110.32353056297677,108.21705518364752,114.46813707849606,74.40643689993506,147.7563630919476
child#008,24.0,102.0,5.6,5.7,5.5,5.4,2.9487322321271985,111.79241427721647,104.6199812292624,117.57058994089238,127.27881943320244,151.69286425840104
child#008,24.0,102.0,5.6,5.6,5.5,5.5,2.9487322321271985,109.57876344623631,117.40383390087305,111.41538240535203,107.55571778264607,153.08533276483323
child#008,24.0,102.0,5.5,5.7,5.5,5.6,2.9487322321271985,112.2893273474613,107.86925074565812,105.68704384082014,117.01130218754997,158.4713504418691
child#008,24.0,102.0,5.5,5.5,5.5,5.7,2.9487322321271985,112.77964254466569,106.06295413507044,112.66340501344854,97.99546567487538,155.45160074693027
child#008,24.0,102.0,5.5,5.6,5.5,5.5,2.9487322321271985,102.54552268573656,113.18211455595154,112.96342108327435,108.44588227482045,154.65425948216443
child#008,24.0,102.0,5.4,5.5,5.5,5.5,2.9487322321271985,99.00253402409125,106.46898962720763,108.91991609781249,103.8808454717967,153.43154905546322
child#008,24.0,102.0,5.3,5.4,5.5,5.5,2.9487322321271985,107.33979005587437,118.08284699093485,106.18324473910083,115.72760673706682,142.6344650017761
