patient,meal,bg_fasting,ins_escada,ins_sts,ins_taco,ins_ts,ins_calc,ESCADA,STS,TACO,TS,Calc.
child#009,60.0,142.0,3.25,3.25,0.0,0.05,3.235290868093525,39.09156339932381,47.05075543729368,337.93956887165535,326.7407837527686,45.744271367663934
child#009,60.0,142.0,1.95,1.55,1.8,2.85,3.235290868093525,85.1500210762067,116.41778667747069,90.87110715635707,52.75013816093666,37.79260565312205
child#009,60.0,142.0,1.3,1.55,1.65,1.4,3.235290868093525,137.62973863231426,132.57903785230434,117.0646026404387,136.23925682082069,47.000652864876834
child#009,60.0,142.0,1.6,1.65,1.65,1.45,3.235290868093525,104.55851133765105,115.44058627638879,103.43838550768555,119.82364375201213,46.801655089974716
child#009,60.0,142.0,1.55,1.75,1.65,1.5,3.235290868093525,115.16211154344897,105.5787253592861,111.39781614298585,121.79769697764651,40.59199797091401
child#009,60.0,142.0,1.55,1.85,1.65,2.15,3.235290868093525,117.01730110922122,97.96301543145906,122.63363291711676,74.00503568793337,36.79829491934225
child#009,60.0,142.0,1.55,1.7,1.65,1.55,3.235290868093525,119.36989283902797,102.34271373495537,105.07190019038676,116.56354420405117,37.36216858002169
child#009,60.0,142.0,1.6,1.6,1.65,1.6,3.235290868093525,113.39961407899585,108.44117374105046,111.39419719006916,108.94008786036405,50.64043246213414
child#009,60.0,142.0,1.6,1.7,1.65,1.6,3.235290868093525,110.81677654048148,105.41170557849539,112.01831831893003,113.63793065166318,39.819031178844135
child#009,60.0,142.0,1.6,1.6,1.65,1.6,3.235290868093525,115.45741068769556,114.84177339514898,114.58109871273683,116.1361292838333,48.87537184887094
child#009,60.0,142.0,1.6,1.6,1.65,1.6,3.235290868093525,119.97346416295912,114.85992046940159,116.51964137901128,110.26058363474925,39.47523988977021
child#009,60.0,142.0,1.6,1.65,1.65,1.6,3.235290868093525,121.67719663127829,103.60082791551744,110.14463153675479,115.35712286898537,40.53992376095104
child#009,60.0,142.0,1.6,1.65,1.65,1.6,3.235290868093525,117.5748488467663,109.98668875759921,116.50546792978957,114.40569150048566,49.23212162830624
child#009,60.0,142.0,1.6,1.65,1.65,1.7,3.235290868093525,116.56259299927747,100.85748853576514,120.16274859534576,87.43541814505821,35.172653121821234
child#009,60.0,142.0,1.6,1.65,1.65,3.9,3.235290868093525,117.52898784281555,105.47555163648136,115.28440593791292,35.89788573725197,45.62077539840742
