patient,meal,bg_fasting,ins_escada,ins_sts,ins_taco,ins_ts,ins_calc,ESCADA,STS,TACO,TS,Calc.
child#003,60.0,142.0,3.7,3.7,10.0,7.4,3.6772752584446575,155.81636167942474,163.77555371739464,65.14950356394574,81.78376186280363,163.6377382358098
child#003,60.0,142.0,6.5,6.6,6.05,5.3,3.6772752584446575,94.08482125147341,94.3866057743815,96.60273231837131,117.90037684733373,155.6860725212679
child#003,60.0,142.0,5.65,5.8,4.45,5.5,3.6772752584446575,104.4708054149002,122.07990780434785,139.01674829930894,110.93147520505592,164.89411973302268
child#003,60.0,142.0,5.35,6.15,5.45,5.4,3.6772752584446575,106.5498561870576,103.145717422334,102.56675451041775,101.4049329888945,164.69512195812058
child#003,60.0,142.0,5.2,5.95,5.3,5.35,3.6772752584446575,114.78686320298176,108.36800843222636,114.38137401255062,114.8805380522849,158.48546483905986
child#003,60.0,142.0,5.25,6.2,5.3,5.25,3.6772752584446575,115.63003834996275,104.31591635829427,125.61719078668153,111.70430630532167,154.6917617874881
child#003,60.0,142.0,5.3,5.8,5.4,5.15,3.6772752584446575,117.98263007976949,104.45481988722642,105.13614149310524,117.22063515266746,155.25563544816754
child#003,60.0,142.0,5.35,5.75,5.35,5.45,3.6772752584446575,115.3909589284024,102.31286432191722,113.38554203947571,108.06845686309624,168.53389933027998
child#003,60.0,142.0,5.35,5.8,5.35,5.2,3.6772752584446575,112.80812138988803,107.52381173076644,114.00966316833657,117.63350294001923,157.71249804699
child#003,60.0,142.0,5.35,5.55,5.35,5.55,3.6772752584446575,117.4487555371021,113.05208643058916,116.57244356214338,114.34644231927348,166.7688387170168
child#003,60.0,142.0,5.4,5.5,5.4,5.1,3.6772752584446575,120.0377054656776,113.07023350484177,116.58388268172976,117.41635232880205,157.36870675791604
child#003,60.0,142.0,5.45,5.75,5.4,5.45,3.6772752584446575,120.80556563401049,97.4725184963842,110.20887283947327,114.48549187171757,158.4333906290969
child#003,60.0,142.0,5.45,5.6,5.4,5.25,3.6772752584446575,116.7032178494985,107.29631574196581,116.56970923250806,117.38924937005044,167.12558849645208
child#003,60.0,142.0,5.5,5.5,5.4,5.45,3.6772752584446575,114.77290603471765,99.06780157120532,120.22698989806423,94.8042027191947,153.0661199899671
child#003,60.0,142.0,5.5,5.6,5.45,5.3,3.6772752584446575,115.73930087825573,102.78517862084796,114.41277494064512,116.91592292970276,163.51424226655325
