patient,meal,bg_fasting,ins_escada,ins_sts,ins_taco,ins_ts,ins_calc,ESCADA,STS,TACO,TS,Calc.
child#007,60.0,142.0,8.7,8.7,10.0,10.0,8.680142263921807,86.95677353521096,94.91596557318083,78.59926397255158,76.90535604667349,92.79710544514454
child#007,60.0,142.0,5.35,5.55,0.0,0.25,8.680142263921807,133.17902796155025,130.11515353649315,399.86066821104566,386.13153663379126,84.84543973060266
child#007,60.0,142.0,6.85,7.25,8.85,3.65,8.680142263921807,106.22099486115933,119.95866311573096,93.81331694218835,180.05149827098066,94.05348694235745
child#007,60.0,142.0,6.55,7.25,7.95,6.4,8.680142263921807,105.26606079364475,107.19103216863864,87.7329597248423,104.2069262513859,93.85448916745533
child#007,60.0,142.0,6.35,7.4,6.1,6.15,8.680142263921807,115.14985411347989,107.7302876942525,119.68645355317366,119.5704786417355,87.64483204839462
child#007,60.0,142.0,6.4,7.1,6.35,6.3,8.680142263921807,115.51271504560785,111.45984934147731,126.99219611597093,113.84208452543723,83.85112899682287
child#007,60.0,142.0,6.45,7.55,6.65,6.3,8.680142263921807,117.13532621024927,98.97790418164445,104.39107242960687,117.31405966490826,84.4150026575023
child#007,60.0,142.0,6.5,7.0,6.5,6.3,8.680142263921807,114.81637108450039,103.19600890695597,112.8109541955737,114.06142395004439,97.69326653961475
child#007,60.0,142.0,6.5,6.45,6.5,6.0,8.680142263921807,112.23353354598602,115.78837514994424,113.43507532443456,122.74863922701304,86.87186525632475
child#007,60.0,142.0,6.5,6.9,6.5,6.35,8.680142263921807,116.87416769320009,110.85604676692944,115.99785571824137,120.49469248268747,95.92820592635155
child#007,60.0,142.0,6.55,7.1,6.55,6.95,8.680142263921807,120.68101361895282,108.9977206224786,117.22719083500498,105.64084872964301,86.52807396725082
child#007,60.0,142.0,6.6,6.8,6.55,9.55,8.680142263921807,122.38474608727199,100.90954501618086,110.85218099274849,86.47913775100248,87.59275783843165
child#007,60.0,142.0,6.65,6.45,6.55,7.35,8.680142263921807,116.89402108598641,112.12294275764377,117.21301738578327,105.57869838944504,96.28495570578684
child#007,60.0,142.0,6.7,6.85,6.6,6.35,8.680142263921807,115.20219192375706,98.16620563642856,120.87029805133946,100.03439691531668,82.22548719930184
child#007,60.0,142.0,6.75,6.2,6.65,6.6,8.680142263921807,115.49850298244412,111.37105142281371,114.60357817713303,114.63991451613168,92.67360947588803
