patient,meal,bg_fasting,ins_escada,ins_sts,ins_taco,ins_ts,ins_calc,ESCADA,STS,TACO,TS,Calc.
child#007,57.0,117.0,7.3,7.3,0.0,10.0,7.305021701276208,91.61714638097243,99.5763384189423,343.01058410839704,71.54954009872465,97.45747829090601
child#007,57.0,117.0,3.8,5.55,10.0,0.0,7.305021701276208,152.24179329733548,116.75195539633658,69.440716420766,347.4369539438366,89.50581257636414
child#007,57.0,117.0,6.05,6.15,8.3,9.2,7.305021701276208,106.3637363872668,123.67848362862038,91.08330789696927,80.68151645227051,98.71385978811892
child#007,57.0,117.0,5.75,6.8,7.25,7.8,7.305021701276208,105.50497769935743,103.19898496598736,86.56317972739603,79.43407264522914,98.5148620132168
child#007,57.0,117.0,5.5,6.35,5.45,6.75,7.305021701276208,115.49628026231487,111.25965085880296,116.88855628656678,101.19525709535664,92.30520489415609
child#007,57.0,117.0,5.55,6.85,5.6,6.5,7.305021701276208,117.35146982808712,105.08044787799888,126.5645249460913,99.87369403510802,88.51150184258432
child#007,57.0,117.0,5.65,5.05,5.85,6.3,7.305021701276208,117.41581834280576,123.71105080572977,105.29913536053634,106.38729192885776,89.07537550326377
child#007,57.0,117.0,5.7,6.45,5.75,5.95,7.305021701276208,115.07584497470948,100.18623808238853,112.34066355177553,107.07072088448878,102.35363938537623
child#007,57.0,117.0,5.7,6.1,5.75,6.0,7.305021701276208,112.49300743619511,110.43391552991567,112.9647846806364,111.08938927843407,91.53223810208623
child#007,57.0,117.0,5.7,6.0,5.75,5.85,7.305021701276208,117.13364158340919,112.29323202191986,115.5275650744432,116.36336445398288,100.58857877211302
child#007,57.0,117.0,5.75,5.5,5.75,6.15,7.305021701276208,120.91993052466549,119.56490981709074,117.46610774071765,105.73085003988854,91.18844681301229
child#007,57.0,117.0,5.8,6.15,5.8,5.8,7.305021701276208,122.62366299298466,99.07109432065673,111.09109789846116,116.30358923069174,92.25313068419312
child#007,57.0,117.0,5.9,6.05,5.8,6.0,7.305021701276208,116.39437273208112,107.4381473843701,117.45193429149595,111.85715012725655,100.94532855154831
child#007,57.0,117.0,5.95,5.7,5.8,5.9,7.305021701276208,114.6932260234022,102.53371943147877,121.10921495705213,94.49535760177733,86.88586004506331
child#007,57.0,117.0,5.95,5.95,5.85,4.25,7.305021701276208,115.65962086694029,103.60618466060609,115.5116411080625,142.47012777388912,97.3339823216495
