patient,meal,bg_fasting,ins_escada,ins_sts,ins_taco,ins_ts,ins_calc,ESCADA,STS,TACO,TS,Calc.
child#010,35.0,124.0,4.25,3.5,0.0,1.0,2.3379735226741536,90.52072394666595,111.49179414238235,310.66786226086015,212.31162029056944,144.13482461147234
child#010,35.0,124.0,3.5,3.25,2.95,3.1,2.3379735226741536,105.66911650510269,112.12782707746446,114.42852882388344,118.67493747280092,136.18315889693045
child#010,35.0,124.0,3.3,3.25,3.0,3.05,2.3379735226741536,108.99313878931294,128.2890782522981,123.44208777102753,119.09864730020458,145.39120610868522
child#010,35.0,124.0,3.25,3.45,3.2,3.25,2.3379735226741536,104.63937236646808,111.04556500166922,104.71283429495037,101.42155271499304,145.19220833378313
child#010,35.0,124.0,3.15,3.4,3.1,3.2,2.3379735226741536,114.54940940965768,114.3710137397768,115.15593463801781,114.16364199014318,138.9825512147224
child#010,35.0,124.0,3.15,3.4,3.1,3.1,2.3379735226741536,116.40459897542993,114.00312323778702,126.39175141214872,112.47886693078885,135.18884816315065
child#010,35.0,124.0,3.2,4.1,3.15,3.1,2.3379735226741536,116.27352099746953,95.15880372333073,108.83001868541872,115.95084207025988,135.7527218238301
child#010,35.0,124.0,3.2,4.95,3.15,3.15,2.3379735226741536,114.67406286626067,81.22769301042298,115.15231568510113,112.69820635539601,149.03098570594253
child#010,35.0,124.0,3.2,3.45,3.15,3.1,2.3379735226741536,112.0912253277463,109.25709987518012,115.776436813962,117.39604914669515,138.20958442265254
child#010,35.0,124.0,3.2,3.5,3.15,3.15,2.3379735226741536,116.73185947496037,109.39773601804677,118.3392172077688,119.89424777886526,147.26592509267934
child#010,35.0,124.0,3.25,3.5,3.2,3.2,2.3379735226741536,120.05432519177614,109.41588309229938,117.79409016627609,111.53503242201407,137.8657931335786
child#010,35.0,124.0,3.25,3.45,3.2,3.15,2.3379735226741536,121.75805766009532,99.20580664079787,111.4190803240196,119.11524136401734,138.93047700475944
child#010,35.0,124.0,3.3,3.4,3.2,3.2,2.3379735226741536,117.65570987558333,106.66776280698593,117.77991671705439,115.68014028775048,147.62267487211463
child#010,35.0,124.0,3.3,3.35,3.25,3.25,2.3379735226741536,116.6434540280945,98.64262561305485,120.24360962416279,95.75669474527953,133.56320636562964
child#010,35.0,124.0,3.3,3.3,3.3,4.05,2.3379735226741536,117.60984887163258,105.55641266529838,115.36526696672995,99.31048336336161,144.0113286422158
