patient,meal,bg_fasting,ins_escada,ins_sts,ins_taco,ins_ts,ins_calc,ESCADA,STS,TACO,TS,Calc.
child#009,46.0,139.0,0.3,0.55,0.0,7.05,2.590346034050116,222.53767526883126,189.62665338724304,265.39231558660146,8.608362990044037,51.335492942311625
child#009,46.0,139.0,1.6,1.0,1.65,0.0,2.590346034050116,84.36920533766535,133.85189539247114,79.94376899395309,269.818685422041,43.38382722776974
child#009,46.0,139.0,1.3,1.3,1.35,5.65,2.590346034050116,103.57934722818949,122.87528669117468,107.7652624872882,19.919064213594048,52.591874439524524
child#009,46.0,139.0,1.2,1.4,1.3,3.05,2.590346034050116,112.08501455303772,106.14124612323829,98.10545497537913,29.92835327914599,52.392876664622406
child#009,46.0,139.0,1.2,1.55,1.15,1.7,2.590346034050116,118.31779413001239,94.12100056437531,123.52806618184601,80.24846124982095,46.1832195455617
child#009,46.0,139.0,1.2,1.35,1.25,1.3,2.590346034050116,120.17298369578464,108.0227090352498,121.42747120418298,103.38781790345047,42.38951649398994
child#009,46.0,139.0,1.25,1.35,1.25,1.3,2.590346034050116,113.79291049727094,101.28378915320917,103.86573847745298,106.8597930429215,42.95339015466938
child#009,46.0,139.0,1.25,1.35,1.25,1.25,2.590346034050116,112.19345236606208,99.14183358789997,110.18803547713539,107.73392614743027,56.23165403678183
child#009,46.0,139.0,1.25,1.25,1.25,1.2,2.590346034050116,109.6106148275477,112.44595943696591,110.81215660599625,121.16443386704985,45.410252753491825
child#009,46.0,139.0,1.25,1.25,1.25,1.3,2.590346034050116,114.25124897476178,113.6356116822152,113.37493699980305,110.80319875152688,54.46659342351863
child#009,46.0,139.0,1.25,1.25,1.25,1.3,2.590346034050116,118.76730245002534,113.65375875646781,115.3134796660775,104.92765310244283,45.0664614644179
child#009,46.0,139.0,1.25,1.25,1.25,1.25,2.590346034050116,120.47103491834451,102.39466620258366,108.93846982382101,114.1509611560516,46.13114533559873
child#009,46.0,139.0,1.25,1.9,1.25,1.25,2.590346034050116,116.36868713383252,69.57807906818459,115.2993062168558,113.19952978755188,54.82334320295393
child#009,46.0,139.0,1.25,1.3,1.25,1.25,2.590346034050116,115.35643128634369,95.52455800345872,118.95658688241198,94.46967200352873,40.763874696468925
child#009,46.0,139.0,1.25,1.2,1.25,1.25,2.590346034050116,116.32282612988178,113.00205485186802,114.07824422497914,112.7262033472042,51.21199697305511
