patient,meal,bg_fasting,ins_escada,ins_sts,ins_taco,ins_ts,ins_calc,ESCADA,STS,TACO,TS,Calc.
adolescent#001,60.0,142.0,7.1,7.1,0.0,11.5,7.128221580039552,126.29895178004928,134.25814381801916,205.81334771153146,100.81584633978,131.43288311910138
adolescent#001,60.0,142.0,8.1,8.5,20.0,3.8,7.128221580039552,121.725259264766,119.5770830193463,69.85793018194265,161.07125867471876,123.48121740455949
adolescent#001,60.0,142.0,9.2,9.4,13.9,9.7,7.128221580039552,112.95745512541514,130.59150669873202,99.3184108840316,114.02452794886905,132.68926461631426
adolescent#001,60.0,142.0,10.1,10.7,12.3,10.8,7.128221580039552,103.76582588209664,111.65264536581003,91.99562882508084,96.59133953644745,132.49026684141216
adolescent#001,60.0,142.0,9.7,10.3,9.4,10.1,7.128221580039552,112.09465669387903,115.37820134566684,113.78110561823678,112.09650774732394,126.28060972235144
adolescent#001,60.0,142.0,9.8,11.6,9.8,9.6,7.128221580039552,112.89143312223183,109.341354311729,122.87858555895062,110.56134030863578,122.48690667077969
adolescent#001,60.0,142.0,10.0,12.0,10.5,9.9,7.128221580039552,114.2063867546503,100.4117311527234,101.7714026871624,111.91630529946363,123.05078033145912
adolescent#001,60.0,142.0,10.2,10.9,10.2,10.3,7.128221580039552,112.09567705502306,103.21769926049616,110.09026016609637,106.6283495156408,136.32904421357156
adolescent#001,60.0,142.0,10.3,11.1,10.2,19.6,7.128221580039552,108.50503819575825,107.95881249567049,110.71438129495724,77.89488123541975,125.50764293028158
adolescent#001,60.0,142.0,10.2,11.0,10.2,10.2,7.128221580039552,114.15347366372276,109.14846474091978,113.27716168876404,114.8321922598605,134.56398360030838
adolescent#001,60.0,142.0,10.4,11.0,10.3,10.0,7.128221580039552,117.16500725720843,109.16661181517239,114.20790303428804,109.46789817919483,125.16385164120764
adolescent#001,60.0,142.0,10.7,10.8,10.3,10.1,7.128221580039552,117.88925572069954,98.85147576578888,107.83289319203155,114.56443741343095,126.22853551238848
adolescent#001,60.0,142.0,11.4,11.2,10.3,10.1,7.128221580039552,110.04362838313496,103.82776025661195,114.19372958506634,113.61300604493124,134.92073337974367
adolescent#001,60.0,142.0,11.4,10.7,10.4,10.3,7.128221580039552,109.03137253564613,97.06954762518639,117.35429168959507,93.36409537173927,120.86126487325866
adolescent#001,60.0,142.0,11.3,11.7,10.5,10.1,7.128221580039552,110.45117396606878,97.04924718111621,111.98390843468856,113.13967960458356,131.30938714984484
