patient,meal,bg_fasting,ins_escada,ins_sts,ins_taco,ins_ts,ins_calc,ESCADA,STS,TACO,TS,Calc.
adolescent#006,60.0,142.0,10.4,10.4,0.0,14.1,10.379682171023143,89.55571869859888,97.51491073656875,329.7195600692649,64.06443105429216,96.29918468240108
adolescent#006,60.0,142.0,7.5,7.4,19.5,1.5,10.379682171023143,125.11066952710756,127.51596638996135,41.762175100326374,273.3785601173694,88.3475189678592
adolescent#006,60.0,142.0,8.7,8.2,14.6,6.2,10.379682171023143,108.27366528381683,133.88314702206733,69.82424404264474,147.90956194034274,97.55556617961399
adolescent#006,60.0,142.0,8.6,9.8,11.5,9.8,10.379682171023143,105.14003684212337,101.66587828840086,74.97955527630417,87.56598369818809,97.35656840471187
adolescent#006,60.0,142.0,8.5,9.2,8.8,7.6,10.379682171023143,111.37281641909803,111.25325044320341,108.38083137999803,126.88670884778102,91.14691128565116
adolescent#006,60.0,142.0,8.5,9.2,8.7,8.5,10.379682171023143,113.22800598487028,110.88535994121364,121.99502044043767,109.3022739402292,87.3532082340794
adolescent#006,60.0,142.0,8.6,9.4,9.0,8.4,10.379682171023143,115.58059771467703,100.89575549793224,99.75578341434608,114.01507571661028,87.91708189475884
adolescent#006,60.0,142.0,8.7,9.4,8.8,8.7,10.379682171023143,112.76100160231677,98.75379993262304,108.37721242708135,108.30147538368496,101.19534577687129
adolescent#006,60.0,142.0,8.7,8.9,8.8,8.5,10.379682171023143,110.1781640638024,109.47577507981636,109.00133355594221,114.2194561561355,90.37394449358129
adolescent#006,60.0,142.0,8.7,9.4,8.8,8.7,10.379682171023143,114.81879821101647,105.15439958672155,111.56411394974901,115.49751680715421,99.43028516360809
adolescent#006,60.0,142.0,8.8,9.3,8.8,8.6,10.379682171023143,116.9564793999713,106.23801330214093,113.50265661602346,110.84210913922156,90.03015320450736
adolescent#006,60.0,142.0,8.8,9.0,8.8,8.7,10.379682171023143,118.66021186829047,98.28471113947677,107.12764677376697,114.71851039230629,91.09483707568819
adolescent#006,60.0,142.0,8.9,8.7,8.8,8.6,10.379682171023143,113.39850277668297,109.34807628092013,113.48848316680176,114.98721700495797,99.78703494304338
adolescent#006,60.0,142.0,9.0,9.1,8.8,8.7,10.379682171023143,111.2464762232368,95.54137175972447,117.14576383235794,95.0372212397834,85.72756643655838
adolescent#006,60.0,142.0,9.0,8.8,8.9,8.6,10.379682171023143,112.21287106677488,102.45856687349354,111.1080598678296,114.51389056461029,96.17568871314457
