patient,meal,bg_fasting,ins_escada,ins_sts,ins_taco,ins_ts,ins_calc,ESCADA,STS,TACO,TS,Calc.
adolescent#009,38.0,119.0,2.3,2.3,0.0,0.0,2.259210495384411,148.03984510262967,155.9990371405995,204.70316609509314,203.00925816921503,153.88017701256325
adolescent#009,38.0,119.0,2.7,3.1,7.2,5.6,2.259210495384411,140.32841124185072,134.0628820647284,81.14164303852672,104.39708087091516,145.92851129802136
adolescent#009,38.0,119.0,3.3,3.3,5.4,5.3,2.259210495384411,129.21866975745394,148.51460922043913,107.59726259367497,105.4252544025844,155.13655850977614
adolescent#009,38.0,119.0,3.7,4.0,5.3,5.1,2.259210495384411,116.8322239195472,123.28592804064458,96.14247774065421,96.30888410998703,154.93756073487404
adolescent#009,38.0,119.0,3.9,4.3,4.7,4.6,2.259210495384411,120.08153497787826,122.73610869031808,109.94617838461704,113.9540063157828,148.72790361581332
adolescent#009,38.0,119.0,4.1,4.6,4.7,5.8,2.259210495384411,120.49182224465376,118.38686230130475,121.18199515874795,96.16005518261372,144.93420056424156
adolescent#009,38.0,119.0,4.3,4.8,4.9,4.8,2.259210495384411,120.04524121013272,109.13149154799086,101.20835224476723,110.74108581685911,145.498074224921
adolescent#009,38.0,119.0,4.6,4.9,4.8,4.8,2.259210495384411,114.4644271919003,104.57762579543093,109.94255943170036,107.48845010199524,158.77633810703344
adolescent#009,38.0,119.0,4.8,4.8,4.8,4.6,2.259210495384411,109.36513878211268,112.20048339153088,110.56668056056122,114.70274376456763,147.95493682374345
adolescent#009,38.0,119.0,4.9,4.8,4.8,4.8,2.259210495384411,111.59386274207603,113.39013563678017,113.12946095436803,114.6844915254645,157.01127749377025
adolescent#009,38.0,119.0,5.0,4.8,4.8,4.7,2.259210495384411,114.94165658677014,113.40828271103278,115.06800362064247,108.80894587638045,147.6111455346695
adolescent#009,38.0,119.0,5.2,5.0,4.9,4.9,2.259210495384411,114.38128886424695,98.56902033932846,106.28108359113526,111.49357492336584,148.67582940585035
adolescent#009,38.0,119.0,5.4,4.9,4.9,4.8,2.259210495384411,108.10750880000258,106.12314081197968,112.64191998417004,112.95405374211686,157.36802727320554
adolescent#009,38.0,119.0,5.3,4.7,4.9,4.8,2.259210495384411,109.26668523224613,99.40585077739634,116.29920064972623,94.2241959580937,143.30855876672055
adolescent#009,38.0,119.0,5.3,4.8,4.9,6.5,2.259210495384411,110.23308007578422,104.02391387811255,111.42085799229339,93.98142621528727,153.7566810433067
