patient,meal,bg_fasting,ins_escada,ins_sts,ins_taco,ins_ts,ins_calc,ESCADA,STS,TACO,TS,Calc.
adolescent#005,46.0,139.0,6.5,6.5,8.4,9.1,6.498111460861839,144.84514384269863,152.80433588066848,119.91246797880552,111.30417275055117,152.29121044892145
adolescent#005,46.0,139.0,7.7,7.7,8.9,9.2,6.498111460861839,129.4265300887661,130.36034225520862,110.30504056742869,116.33124223325383,144.33954473437956
adolescent#005,46.0,139.0,8.3,8.3,8.9,9.5,6.498111460861839,119.54829747528764,138.84423693827281,120.68192566937475,109.92255099693479,153.54759194613433
adolescent#005,46.0,139.0,8.6,9.2,9.1,9.5,6.498111460861839,112.78456364647002,116.85500953187366,105.94601704178544,98.54208051349507,153.34859417123224
adolescent#005,46.0,139.0,8.8,9.4,9.0,9.3,6.498111460861839,115.53504788108027,115.92111669269207,113.90544767708573,112.16564200139224,147.1389370521715
adolescent#005,46.0,139.0,8.9,9.7,9.1,9.3,6.498111460861839,116.26380350933402,113.50887967118645,125.14126445121664,107.99719723427077,143.34523400059976
adolescent#005,46.0,139.0,9.1,10.0,9.3,9.4,6.498111460861839,117.5067037443046,102.8592137364194,104.34834898890064,110.4239005775299,143.9091076612792
adolescent#005,46.0,139.0,9.3,9.9,9.2,9.2,6.498111460861839,112.67606287750974,101.67330067517416,112.80862044555404,110.35451111584892,157.18737154339163
adolescent#005,46.0,139.0,9.4,9.5,9.2,9.3,6.498111460861839,109.04795354278347,110.85350997721874,113.4327415744149,112.91437945017707,146.36597026010165
adolescent#005,46.0,139.0,9.4,9.8,9.3,9.2,6.498111460861839,113.68858768999755,109.0442150856573,113.85754751125071,117.55055253931818,155.42231093012845
adolescent#005,46.0,139.0,9.4,9.7,9.3,9.4,6.498111460861839,118.20464116526111,111.04675095218774,115.79609017752516,108.49176063705124,146.0221789710277
adolescent#005,46.0,139.0,9.6,9.7,9.4,9.3,6.498111460861839,118.87858545859734,99.78765839830359,108.37580853905678,114.63357166749925,147.08686284220855
adolescent#005,46.0,139.0,9.9,9.5,9.3,9.3,6.498111460861839,110.80697578089,107.18807758491826,115.78191672830346,113.68214029899954,155.77906070956374
adolescent#005,46.0,139.0,9.9,9.7,9.4,9.3,6.498111460861839,109.79471993340117,97.04431901855129,118.39392559764775,94.95228251497639,141.71959220307875
adolescent#005,46.0,139.0,9.9,9.6,9.5,9.4,6.498111460861839,110.76111477693925,102.6769404638004,112.48579476523197,112.16354206243997,152.1677144796649
