patient,meal,bg_fasting,ins_escada,ins_sts,ins_taco,ins_ts,ins_calc,ESCADA,STS,TACO,TS,Calc.
adolescent#004,27.0,141.0,4.4,4.4,0.0,1.1,4.42055323261678,136.69522992243975,144.65442196040965,233.4651318244746,203.79495768966515,142.53556183237336
adolescent#004,27.0,141.0,4.4,5.4,14.1,17.4,4.42055323261678,138.83174432312998,124.47067073654215,53.45485339271519,52.23504347124974,134.58389611783147
adolescent#004,27.0,141.0,4.2,5.7,9.5,5.7,4.42055323261678,139.9686761102871,136.48034716054593,87.20589319400163,120.99329210668057,143.79194332958625
adolescent#004,27.0,141.0,4.6,6.1,7.7,6.3,4.42055323261678,130.6437071937467,119.75345236411155,88.64536608380809,103.117974824159,143.59294555468415
adolescent#004,27.0,141.0,5.1,6.3,5.8,12.3,4.42055323261678,129.05906527750105,119.46722282837307,119.66994608005068,66.93031938326473,137.38328843562343
adolescent#004,27.0,141.0,5.5,6.6,6.3,6.1,4.42055323261678,123.66460895349442,115.44724150085476,124.41091605509975,113.03361452347966,133.58958538405167
adolescent#004,27.0,141.0,5.8,6.8,6.6,6.1,4.42055323261678,123.27120214726955,105.23201020609065,103.19709250284122,116.50558966295068,134.1534590447311
adolescent#004,27.0,141.0,6.1,6.7,6.5,6.3,4.42055323261678,117.71248016671862,104.22970288668812,109.51938950252362,110.71737099834704,147.43172292684355
adolescent#004,27.0,141.0,6.3,6.5,6.5,6.1,4.42055323261678,112.59405967846448,111.77731346235414,110.14351063138449,117.95079673938595,136.61032164355356
adolescent#004,27.0,141.0,6.5,6.5,6.5,6.4,4.42055323261678,113.58260300015002,112.96696570760344,112.70629102519129,115.45882988813364,145.66666231358036
adolescent#004,27.0,141.0,6.7,6.6,6.5,6.4,4.42055323261678,115.76199330859677,112.98511278185605,114.64483369146573,109.58328423904959,136.2665303544796
adolescent#004,27.0,141.0,6.9,6.5,6.6,6.4,4.42055323261678,115.20521858191037,101.7260202279719,108.26982384920925,114.67982347328571,137.33121422566046
adolescent#004,27.0,141.0,7.1,6.8,6.6,6.3,4.42055323261678,110.00054883861101,104.6355696573302,114.63066024224403,116.18297463846865,146.02341209301565
adolescent#004,27.0,141.0,7.3,6.7,6.6,6.7,4.42055323261678,105.79000096414423,96.6460176814028,118.28794090780022,91.46436286210016,131.96394358653066
adolescent#004,27.0,141.0,7.1,6.6,6.6,6.3,4.42055323261678,109.95468783466026,103.60074394893581,113.40959825036738,115.70964819812097,142.41206586311682
