patient,meal,bg_fasting,ins_escada,ins_sts,ins_taco,ins_ts,ins_calc,ESCADA,STS,TACO,TS,Calc.
adolescent#001,63.0,126.0,6.3,6.3,0.0,4.9,6.314110790019776,126.90641073839846,134.86560277636835,188.9639130298889,136.02523254527776,132.0866518563227
adolescent#001,63.0,126.0,7.3,7.5,18.7,1.7,6.314110790019776,122.16342403851989,121.93087576070538,74.16243745721535,172.17432644327366,124.13498614178081
adolescent#001,63.0,126.0,8.4,8.5,12.7,6.2,6.314110790019776,113.83204526098321,132.60327235169854,103.45977036247305,130.65093342649953,133.3430333535356
adolescent#001,63.0,126.0,9.2,8.2,11.7,8.8,6.314110790019776,105.90831613025216,121.96563071939178,93.69610065269774,104.19154176426618,133.1440355786335
adolescent#001,63.0,126.0,9.1,10.2,9.4,8.1,6.314110790019776,112.63678313301536,114.32125368284727,111.2875924777303,119.96000693206682,126.93437845957277
adolescent#001,63.0,126.0,9.3,10.9,9.6,8.6,6.314110790019776,113.01850335734821,110.45925293800856,122.04549312658536,113.11580356397434,123.14067540800102
adolescent#001,63.0,126.0,9.5,11.4,10.3,8.8,6.314110790019776,114.41093241967332,101.64780955830082,100.8078541506042,115.04357365331808,123.70454906868045
adolescent#001,63.0,126.0,9.9,11.2,9.9,8.7,6.314110790019776,110.941677139288,100.7396579089981,108.93626025036131,112.8154756331996,136.9828129507929
adolescent#001,63.0,126.0,9.9,10.3,9.9,8.9,6.314110790019776,108.35883960077363,109.38807511011713,109.56038137922218,115.9837448471141,126.1614116675029
adolescent#001,63.0,126.0,9.8,10.8,9.9,8.6,6.314110790019776,113.46078347672704,108.40335553951493,112.12316177302898,120.53118441205075,135.2177523375297
adolescent#001,63.0,126.0,10.0,10.7,9.9,11.1,6.314110790019776,117.05819649425058,109.2805793607554,114.06170443930343,102.97677323006636,125.81762037842897
adolescent#001,63.0,126.0,10.5,10.4,10.0,10.1,6.314110790019776,116.5326701348416,98.89471282580871,107.22936386804625,112.44185520027683,126.8823042496098
adolescent#001,63.0,126.0,11.5,10.3,10.0,9.7,6.314110790019776,108.23452351283184,105.72264271781665,113.59020026108104,113.34389321468203,135.574502116965
adolescent#001,63.0,126.0,11.1,10.3,10.0,9.9,6.314110790019776,109.27878259459457,96.59344249598259,117.24748092663722,93.21789677675466,121.51503361047999
adolescent#001,63.0,126.0,11.0,9.6,10.1,13.9,6.314110790019776,110.24517743813266,104.88741184594996,112.36913826920438,95.68225888250012,131.96315588706616
