patient,meal,bg_fasting,ins_escada,ins_sts,ins_taco,ins_ts,ins_calc,ESCADA,STS,TACO,TS,Calc.
adolescent#010,24.0,102.0,1.5,1.5,0.0,1.5,1.4632540082688381,126.33107087443416,134.29026291240405,174.3257240201517,126.15097260937077,134.837389016411
adolescent#010,24.0,102.0,2.0,2.4,4.5,0.4,1.4632540082688381,116.0017052996452,110.11777646841847,67.34719651872823,164.96187127439885,126.88572330186912
adolescent#010,24.0,102.0,2.2,2.4,2.6,1.9,1.4632540082688381,109.20254388359814,126.27902764325214,108.78472771302393,122.42639667884818,136.0937705136239
adolescent#010,24.0,102.0,2.2,2.5,2.6,2.1,1.4632540082688381,104.84877746075328,109.22726801757238,95.15851058027079,103.90323800275173,135.8947727387218
adolescent#010,24.0,102.0,2.1,2.1,2.3,2.0,1.4632540082688381,113.35383723120144,120.2524860069658,111.68808226608807,117.77774462031866,129.68511561966108
adolescent#010,24.0,102.0,2.2,2.2,2.3,2.1,1.4632540082688381,112.9367466035002,117.61231531150253,122.92389904021898,111.28329475233261,125.89141256808932
adolescent#010,24.0,102.0,2.2,1.2,2.4,2.0,1.4632540082688381,115.28933833330694,138.96029480853028,103.14271061015779,117.08127499266821,126.45528622876876
adolescent#010,24.0,102.0,2.2,2.7,2.4,2.3,1.4632540082688381,113.68988020209808,98.14380337575618,109.4650076098402,109.23035398346627,139.7335501108812
adolescent#010,24.0,102.0,2.3,2.6,2.4,2.3,1.4632540082688381,111.10704266358371,105.37224622248492,110.08912873870106,113.92819677476541,128.9121488275912
adolescent#010,24.0,102.0,2.3,2.5,2.4,3.3,1.4632540082688381,115.74767681079778,108.62845513633258,112.65190913250787,96.45297902251076,137.968489497618
adolescent#010,24.0,102.0,2.4,2.6,2.4,2.2,1.4632540082688381,118.04427458273015,106.58004554198682,114.59045179878231,110.55084975785148,128.56835753851726
adolescent#010,24.0,102.0,2.2,2.5,2.4,2.2,1.4632540082688381,121.96746275438052,97.38750965670104,108.21544195652582,115.6473889920876,129.6330414096981
adolescent#010,24.0,102.0,2.2,2.4,2.4,2.3,1.4632540082688381,117.86511496986853,108.05749917737025,114.57627834956061,114.69595762358789,138.3252392770533
adolescent#010,24.0,102.0,2.2,2.5,2.4,2.2,1.4632540082688381,116.8528591223797,94.64417027694874,118.23355901511678,95.96609983956472,124.2657707705683
adolescent#010,24.0,102.0,2.2,2.4,2.4,2.3,1.4632540082688381,117.81925396591778,103.54636205625239,113.35521635768396,114.22263118324021,134.71389304715447
