patient,meal,bg_fasting,ins_escada,ins_sts,ins_taco,ins_ts,ins_calc,ESCADA,STS,TACO,TS,Calc.
adolescent#003,60.0,142.0,4.3,4.3,6.4,7.2,4.287816667200245,147.6440424979923,155.6032345359622,91.02587103375329,74.08499915499897,153.4843744079259
adolescent#003,60.0,142.0,5.2,5.0,6.0,6.0,4.287816667200245,120.45098277566996,126.87732962997372,96.0242810880086,104.25338252728493,145.53270869338402
adolescent#003,60.0,142.0,5.5,5.4,5.7,5.9,4.287816667200245,110.37698432980623,132.24807549103136,113.52803327113119,104.38321024027412,154.7407559051388
adolescent#003,60.0,142.0,5.5,5.9,5.8,5.5,4.287816667200245,106.02321790696138,107.10263434704717,99.90181613837805,102.80539825548634,154.5417581302367
adolescent#003,60.0,142.0,5.5,5.8,5.7,5.8,4.287816667200245,112.25599748393604,114.15337032108258,107.86124677367835,109.35262383357086,148.33210101117598
adolescent#003,60.0,142.0,5.5,6.0,5.7,5.7,4.287816667200245,114.11118704970829,106.65861273791627,119.09706354780926,105.18417906644939,144.53839795960423
adolescent#003,60.0,142.0,5.5,5.9,5.7,5.4,4.287816667200245,116.46377877951504,102.24517737701805,101.53533082107926,116.23258184277817,145.10227162028366
adolescent#003,60.0,142.0,5.6,5.9,5.7,5.5,4.287816667200245,114.86432064830618,100.10322181170885,107.85762782076166,110.40479442967437,158.3805355023961
adolescent#003,60.0,142.0,5.6,5.8,5.7,5.7,4.287816667200245,112.28148310979181,110.11555178059218,108.48174894962253,110.10136128235568,147.5591342191061
adolescent#003,60.0,142.0,5.6,5.7,5.7,5.7,4.287816667200245,116.92211725700588,111.30520402584148,111.04452934342933,112.5995599145258,156.6154748891329
adolescent#003,60.0,142.0,5.6,5.7,5.7,5.7,4.287816667200245,121.43817073226944,111.32335110009409,112.98307200970378,106.72401426544175,147.21534293003216
adolescent#003,60.0,142.0,5.7,5.8,5.7,5.4,4.287816667200245,118.14062726197079,100.06425854620994,106.60806216744729,119.39698113653563,148.280026801213
adolescent#003,60.0,142.0,5.7,5.8,5.7,5.7,4.287816667200245,114.0382794774588,106.45011938829171,112.96889856048207,110.86912213117816,156.9722246685682
adolescent#003,60.0,142.0,5.8,5.8,5.7,5.6,4.287816667200245,113.02602362996997,97.32091916645764,116.62617922603826,97.14054028577283,142.9127561620832
adolescent#003,60.0,142.0,5.8,5.7,5.7,5.4,4.287816667200245,113.99241847350805,101.93898226717386,111.74783656860542,117.97222332768824,153.36087843866937
