patient,meal,bg_fasting,ins_escada,ins_sts,ins_taco,ins_ts,ins_calc,ESCADA,STS,TACO,TS,Calc.
adolescent#003,63.0,121.0,3.8,3.8,6.2,7.2,3.828103646016751,155.06145092824931,163.0206429662192,91.32581211127122,71.75276263398193,157.74876328375947
adolescent#003,63.0,121.0,4.4,4.3,5.7,5.7,3.828103646016751,136.0217394595451,142.78916474467778,98.20841534974836,106.43751678902468,149.79709756921758
adolescent#003,63.0,121.0,4.9,4.8,5.4,5.5,3.828103646016751,120.0330074683972,144.7052606841289,115.57458715591221,108.85307843992365,159.00514478097236
adolescent#003,63.0,121.0,5.1,5.5,5.5,5.3,3.828103646016751,113.06166889743264,111.5725025466967,99.57030177799346,104.7513924856229,158.80614700607026
adolescent#003,63.0,121.0,5.2,5.6,5.4,5.4,3.828103646016751,114.2019917140726,113.82185596069799,109.90780065845937,111.39917771835188,152.59648988700954
adolescent#003,63.0,121.0,5.2,5.6,5.4,5.1,3.828103646016751,116.05718127984485,113.45396545870821,121.14361743259028,117.22390599553847,148.8027868354378
adolescent#003,63.0,121.0,5.3,5.8,5.5,5.5,3.828103646016751,118.4097730096516,102.1038271176154,101.20381646069467,108.32463984553583,149.36666049611722
adolescent#003,63.0,121.0,5.4,5.6,5.4,5.3,3.828103646016751,111.90959859446937,104.57309001135837,109.90418170554268,112.35078865981093,162.64492437822966
adolescent#003,63.0,121.0,5.4,5.6,5.4,5.4,3.828103646016751,109.326761055955,109.7840374202076,110.52830283440355,112.1479151671367,151.82352309493967
adolescent#003,63.0,121.0,5.4,5.6,5.4,5.4,3.828103646016751,113.96739520316908,110.97368966545689,113.09108322821035,114.64611379930682,160.87986376496647
adolescent#003,63.0,121.0,5.4,5.6,5.4,5.4,3.828103646016751,118.48344867843264,110.9918367397095,115.0296258944848,108.77056815022277,151.47973180586573
adolescent#003,63.0,121.0,5.5,5.5,5.4,5.4,3.828103646016751,117.8091129015862,99.73274418582534,108.6546160522283,113.86710738445889,152.54441567704657
adolescent#003,63.0,121.0,5.6,5.6,5.4,5.4,3.828103646016751,113.70676511707421,106.11860502790712,115.0154524452631,112.91567601595918,161.23661354440176
adolescent#003,63.0,121.0,5.6,5.6,5.4,5.3,3.828103646016751,112.69450926958538,96.98940480607305,118.67273311081928,99.08653451590939,147.17714503791677
adolescent#003,63.0,121.0,5.6,5.4,5.5,5.5,3.828103646016751,113.66090411312346,103.98553615195488,111.41632220822083,110.0642813304459,157.62526731450293
