patient,meal,bg_fasting,ins_escada,ins_sts,ins_taco,ins_ts,ins_calc,ESCADA,STS,TACO,TS,Calc.
adolescent#008,60.0,142.0,37.4,37.4,0.0,42.8,37.36583632753867,156.37963460928498,170.07390117735494,468.66448459298084,159.6998984594427,168.86968619092892
adolescent#008,60.0,142.0,39.4,37.4,77.0,68.8,37.36583632753867,164.87066115740691,167.18842419231493,136.5213847031215,139.07293604788046,169.78622402768127
adolescent#008,60.0,142.0,42.2,37.4,80.0,80.0,37.36583632753867,160.18378012892583,169.9569614621372,131.54969097936763,139.28744683481943,174.42405178413946
adolescent#008,60.0,142.0,44.8,38.2,80.0,67.4,37.36583632753867,152.49330382113243,174.87389829043792,135.32601414488582,142.04894298668765,159.76713297418664
adolescent#008,60.0,142.0,47.0,37.6,76.8,76.6,37.36583632753867,154.93492369091655,175.94202765124524,134.32346766876594,132.62728947840466,166.8745201897957
adolescent#008,60.0,142.0,49.2,37.4,75.6,75.0,37.36583632753867,159.03896952696374,164.43803765765466,125.02939517335669,127.31432841331277,173.53201656493138
adolescent#008,60.0,142.0,51.8,37.4,75.0,70.4,37.36583632753867,150.51402485953716,166.48518739180176,132.14901604402215,132.65315865607516,170.87029235104976
adolescent#008,60.0,142.0,53.8,37.4,74.4,78.0,37.36583632753867,146.0910605627641,166.47407276193303,135.13323240376036,131.94408924938185,171.73495122185554
adolescent#008,60.0,142.0,55.8,43.0,73.2,78.8,37.36583632753867,149.37249096430324,159.08256081138595,134.18598148452693,130.71172565210486,170.09531298898202
adolescent#008,60.0,142.0,57.8,45.4,72.0,80.0,37.36583632753867,144.77328721300236,161.44665735384416,137.8909685629731,129.47194818449833,178.34606421511864
adolescent#008,60.0,142.0,59.8,48.0,70.2,79.8,37.36583632753867,139.03057766784391,156.4062553624063,138.81801264802485,133.71974453989964,166.78489548788187
adolescent#008,60.0,142.0,61.8,50.2,68.0,79.4,37.36583632753867,143.53019627110945,150.79329296453645,127.87595357210016,129.8127941585011,175.08134678240484
adolescent#008,60.0,142.0,63.8,52.2,67.6,79.8,37.36583632753867,150.3486989971841,137.85481227963004,138.79237016937114,129.27352436197415,176.0257110346817
adolescent#008,60.0,142.0,65.8,54.0,65.6,79.6,37.36583632753867,144.931296052168,148.09761043720053,133.6146047343553,140.82363150660555,175.08146295506944
adolescent#008,60.0,142.0,67.8,56.2,64.4,79.2,37.36583632753867,136.79684764354909,142.95644614392793,135.6257213498814,135.60174363650637,169.0954019140414
