patient,meal,bg_fasting,ins_escada,ins_sts,ins_taco,ins_ts,ins_calc,ESCADA,STS,TACO,TS,Calc.
adolescent#006,28.0,108.0,2.9,3.3,10.7,8.9,3.8869841500253393,111.9937417917421,114.07131701360616,47.04268493113391,54.30193652287562,103.89442097728987
adolescent#006,28.0,108.0,2.7,3.0,0.0,0.5,3.8869841500253393,115.66834408152184,112.06996404086458,164.26026729928444,160.92912433904414,95.942755262748
adolescent#006,28.0,108.0,3.1,3.6,4.2,3.8,3.8869841500253393,107.47841108737406,119.87448599586544,101.23803968882753,103.08124578143602,105.15080247450278
adolescent#006,28.0,108.0,3.0,3.5,3.6,2.9,3.8869841500253393,104.5815093298682,108.43704059441913,95.1046542800699,104.35779399640343,104.95180469960066
adolescent#006,28.0,108.0,2.8,3.6,2.8,2.9,3.8869841500253393,115.34648111394266,109.35620846277442,115.95300634230279,115.90629551310577,98.74214758053995
adolescent#006,28.0,108.0,3.0,3.3,3.0,3.0,3.8869841500253393,112.66947847261511,114.45753468252191,122.6566309093339,108.74374642797403,94.9484445289682
adolescent#006,28.0,108.0,3.0,2.9,3.3,2.8,3.8869841500253393,115.02207020242186,113.60023161658708,102.20738568450837,116.74791377454486,95.51231818964763
adolescent#006,28.0,108.0,3.1,3.4,3.2,2.9,3.8869841500253393,111.965747405874,102.79226215467001,108.52968268419077,111.95719017059146,108.79058207176008
adolescent#006,28.0,108.0,3.1,3.5,3.2,3.1,3.8869841500253393,109.38290986735963,106.64857546793003,109.15380381305164,112.20406397854133,97.96918078847008
adolescent#006,28.0,108.0,3.1,2.4,3.2,3.1,3.8869841500253393,114.0235440145737,125.83245854503511,111.71658420685844,114.70226261071144,107.02552145849688
adolescent#006,28.0,108.0,3.2,3.6,3.2,3.2,3.8869841500253393,117.10894965708073,106.52618924178593,113.65512687313289,107.39606912887086,97.62538949939615
adolescent#006,28.0,108.0,3.3,3.3,3.2,3.1,3.8869841500253393,118.8126821253999,100.73631340963905,107.2801170308764,113.92325619586352,98.69007337057698
adolescent#006,28.0,108.0,3.6,3.5,3.2,3.2,3.8869841500253393,109.24111761915064,102.98314307562956,113.64095342391118,111.54117699460727,107.38227123793217
adolescent#006,28.0,108.0,3.6,3.5,3.2,3.1,3.8869841500253393,108.22886177166181,93.85394285379549,117.29823408946737,94.24196704334065,93.32280273144717
adolescent#006,28.0,108.0,3.5,3.2,3.2,3.0,3.8869841500253393,110.5254421608459,102.61103713060297,112.41989143203453,113.95536305235512,103.77092500803336
