patient,meal,bg_fasting,ins_escada,ins_sts,ins_taco,ins_ts,ins_calc,ESCADA,STS,TACO,TS,Calc.
adolescent#003,72.0,126.0,4.5,4.5,7.4,9.0,4.477241666933455,155.09170883519687,163.0509008731667,85.65061771357647,60.599320115297644,164.04755164389812
adolescent#003,72.0,126.0,5.3,5.2,6.7,7.8,4.477241666933455,136.6020430018016,137.53585516824413,95.42901034090694,83.28958435021723,156.09588592935623
adolescent#003,72.0,126.0,6.0,5.8,6.2,7.1,4.477241666933455,113.50017680839542,140.28901843754517,116.89069234584574,95.36944997008587,165.303933141111
adolescent#003,72.0,126.0,6.1,6.5,6.4,6.4,4.477241666933455,109.14641038555057,108.47551314094383,98.69017086856641,96.59247704705687,165.1049353662089
adolescent#003,72.0,126.0,6.1,6.5,6.2,5.9,4.477241666933455,115.37918996252523,110.72486655494512,111.22390584839289,119.92816967782367,158.89527824714818
adolescent#003,72.0,126.0,6.2,6.6,6.2,6.1,4.477241666933455,112.47257018580501,110.35697605295535,122.4597226225238,113.3086474836564,155.10157519557643
adolescent#003,72.0,126.0,6.2,6.6,6.3,6.1,4.477241666933455,114.82516191561176,103.61805617091471,104.8979898957938,116.78062262312743,155.66544885625586
adolescent#003,72.0,126.0,6.2,6.7,6.3,6.1,4.477241666933455,113.2257037844029,97.18246654346477,111.2202868954762,113.52798690826356,168.9437127383683
adolescent#003,72.0,126.0,6.3,6.5,6.3,6.3,4.477241666933455,110.64286624588853,106.68704801445473,111.84440802433707,113.46402035707023,158.12231145507832
adolescent#003,72.0,126.0,6.3,6.4,6.3,6.2,4.477241666933455,115.2835003931026,110.09355875602984,114.40718841814387,115.96221898924034,167.17865212510512
adolescent#003,72.0,126.0,6.3,6.5,6.3,6.4,4.477241666933455,119.79955386836616,107.89484733395663,116.34573108441832,105.51236899563011,157.77852016600437
adolescent#003,72.0,126.0,6.4,6.5,6.3,6.2,4.477241666933455,116.92898199215915,96.63575478007249,109.97072124216183,115.18321257439241,158.84320403718522
adolescent#003,72.0,126.0,6.4,6.4,6.3,6.4,4.477241666933455,112.82663420764716,105.23847411848007,116.33155763519662,109.65747686136652,167.5354019045404
adolescent#003,72.0,126.0,6.4,6.4,6.4,6.4,4.477241666933455,111.81437836015833,96.109273896646,115.41453395622662,90.92761907734337,153.47593339805542
adolescent#003,72.0,126.0,6.4,6.4,6.4,6.2,4.477241666933455,112.78077320369641,100.72733699736222,110.53619129879378,113.75845476554503,163.92405567464158
