patient,meal,bg_fasting,ins_escada,ins_sts,ins_taco,ins_ts,ins_calc,ESCADA,STS,TACO,TS,Calc.
adolescent#006,51.0,129.0,8.4,8.4,0.0,3.5,8.359364860473562,89.86439654970846,97.82358858767833,263.1110316225083,165.09777000028856,96.70143118554337
adolescent#006,51.0,129.0,5.8,6.0,15.8,6.1,8.359364860473562,125.98869807635762,122.30885963931813,42.98958232211475,125.17871256843965,88.7497654710015
adolescent#006,51.0,129.0,7.0,7.1,10.8,6.6,8.359364860473562,105.43016581815151,124.7261052811367,78.27034228622351,115.80790051570041,97.95781268275628
adolescent#006,51.0,129.0,6.8,8.0,8.5,6.9,8.359364860473562,103.6351199993655,100.41814098160044,83.34611778880755,99.12672430245335,97.75881490785416
adolescent#006,51.0,129.0,6.6,7.9,6.5,7.0,8.359364860473562,113.87802926071039,103.73402151481335,114.48455448907052,109.40708126053396,91.54915778879345
adolescent#006,51.0,129.0,6.7,7.5,6.7,6.8,8.359364860473562,113.03641515002953,107.82028680818726,123.02356758674831,107.79735709747133,87.7554547372217
adolescent#006,51.0,129.0,6.7,7.4,7.0,6.6,8.359364860473562,115.38900687983627,102.24381137688118,101.58978824804235,115.27946192131259,88.31932839790113
adolescent#006,51.0,129.0,6.8,7.4,6.9,6.7,8.359364860473562,112.4762227407103,100.10185581157198,109.1802298063465,109.3300225299956,101.59759228001359
adolescent#006,51.0,129.0,6.8,7.4,6.9,6.8,8.359364860473562,109.89338520219593,105.3128032204212,109.80435093520737,112.71453931337763,90.77619099672359
adolescent#006,51.0,129.0,6.8,7.4,6.9,6.8,8.359364860473562,114.53401934941,106.5024554656705,112.36713132901417,115.21273794554774,99.83253166675038
adolescent#006,51.0,129.0,6.8,7.2,6.9,6.9,8.359364860473562,119.05007282467356,108.90689890805278,114.30567399528861,108.04661625102659,90.43239970764965
adolescent#006,51.0,129.0,6.9,7.1,6.9,6.9,8.359364860473562,119.46322924755563,100.11871597317304,107.93066415303213,113.14315548526271,91.49708357883048
adolescent#006,51.0,129.0,7.0,7.2,6.9,6.7,8.359364860473562,114.0927369044219,104.0336671962504,114.29150054606691,114.79562617011722,100.18928144618567
adolescent#006,51.0,129.0,7.0,7.1,6.9,6.8,8.359364860473562,113.08048105693307,97.37537659342074,117.9487812116231,94.75244237817694,86.12981293970067
adolescent#006,51.0,129.0,7.1,6.9,7.0,10.7,8.359364860473562,114.04687590047115,103.2615842527587,111.80229399556852,76.51576073485528,96.57793521628686
