patient,meal,bg_fasting,ins_escada,ins_sts,ins_taco,ins_ts,ins_calc,ESCADA,STS,TACO,TS,Calc.
adolescent#006,40.0,114.0,5.9,5.9,2.6,7.0,5.940317414235036,94.52499113752474,102.4841831754946,146.29670732107397,82.95905683980442,100.36532304745832
adolescent#006,40.0,114.0,3.9,3.9,7.6,0.5,5.940317414235036,123.73447870706605,124.66829087350858,76.31533596601012,198.9823162004895,92.41365733291644
adolescent#006,40.0,114.0,4.8,5.5,5.2,5.4,5.940317414235036,109.5737907979899,118.4513694306047,111.0467433758922,104.18919748893462,101.62170454467123
adolescent#006,40.0,114.0,4.8,5.8,5.3,5.2,5.940317414235036,105.22002437514504,103.29625321306719,97.42052624313907,95.32283242162953,101.4227067697691
adolescent#006,40.0,114.0,4.7,5.7,4.9,3.0,5.940317414235036,111.45280395211971,105.54560662706848,109.3180172965764,141.037343616559,95.2130496507084
adolescent#006,40.0,114.0,4.7,5.6,4.9,5.5,5.940317414235036,113.30799351789196,107.5652013955239,120.55383407070731,98.96390064288049,91.41934659913665
adolescent#006,40.0,114.0,4.8,5.7,5.1,4.4,5.940317414235036,115.6605852476987,98.43879624303807,101.65662405908758,117.14796490471743,91.98322025981608
adolescent#006,40.0,114.0,4.8,5.1,5.0,4.9,5.940317414235036,114.06112711648984,105.02589760975128,107.97892105876998,106.8602890139546,105.26148414192853
adolescent#006,40.0,114.0,4.9,5.3,5.0,4.7,5.940317414235036,108.73697769407204,107.6342618853532,108.60304218763085,114.29944368915717,94.44008285863853
adolescent#006,40.0,114.0,4.9,5.3,5.0,4.6,5.940317414235036,113.37761184128611,108.82391413060249,111.16582258143765,119.63538039444336,103.49642352866533
adolescent#006,40.0,114.0,4.9,5.5,5.0,5.0,5.940317414235036,117.89366531654967,105.10307267652519,113.1043652477121,106.84530750345007,94.0962915695646
adolescent#006,40.0,114.0,5.0,4.6,5.0,4.6,5.940317414235036,118.26192049997911,107.1000790261275,106.7293554054556,118.85637397959543,95.16097544074543
adolescent#006,40.0,114.0,5.2,4.7,5.0,4.9,5.940317414235036,111.55698958221981,110.6482017950932,113.0901917984904,112.32589265407621,103.85317330810062
adolescent#006,40.0,114.0,5.2,5.1,5.0,4.8,5.940317414235036,110.54473373473098,97.44221240446596,116.74747246404658,96.3373467539565,89.79370480161562
adolescent#006,40.0,114.0,5.2,4.4,5.0,10.4,5.940317414235036,111.51112857826907,110.43079296597087,111.86912980661374,62.8741743797472,100.24182707820181
