patient,meal,bg_fasting,ins_escada,ins_sts,ins_taco,ins_ts,ins_calc,ESCADA,STS,TACO,TS,Calc.
adolescent#010,28.0,108.0,1.9,1.9,0.0,1.4,1.937242073495781,134.1708384831175,142.13003052108735,194.6564769635304,148.36222737255994,137.31588456483422
adolescent#010,28.0,108.0,2.6,2.8,3.3,7.3,1.937242073495781,116.33109308560965,115.01319640539617,99.15241531851409,55.395813614494585,129.36421885029233
adolescent#010,28.0,108.0,2.7,2.9,2.9,4.0,1.937242073495781,111.87850811724465,128.97442309958683,117.83080851654444,90.77929610342802,138.5722660620471
adolescent#010,28.0,108.0,2.8,2.6,3.1,3.1,1.937242073495781,107.5247416943998,120.65852547979354,97.90552959280211,95.80783577129257,138.373268287145
adolescent#010,28.0,108.0,2.8,2.5,3.0,2.8,1.937242073495781,113.75752127137446,125.21215802131107,107.9154020666981,115.8554235596271,132.1636111680843
adolescent#010,28.0,108.0,2.8,2.6,3.0,2.7,1.937242073495781,115.61271083714671,122.53998839180505,119.15121884082902,111.68697879250563,128.36990811651253
adolescent#010,28.0,108.0,2.9,2.9,3.0,2.8,1.937242073495781,115.76527808631046,111.34933518246541,101.58948611409902,115.15895393197665,128.93378177719197
adolescent#010,28.0,108.0,3.0,3.0,3.0,2.9,1.937242073495781,109.91720000270811,104.95875966476272,107.91178311378142,109.70629373646979,142.2120456593044
adolescent#010,28.0,108.0,3.1,3.1,3.0,2.7,1.937242073495781,105.28392062559804,108.11926523501624,108.53590424264229,116.60416100841192,131.39064437601442
adolescent#010,28.0,108.0,3.0,3.0,3.0,2.8,1.937242073495781,111.97499661140782,111.35935931886124,111.0986846364491,119.10235964058204,140.44698504604122
adolescent#010,28.0,108.0,3.0,2.9,3.0,2.8,1.937242073495781,116.49105008667138,115.62612634550733,113.03722730272354,113.22681399149799,131.04685308694047
adolescent#010,28.0,108.0,3.1,3.1,3.0,3.0,1.937242073495781,116.14434071639485,98.067972000634,106.66221746046705,111.87470879269763,132.11153695812132
adolescent#010,28.0,108.0,3.2,2.4,3.0,2.8,1.937242073495781,110.03954662678775,122.27862568052876,113.02305385350184,117.3719218572344,140.8037348254765
adolescent#010,28.0,108.0,3.2,3.0,3.0,2.9,1.937242073495781,109.02729077929892,97.3750744594774,116.68033451905802,96.44203959256825,126.7442663189915
adolescent#010,28.0,108.0,3.2,2.9,3.0,2.8,1.937242073495781,109.993685622837,106.2417575125871,111.80199186162518,116.89859541688672,137.19238859557768
