patient,meal,bg_fasting,ins_escada,ins_sts,ins_taco,ins_ts,ins_calc,ESCADA,STS,TACO,TS,Calc.
adult#005,23.0,122.0,2.4,2.4,0.0,0.0,2.4132164963807226,152.72639909842286,156.48558387259462,167.22763441237308,177.89473061521375,162.3106072675493
adult#005,23.0,122.0,3.0,3.6,2.4,1.8,2.4132164963807226,150.42423077229768,145.9656223817122,156.74028025903627,152.8705447722888,157.2548362366182
adult#005,23.0,122.0,3.4,3.2,3.9,2.3,2.4132164963807226,152.09945615755683,154.6370453266558,147.30335609183692,165.15871402661313,165.62448513422203
adult#005,23.0,122.0,4.0,3.7,4.4,3.8,2.4132164963807226,146.42624293859532,146.25243522232515,141.84848384033998,156.45080853721666,155.46985917832967
adult#005,23.0,122.0,4.3,4.3,4.5,6.1,2.4132164963807226,150.99580605441565,154.56460950191072,145.68359957165782,138.52372944497384,158.3928862443511
adult#005,23.0,122.0,4.9,4.9,4.8,5.6,2.4132164963807226,150.14106776064312,147.1958290835086,152.20330770258016,140.71329574789567,159.2134789264565
adult#005,23.0,122.0,5.6,5.2,5.6,5.7,2.4132164963807226,145.66310289092016,153.4237790433237,146.2884756953874,141.5329449212285,159.1853079358081
adult#005,23.0,122.0,6.1,6.2,6.3,6.1,2.4132164963807226,137.4908546973906,134.31798412838913,140.56906602323767,127.3369415379331,153.98412855296175
adult#005,23.0,122.0,6.0,5.9,6.4,5.7,2.4132164963807226,138.9597384116303,134.6193491928393,142.6129242095101,154.87731602611046,157.9206297194152
adult#005,23.0,122.0,5.9,5.6,6.6,5.8,2.4132164963807226,137.28222586547398,147.27159825883652,135.93132900182414,136.33736907359997,159.31309822584737
adult#005,23.0,122.0,5.9,6.1,6.4,6.1,2.4132164963807226,139.99278976669896,137.33248042441122,130.72937810943787,144.1786263219638,164.69911590288325
adult#005,23.0,122.0,5.9,6.1,6.1,6.0,2.4132164963807226,140.48310496390334,133.23027826948427,139.83072914786237,127.45869535362847,161.6793662079444
adult#005,23.0,122.0,5.9,6.0,6.1,5.8,2.4132164963807226,130.24898510497422,140.3494386903654,140.1307452176882,137.22753356577434,160.88202494317858
adult#005,23.0,122.0,5.8,6.0,6.1,5.7,2.4132164963807226,126.60103061699927,133.63631376162147,136.08724023222632,132.6624967627506,159.65931451647737
adult#005,23.0,122.0,5.6,5.8,6.1,5.5,2.4132164963807226,133.58359628335475,145.68134358384287,133.35056887351467,145.5953710950303,148.86223046279025
