patient,meal,bg_fasting,ins_escada,ins_sts,ins_taco,ins_ts,ins_calc,ESCADA,STS,TACO,TS,Calc.
adult#007,65.0,103.0,1.5,1.5,4.5,3.9,1.5397983770973602,178.8396484442107,186.7988404821806,105.02012874398893,115.0088203846743,184.6799803541443
adult#007,65.0,103.0,1.9,2.6,0.9,0.8,1.5397983770973602,171.5226078467506,149.3102683147789,196.70858770395392,208.4644026268183,176.72831463960242
adult#007,65.0,103.0,2.3,2.5,3.1,3.1,1.5397983770973602,157.36753738658663,168.19761337918703,141.41848550122438,137.07504503040144,185.9363618513572
adult#007,65.0,103.0,3.9,3.2,3.1,3.1,1.5397983770973602,110.77079050587406,137.35953330595459,127.79226836847124,125.6945745469617,185.7373640764551
adult#007,65.0,103.0,2.9,3.1,2.9,2.8,1.5397983770973602,142.74420091395103,142.04382255117577,143.35072614231115,147.47389786545804,179.52770695739437
adult#007,65.0,103.0,3.0,3.1,3.0,2.4,1.5397983770973602,139.4841513743784,141.67593204918597,149.4713038110972,154.30612711841104,175.73400390582262
adult#007,65.0,103.0,3.0,3.2,3.0,3.0,1.5397983770973602,141.83674310418513,132.50207633592547,131.90957108436717,139.03039446920835,176.29787756650205
adult#007,65.0,103.0,3.0,3.1,3.0,2.8,1.5397983770973602,140.23728497297628,132.79505660183617,138.2318680840496,143.52479252294376,189.5761414486145
adult#007,65.0,103.0,3.0,3.1,3.0,3.0,1.5397983770973602,137.6544474344619,138.0060040106854,138.85598921291046,140.4756015456436,178.7547401653245
adult#007,65.0,103.0,3.0,3.1,3.0,3.0,1.5397983770973602,142.295081581676,139.19565625593467,141.41876960671726,142.97380017781373,187.8110808353513
adult#007,65.0,103.0,3.0,3.0,3.0,3.0,1.5397983770973602,146.81113505693955,141.697591363382,143.3573122729917,137.09825452872968,178.41094887625056
adult#007,65.0,103.0,3.0,3.0,3.0,3.0,1.5397983770973602,148.51486752525872,130.43849880949787,136.98230243073522,142.1947937629658,179.4756327474314
adult#007,65.0,103.0,3.1,3.1,3.0,3.0,1.5397983770973602,141.92873170755198,134.3405716183849,143.34313882377,141.2433623944661,188.1678306147866
adult#007,65.0,103.0,3.1,3.0,3.0,2.9,1.5397983770973602,140.91647586006314,127.69515942974557,147.0004194893262,127.6287437157878,174.1083621083016
adult#007,65.0,103.0,3.1,2.9,3.0,2.9,1.5397983770973602,141.88287070360124,137.42846163580666,142.12207683189337,145.88527505946328,184.55648438488777
