patient,meal,bg_fasting,ins_escada,ins_sts,ins_taco,ins_ts,ins_calc,ESCADA,STS,TACO,TS,Calc.
adult#005,40.0,114.0,5.6,5.6,10.0,10.4,4.841312716994378,160.33096392731838,164.09014870149014,135.75319697768597,144.42726847721227,174.65074799293993
adult#005,40.0,114.0,6.8,7.0,9.8,10.6,4.841312716994378,154.81916580299003,152.78610977061697,140.9352911522351,130.48470062631222,169.59497696200881
adult#005,40.0,114.0,7.8,8.1,9.8,10.4,4.841312716994378,153.3567329143821,153.634584862775,141.01340247811893,145.7407649908061,177.96462585961265
adult#005,40.0,114.0,8.9,8.5,9.8,10.3,4.841312716994378,145.33152178678063,145.52071620812848,138.42111780079182,146.49693714525316,167.8099999037203
adult#005,40.0,114.0,9.3,9.4,9.8,10.6,4.841312716994378,148.97771567110408,152.03336450072243,142.82254633188822,140.420356555137,170.73302696974173
adult#005,40.0,114.0,10.0,10.1,9.8,10.6,4.841312716994378,148.51785016417847,145.57261148704396,150.46872341752953,139.9094826345092,171.55361965184713
adult#005,40.0,114.0,10.8,10.9,9.9,10.5,4.841312716994378,143.3877036775533,149.01711524482897,148.47422758811857,141.8152448748516,171.52544866119874
adult#005,40.0,114.0,11.1,11.6,10.0,10.7,4.841312716994378,136.94332698703948,132.43481362542136,146.01905958544657,128.74133474919543,166.32426927835238
adult#005,40.0,114.0,10.9,11.0,10.1,10.5,4.841312716994378,138.89764992543917,133.53568319766435,149.1215124478429,155.15961597973356,170.26077044480581
adult#005,40.0,114.0,10.9,10.8,10.2,10.6,4.841312716994378,136.683999094459,144.99619904546967,142.4654517839852,136.61966902722307,171.653238951238
adult#005,40.0,114.0,10.8,11.2,10.2,10.6,4.841312716994378,139.8816924920579,136.3011981636958,136.7371132194533,146.07525343212697,177.03925662827388
adult#005,40.0,114.0,10.8,11.2,10.2,10.9,4.841312716994378,140.3720076892623,132.19899600876886,143.7134743920817,127.39660686743734,174.01950693333504
adult#005,40.0,114.0,10.8,10.9,10.2,10.5,4.841312716994378,130.13788783033317,140.28735020417426,144.01349046190754,137.50983351939743,173.2221656685692
adult#005,40.0,114.0,10.6,10.7,10.3,10.6,4.841312716994378,126.88333057062236,135.0407069728838,138.97347871510917,132.9447967163737,171.999455241868
adult#005,40.0,114.0,10.4,10.7,10.2,10.5,4.841312716994378,133.27372972902742,145.47140963856515,137.233314117734,144.79155798164382,161.20237118818088
