patient,meal,bg_fasting,ins_escada,ins_sts,ins_taco,ins_ts,ins_calc,ESCADA,STS,TACO,TS,Calc.
adult#003,51.0,138.0,5.6,5.6,0.0,0.0,5.555150082922376,162.9611300304208,170.9203220683907,277.8862623213685,276.19235439549044,168.80146194035441
adult#003,51.0,138.0,8.0,7.9,13.9,7.4,5.555150082922376,130.75266474387985,132.90657616636446,70.8363135207474,142.0556692377728,160.84979622581253
adult#003,51.0,138.0,7.4,7.3,9.2,7.5,5.555150082922376,136.05112802049973,156.6396260586805,124.01985769692047,138.57986417600281,170.0578434375673
adult#003,51.0,138.0,7.2,8.0,8.1,7.8,5.555150082922376,134.29505663691688,135.08009713806373,123.0778963693605,123.43212492076024,169.8588456626652
adult#003,51.0,138.0,7.1,7.9,6.6,7.2,5.555150082922376,143.1763524296333,138.54954980810712,150.63395528004133,142.62573850214417,163.64918854360448
adult#003,51.0,138.0,7.1,8.1,7.2,7.5,5.555150082922376,145.03154199540555,136.96156005007524,152.37017821638258,134.57945044214395,159.85548549203273
adult#003,51.0,138.0,7.2,7.9,7.5,7.4,5.555150082922376,144.73561750947053,131.4427394240767,130.9306021967738,139.33157383523175,160.41935915271216
adult#003,51.0,138.0,7.3,7.9,7.3,7.3,5.555150082922376,141.83102291419527,129.30078385876752,139.8256060252686,137.37149669556348,173.6976230348246
adult#003,51.0,138.0,7.3,7.8,7.3,7.2,5.555150082922376,139.2481853756809,135.74355438448393,140.44972715412945,143.374475950929,162.87622175153462
adult#003,51.0,138.0,7.3,7.5,7.3,7.2,5.555150082922376,143.88881952289498,140.70047540153604,143.01250754793625,145.87267458309913,171.9325624215614
adult#003,51.0,138.0,7.3,7.3,7.3,7.3,5.555150082922376,148.40487299815854,143.291329304601,144.95105021421068,138.69199246994867,162.53243046246067
adult#003,51.0,138.0,7.4,7.8,7.4,7.4,5.555150082922376,148.81604689128213,125.69226115010167,137.28348179675862,142.4959731289892,163.5971143336415
adult#003,51.0,138.0,7.5,7.8,7.4,7.4,5.555150082922376,143.43355085315335,132.07812199218344,143.6443181897934,141.5445417604895,172.2893122009967
adult#003,51.0,138.0,7.5,7.5,7.4,7.3,5.555150082922376,142.42129500566452,126.7161905421522,147.3015988553496,124.10724255166193,158.22984369451171
adult#003,51.0,138.0,7.5,7.6,7.4,7.3,5.555150082922376,143.38768984920262,131.33425364286842,142.42325619791677,142.3637738953374,168.67796597109788
