patient,meal,bg_fasting,ins_escada,ins_sts,ins_taco,ins_ts,ins_calc,ESCADA,STS,TACO,TS,Calc.
adult#009,24.0,102.0,3.0,3.0,2.6,2.2,3.028244698192025,135.60093977168444,149.2952063397544,149.0053092133131,151.0572521606577,148.09099135332838
adult#009,24.0,102.0,3.0,3.6,3.0,2.8,3.028244698192025,147.60420955618858,143.97025204899975,153.16308556164861,152.903328801147,149.00752919008073
adult#009,24.0,102.0,3.0,3.4,3.4,3.2,3.028244698192025,147.62854841449985,147.54654244633676,147.93440946049944,156.48531094785238,153.64535694653893
adult#009,24.0,102.0,3.2,3.6,3.6,4.2,3.028244698192025,142.47631167732973,153.45222594533533,150.9029794985029,148.66999282431254,138.9884381365861
adult#009,24.0,102.0,3.2,4.2,3.8,4.4,3.028244698192025,147.96226636532575,151.06117733377755,148.33447837653725,143.36412458928748,146.09582535219516
adult#009,24.0,102.0,3.2,4.2,4.0,4.4,3.028244698192025,154.6169397960175,138.8285592176518,136.85572113929348,137.36314800856644,152.75332172733084
adult#009,24.0,102.0,3.4,4.4,4.0,4.4,3.028244698192025,147.83158748194276,140.08912464602943,143.77623657612918,140.25552610623328,150.09159751344922
adult#009,24.0,102.0,3.4,4.0,4.0,4.4,3.028244698192025,145.37315377788468,141.65641095301407,146.45778937675848,143.4379843374289,150.956256384255
adult#009,24.0,102.0,3.6,4.2,4.2,4.8,3.028244698192025,149.679165078237,142.8531783631906,144.0994918329949,141.70044922946764,149.31661815138148
adult#009,24.0,102.0,3.6,4.2,4.2,4.6,3.028244698192025,146.79256847777975,148.2061045421417,147.16499842500735,141.87102293565826,157.5673693775181
adult#009,24.0,102.0,3.8,4.4,4.4,4.8,3.028244698192025,142.6540915447574,145.82082856010936,146.30703276700257,145.16000286156233,146.00620065028133
adult#009,24.0,102.0,3.8,4.2,4.4,4.4,3.028244698192025,148.65899347821386,143.45013992790922,134.07593925504827,141.94508829367723,154.3026519448043
adult#009,24.0,102.0,4.0,4.4,4.4,4.8,3.028244698192025,155.29333509503988,131.7906849595608,144.62683570122655,140.71378268363685,155.24701619708117
adult#009,24.0,102.0,4.4,4.6,4.4,5.4,3.028244698192025,149.63062677426595,143.77084959154953,138.1840961367955,149.10010646540596,154.3027681174689
adult#009,24.0,102.0,4.8,4.6,4.4,4.8,3.028244698192025,141.97252867211287,140.61103220981494,139.5347522713934,146.8627464299508,148.31670707644085
