patient,meal,bg_fasting,ins_escada,ins_sts,ins_taco,ins_ts,ins_calc,ESCADA,STS,TACO,TS,Calc.
adult#006,35.0,124.0,3.1,3.9,0.0,0.0,2.6215201866960673,168.23061118371373,165.87843228594977,213.15081820392402,211.4569102780459,180.6957802135442
adult#006,35.0,124.0,4.1,5.3,7.7,5.8,2.6215201866960673,158.79273046269913,145.10100490140474,112.71435226272837,142.1854542186187,172.7441144990023
adult#006,35.0,124.0,5.1,6.1,5.7,5.6,2.6215201866960673,144.33205683067482,152.09519203384477,144.33323788128843,142.28170408351326,181.95216171075708
adult#006,35.0,124.0,5.5,7.3,6.0,6.2,2.6215201866960673,134.11905325154856,125.46786905575165,127.32536031804923,123.01099836453487,181.75316393585499
adult#006,35.0,124.0,5.3,6.8,5.6,5.8,2.6215201866960673,143.84532976738305,132.8936135441701,140.95835805688336,140.15782844372808,175.54350681679426
adult#006,35.0,124.0,5.4,6.3,5.6,5.7,2.6215201866960673,143.3641323476174,138.99235586675914,152.19417483101427,135.98938367660662,171.7498037652225
adult#006,35.0,124.0,5.4,6.2,5.8,5.7,2.6215201866960673,145.71672407742415,132.25343598471852,132.34053543123648,139.46135881607765,172.31367742590194
adult#006,35.0,124.0,5.5,5.8,5.7,5.5,2.6215201866960673,142.96015599289336,135.7098089819002,138.6628324309189,138.50062977426157,185.59194130801438
adult#006,35.0,124.0,5.6,5.9,5.7,15.2,2.6215201866960673,140.37731845437898,138.65878707955997,139.28695355977976,67.30141155168921,174.7705400247244
adult#006,35.0,124.0,5.6,5.9,5.7,5.3,2.6215201866960673,145.01795260159307,139.84843932480925,141.84973395358656,149.19016813659061,183.8268806947512
adult#006,35.0,124.0,5.7,6.0,5.7,5.7,2.6215201866960673,147.24209940380885,138.74689527976525,143.788276619861,137.52921887559899,174.42674873565045
adult#006,35.0,124.0,5.9,6.0,5.7,5.5,2.6215201866960673,146.68386256093856,127.48780272588112,137.41326677760452,144.91766478288287,175.4914326068313
adult#006,35.0,124.0,6.4,5.0,5.7,5.7,2.6215201866960673,137.05893240793657,145.40646782777813,143.7741031706393,141.6743267413354,184.1836304741865
adult#006,35.0,124.0,6.1,5.7,5.7,5.6,2.6215201866960673,140.44956780964114,128.12612377661486,147.4313838361955,125.23637563036002,170.1241619677015
adult#006,35.0,124.0,6.2,5.3,5.8,5.6,2.6215201866960673,139.1992945211744,138.52959048923867,142.55304117876267,143.4929069740355,180.57228424428766
