patient,meal,bg_fasting,ins_escada,ins_sts,ins_taco,ins_ts,ins_calc,ESCADA,STS,TACO,TS,Calc.
adult#007,28.0,108.0,0.0,0.9,1.9,0.2,0.04916223277216414,160.64620797819998,140.6692625047985,110.79120244623157,153.86873127600515,166.48653988813356
adult#007,28.0,108.0,0.8,0.6,0.5,4.8,0.04916223277216414,137.72736483414153,147.6390281625017,142.2797796523469,66.68932044312383,158.53487417359167
adult#007,28.0,108.0,0.7,1.0,0.6,2.8,0.04916223277216414,141.45581289772693,149.1167348517498,152.65666475429296,93.90700373732413,167.74292138534645
adult#007,28.0,108.0,0.7,1.3,1.0,0.4,0.04916223277216414,137.1020464748821,128.2084408855248,124.34690313595428,140.03711439201896,167.54392361044435
adult#007,28.0,108.0,0.7,1.0,0.7,0.5,0.04916223277216414,143.33482605185677,138.5984573186588,143.94135128021688,148.48125531673261,161.33426649138363
adult#007,28.0,108.0,0.7,0.9,0.8,0.7,0.04916223277216414,145.190015617629,141.05548017371422,149.24784386905338,141.26428357298792,157.54056343981188
adult#007,28.0,108.0,0.8,0.0,0.8,0.7,0.04916223277216414,141.61328316214133,162.25269780304495,131.68611114232337,144.73625871245895,158.1044371004913
adult#007,28.0,108.0,0.8,1.0,0.8,1.1,0.04916223277216414,140.01382503093248,129.3496913693192,138.0084081420058,127.07946701587777,171.38270098260375
adult#007,28.0,108.0,0.8,0.7,0.8,0.6,0.04916223277216414,137.4309874924181,146.19565628713073,138.63252927086666,149.22999276551744,160.56129969931376
adult#007,28.0,108.0,0.8,1.1,0.8,0.7,0.04916223277216414,142.07162163963218,132.9811525506627,141.19530966467346,148.67966442106433,169.61764036934056
adult#007,28.0,108.0,0.8,1.0,0.8,0.9,0.04916223277216414,146.58767511489575,135.7684380976703,143.1338523309479,133.99401462006318,160.21750841023982
adult#007,28.0,108.0,0.8,0.8,0.8,0.7,0.04916223277216414,148.29140758321492,130.21503886745407,136.7588424886914,147.90065800621642,161.28219228142066
adult#007,28.0,108.0,0.9,0.9,0.8,0.7,0.04916223277216414,141.30827983208022,133.72011974291314,143.1196788817262,146.9492266377167,169.97439014877585
adult#007,28.0,108.0,1.0,0.8,0.8,0.8,0.04916223277216414,137.47111062754618,127.47169948770177,146.7769595472824,122.29004466839913,155.91492164229086
adult#007,28.0,108.0,0.9,0.5,0.8,0.9,0.04916223277216414,141.26241882812948,141.06761375033562,141.89861688984956,137.6657960454519,166.36304391887703
