patient,meal,bg_fasting,ins_escada,ins_sts,ins_taco,ins_ts,ins_calc,ESCADA,STS,TACO,TS,Calc.
adult#006,24.0,102.0,0.3,0.3,0.0,0.2,0.3136104434031597,156.79008513456762,164.74927717253746,160.94619927929935,156.6099868695042,161.31947695300934
adult#006,24.0,102.0,1.4,1.8,20.0,0.0,0.3136104434031597,144.89058782590055,139.73189057061415,29.624410428285543,165.37256911473892,153.36781123846745
adult#006,24.0,102.0,2.0,2.1,3.4,1.1,0.3136104434031597,134.21210911257845,152.32676804700267,126.5255124539485,148.98673342157585,162.57585845022223
adult#006,24.0,102.0,1.7,1.2,2.1,3.1,0.3136104434031597,133.44717851370103,151.70615752834888,127.55693633120714,114.06729205493212,162.37686067532013
adult#006,24.0,102.0,1.5,2.5,1.5,1.9,0.3136104434031597,142.10965602678328,137.15926130305786,142.7161812551434,140.57411772484508,156.1672035562594
adult#006,24.0,102.0,1.6,2.3,1.6,1.3,0.3136104434031597,142.7463066806276,140.2668757767428,152.7334591173464,142.49818237945254,152.37350050468766
adult#006,24.0,102.0,1.6,2.3,1.9,2.0,0.3136104434031597,145.09889841043434,133.5279558947022,132.75682471235348,137.49255492731047,152.9373741653671
adult#006,24.0,102.0,1.6,2.3,1.8,2.0,0.3136104434031597,143.4994402792255,131.386000329393,139.0791217120359,134.2399192124466,166.21563804747953
adult#006,24.0,102.0,1.7,2.3,1.8,6.9,0.3136104434031597,139.70544371653145,136.59694773824222,139.70324284089676,90.35871402648257,155.39423676418954
adult#006,24.0,102.0,1.7,2.3,1.8,1.6,0.3136104434031597,144.34607786374553,137.7865999834915,142.26602323470357,146.23595548406294,164.45057743421634
adult#006,24.0,102.0,1.7,1.8,1.8,1.8,0.3136104434031597,148.8621313390091,142.5448449913683,144.204565900978,137.945508156716,155.0504454751156
adult#006,24.0,102.0,1.8,2.9,1.8,1.8,0.3136104434031597,149.36212115324503,119.66380821436934,137.82955605872152,143.04204739095212,156.11512934629644
adult#006,24.0,102.0,1.9,2.2,1.8,1.9,0.3136104434031597,145.25977336873302,132.93151534594173,144.1903924517563,142.0906160224524,164.80732721365163
adult#006,24.0,102.0,2.0,2.0,1.8,2.0,0.3136104434031597,141.86242435136,126.15731988784769,147.8476731173125,120.97566506854506,150.74785870716664
adult#006,24.0,102.0,2.0,1.8,1.9,8.9,0.3136104434031597,142.8288191948981,133.1604761584481,142.96933045987967,76.32654767105488,161.1959809837528
