patient,meal,bg_fasting,ins_escada,ins_sts,ins_taco,ins_ts,ins_calc,ESCADA,STS,TACO,TS,Calc.
adult#009,63.0,121.0,18.6,18.6,22.2,19.2,18.514122349096013,177.18396086043407,190.87822742850403,175.885949430841,187.71268136710526,190.47982832349484
adult#009,63.0,121.0,21.4,21.4,27.2,21.8,18.514122349096013,179.10290038464183,177.90842018316764,163.88170315998295,180.51918459471128,191.3963661602472
adult#009,63.0,121.0,24.4,24.2,32.0,25.2,18.514122349096013,168.32710721660243,170.57049306848887,145.84092057753972,175.26402281818818,196.0341939167054
adult#009,63.0,121.0,27.2,26.8,32.8,37.8,18.514122349096013,154.01350782196283,167.89631354069243,147.93540110192112,135.04374175994852,181.37727510675256
adult#009,63.0,121.0,29.2,29.4,33.8,37.0,18.514122349096013,153.26160855382435,160.3727245783797,142.62068907165698,131.99577032119294,188.48466232236163
adult#009,63.0,121.0,31.2,31.8,34.2,36.2,18.514122349096013,153.99376655170056,140.5005581423987,131.1268905990351,128.00301548547594,195.1421586974973
adult#009,63.0,121.0,33.2,33.4,33.4,35.2,18.514122349096013,142.4001269997836,138.64330789384215,140.75201888708852,133.46777502244808,192.48043448361568
adult#009,63.0,121.0,33.6,32.6,33.6,33.8,18.514122349096013,138.8516113454897,140.28832222203607,142.343489737482,140.9020856350058,193.34509335442146
adult#009,63.0,121.0,33.6,33.2,33.6,32.8,18.514122349096013,143.96537577335673,140.62077730523384,140.7770088248023,142.6921530780284,191.70545512154794
adult#009,63.0,121.0,33.8,32.8,33.6,36.0,18.514122349096013,141.0787791728995,147.6298324422476,143.84251541681476,133.02021062445047,199.95620634768457
adult#009,63.0,121.0,34.0,33.2,33.8,34.6,18.514122349096013,135.8612299646177,144.37501180792208,143.77113406457946,140.72810170236926,188.3950376204478
adult#009,63.0,121.0,33.8,33.2,33.8,34.2,18.514122349096013,142.9452041733336,141.21773886995246,131.54004055262516,137.79465869027223,196.69148891497076
adult#009,63.0,121.0,33.8,33.2,33.6,33.8,18.514122349096013,151.17903545576337,130.3448682073735,142.09093699880344,138.95927562389915,197.63585316724763
adult#009,63.0,121.0,34.4,32.6,33.6,33.2,18.514122349096013,145.48019717086095,143.9811617974249,135.64819743437238,151.5101088895944,196.69160508763537
adult#009,63.0,121.0,34.6,32.8,33.6,34.4,18.514122349096013,137.5406275129198,140.8213444156903,136.99885356897028,143.4937084692312,190.70554404660732
