patient,meal,bg_fasting,ins_escada,ins_sts,ins_taco,ins_ts,ins_calc,ESCADA,STS,TACO,TS,Calc.
child#010,41.0,120.0,6.3,3.5,10.0,1.0,2.1066781785474693,78.30972523909956,123.34822268360236,61.11569627655579,235.22701231818493,169.5010692619873
child#010,41.0,120.0,3.85,3.4,4.95,3.05,2.1066781785474693,110.01673274716032,120.85641591976504,88.56044360619613,134.64863487747579,161.54940354744542
child#010,41.0,120.0,2.95,3.5,1.4,3.15,2.1066781785474693,130.17717938236456,134.6206083875989,216.4174184858881,129.50542667927542,170.7574507592002
child#010,41.0,120.0,3.15,4.35,3.8,3.25,2.1066781785474693,121.34277584731072,106.3644088414764,104.35745276679992,113.9829822436781,170.5584529842981
child#010,41.0,120.0,3.1,3.6,3.3,3.25,2.1066781785474693,127.57555542428538,121.82294176277858,124.04010670048793,125.53148376038044,164.34879586523738
child#010,41.0,120.0,3.15,3.5,3.3,3.3,2.1066781785474693,129.43074499005763,123.7344403525181,135.27592347461885,121.36303899325897,160.55509281366562
child#010,41.0,120.0,3.2,3.5,3.4,3.15,2.1066781785474693,128.98625704362178,116.99552047047747,113.88135006150436,128.97698808488758,161.11896647434506
child#010,41.0,120.0,3.2,2.6,3.3,3.25,2.1066781785474693,127.38679891241293,141.65962697705754,124.03648774757124,121.58237841786612,174.3972303564575
child#010,41.0,120.0,3.25,3.45,3.3,3.3,2.1066781785474693,123.45906709798356,121.24786902453472,124.66060887643211,126.28022120916526,163.5758290731675
child#010,41.0,120.0,3.25,3.6,3.3,3.2,2.1066781785474693,128.09970124519762,118.97477546753748,127.22338927023891,130.12331411725037,172.6321697431943
child#010,41.0,120.0,3.25,3.65,3.3,3.2,2.1066781785474693,132.6157547204612,117.89510925797349,129.16193193651335,124.24776846816633,163.23203778409356
child#010,41.0,120.0,3.3,3.4,3.35,3.2,2.1066781785474693,134.31948718878039,112.41027778663505,120.19907339951135,129.34430770240243,164.2967216552744
child#010,41.0,120.0,3.35,3.0,3.3,3.2,2.1066781785474693,127.62929070952286,129.71850465730603,129.14775848729164,128.39287633390273,172.9889195226296
child#010,41.0,120.0,3.35,3.5,3.3,3.25,2.1066781785474693,126.61703486203403,107.26987969988295,132.80503915284783,108.31812427396457,158.9294510161446
child#010,41.0,120.0,3.4,3.25,3.35,5.3,2.1066781785474693,126.33843771393316,118.11784219398344,125.33884780066948,92.37008321972625,169.37757329273077
