patient,meal,bg_fasting,ins_escada,ins_sts,ins_taco,ins_ts,ins_calc,ESCADA,STS,TACO,TS,Calc.
child#006,69.0,121.0,3.55,3.55,0.0,8.05,3.5315306899831516,195.19012516856793,203.14931720653783,527.2091090116962,90.41978951231724,201.03045707850154
child#006,69.0,121.0,4.45,4.95,6.25,2.4,3.5315306899831516,159.3415023524739,144.91895687692602,109.88143723067607,269.9005455688277,193.07879136395965
child#006,69.0,121.0,5.6,5.6,6.0,5.3,3.5315306899831516,126.40407589233602,145.7000153553212,124.82987274311466,137.53845024732516,202.28683857571443
child#006,69.0,121.0,5.7,5.95,6.0,5.75,3.5315306899831516,118.63033098554351,124.1941900184143,111.20365561036152,114.30577104648832,202.08784080081233
child#006,69.0,121.0,5.55,6.0,5.85,5.55,3.5315306899831516,129.45763324715762,125.45520979306605,123.27388119570828,131.55553553541023,195.8781836817516
child#006,69.0,121.0,5.6,6.2,5.8,5.6,3.5315306899831516,130.13827861223808,121.3837025717801,135.59871227742906,126.212546567597,192.08448063017985
child#006,69.0,121.0,5.65,6.1,5.9,5.6,3.5315306899831516,130.19401690088944,117.38579123930037,114.84028587199978,129.68452170706803,192.6483542908593
child#006,69.0,121.0,5.7,6.2,5.85,5.75,3.5315306899831516,127.4714337268883,112.50282712443027,123.2702622427916,121.90516722067635,205.92661817297173
child#006,69.0,121.0,5.7,5.95,5.85,5.65,3.5315306899831516,124.88859618837394,122.4057248919252,123.89438337165247,128.8328753423479,195.10521688968174
child#006,69.0,121.0,5.7,5.9,5.85,5.85,3.5315306899831516,129.529230335588,124.610159076762,126.45716376545927,128.01219433655575,204.16155755970854
child#006,69.0,121.0,5.75,5.75,5.85,5.6,3.5315306899831516,132.93854352327142,127.82499982971389,128.39570643173371,127.75238176658937,194.7614256006078
child#006,69.0,121.0,5.8,6.0,5.85,5.7,3.5315306899831516,134.6422759915906,111.36609801819341,122.02069658947723,129.42894251687784,195.82610947178864
child#006,69.0,121.0,5.85,5.9,5.85,5.65,3.5315306899831516,129.45091389948874,119.75507443921224,128.381532982512,129.6006361911704,204.51830733914383
child#006,69.0,121.0,5.9,5.85,5.85,5.7,3.5315306899831516,126.3309786808905,112.73355358848758,132.03881364806819,109.74765336435496,190.45883883265884
child#006,69.0,121.0,5.95,5.9,5.85,5.7,3.5315306899831516,126.28259158484107,115.24393731809438,127.16047099063536,128.00418470803044,200.906961109245
