patient,meal,bg_fasting,ins_escada,ins_sts,ins_taco,ins_ts,ins_calc,ESCADA,STS,TACO,TS,Calc.
child#005,42.0,100.0,5.25,5.25,3.95,3.7,5.2566438815303185,86.57276593615278,94.53195797412265,100.85078024425964,102.32348377064918,92.41309784608636
child#005,42.0,100.0,3.65,4.3,3.45,3.05,5.2566438815303185,105.31008534069113,98.9665995780554,103.6997130870172,119.17966229110196,84.46143213154448
child#005,42.0,100.0,3.05,3.75,2.9,2.95,5.2566438815303185,113.17512107382892,121.07788006503934,124.07900719169542,117.88052324295278,93.66947934329927
child#005,42.0,100.0,2.6,3.75,2.9,2.5,5.2566438815303185,116.6065613769949,108.31024911794702,110.45279005894228,115.57766486547074,93.47048156839715
child#005,42.0,100.0,2.3,3.65,2.65,2.55,5.2566438815303185,131.00450134704494,111.88687114887631,123.4458661823297,127.12616638217308,87.26082444933644
child#005,42.0,100.0,2.45,3.55,2.65,2.05,5.2566438815303185,128.0190959078824,113.60917243976691,134.6816829564606,135.7402212090726,83.46712139776469
child#005,42.0,100.0,2.45,3.65,2.75,2.5,5.2566438815303185,130.37168763768912,104.7800607648459,114.02878218697107,126.42969675452264,84.03099505844412
child#005,42.0,100.0,2.5,3.45,2.65,2.45,5.2566438815303185,127.63658725829058,105.45316928957503,123.44224722941301,124.31270328784846,97.30925894055657
child#005,42.0,100.0,2.55,3.2,2.65,2.5,5.2566438815303185,125.0537497197762,114.52033565665552,124.06636835827388,127.8749038309579,86.48785765726657
child#005,42.0,100.0,2.55,2.7,2.65,2.3,5.2566438815303185,129.69438386699028,124.80457383582153,126.62914875208068,136.3493397162525,95.54419832729337
child#005,42.0,100.0,2.55,2.6,2.65,2.45,5.2566438815303185,134.21043734225384,126.90797050874544,128.5676914183551,125.63319906223367,86.14406636819264
child#005,42.0,100.0,2.6,2.55,2.65,2.55,5.2566438815303185,133.72524667062214,117.83780109481216,122.19268157609864,129.5940960482801,87.20875023937347
child#005,42.0,100.0,2.65,2.45,2.65,2.6,5.2566438815303185,129.62289888611014,125.35930418508363,128.55351796913342,126.45374153982951,95.90094810672866
child#005,42.0,100.0,2.65,2.9,2.65,2.45,5.2566438815303185,128.6106430386213,107.87189308702187,132.2107986346896,111.04844914394693,81.84147960024366
child#005,42.0,100.0,2.7,2.45,2.7,2.45,5.2566438815303185,127.4917882834881,120.84816706396578,125.24720637858547,129.3049804876224,92.28960187682985
