patient,meal,bg_fasting,ins_escada,ins_sts,ins_taco,ins_ts,ins_calc,ESCADA,STS,TACO,TS,Calc.
child#004,57.0,117.0,2.1,2.1,0.15,0.2,2.083553250648388,81.06624945237378,89.02544149034365,333.51350431714883,311.09756460471937,88.8989881662036
child#004,57.0,117.0,1.15,1.05,1.15,0.9,2.083553250648388,160.9180039722851,168.33479703288356,156.49256762857283,192.2236992652631,80.94732245166172
child#004,57.0,117.0,1.6,1.7,1.3,1.05,2.083553250648388,108.45423435426575,120.71582458754101,143.5886332692646,169.0089931538519,90.15536966341651
child#004,57.0,117.0,1.45,1.5,1.45,1.35,2.083553250648388,121.05269495465316,122.95622692928058,119.93256912468766,122.71635040905379,89.95637188851438
child#004,57.0,117.0,1.45,1.75,1.4,1.35,2.083553250648388,127.28547453162783,107.00820731002916,132.77347486586362,134.26485192575612,83.74671476945367
child#004,57.0,117.0,1.45,1.6,1.45,1.35,2.083553250648388,129.14066409740008,116.86400578217014,139.12781653411886,130.09640715863466,79.9530117178819
child#004,57.0,117.0,1.45,1.5,1.5,1.35,2.083553250648388,131.4932558272068,118.09876995925146,112.58754084327855,133.5683822981057,80.51688537856135
child#004,57.0,117.0,1.45,1.45,1.45,1.65,2.083553250648388,129.89379769599796,124.93535735805257,127.88838080707127,108.48204445413388,93.79514926067381
child#004,57.0,117.0,1.45,1.45,1.45,1.45,2.083553250648388,127.31096015748359,130.1463047669018,128.51250193593214,130.13211426866528,82.97374797738381
child#004,57.0,117.0,1.45,1.4,1.45,1.4,2.083553250648388,131.95159430469766,136.21743211802675,131.07528232973894,137.51178800671107,92.03008864741061
child#004,57.0,117.0,1.45,1.5,1.45,1.45,2.083553250648388,136.46764777996123,122.37556112229338,133.01382499601337,126.75476725175136,82.62995668830987
child#004,57.0,117.0,1.5,1.45,1.45,1.5,2.083553250648388,129.19283728417008,120.09501153251955,126.6388151537569,122.87276352187716,83.69464055949071
child#004,57.0,117.0,1.5,1.5,1.45,1.45,2.083553250648388,125.09048949965809,117.502329410491,132.99965154679168,130.89987511748777,92.3868384268459
child#004,57.0,117.0,1.5,1.45,1.45,1.5,2.083553250648388,124.07823365216926,117.35167215276725,136.65693221234787,103.1914743693543,78.3273699203609
child#004,57.0,117.0,1.5,1.45,1.45,1.45,2.083553250648388,125.04462849570734,121.96973525348346,131.77858955491504,130.4265486771401,88.77549219694708
