patient,meal,bg_fasting,ins_escada,ins_sts,ins_taco,ins_ts,ins_calc,ESCADA,STS,TACO,TS,Calc.
child#010,31.0,132.0,6.25,3.5,10.0,1.0,1.961761661144654,65.91060619682679,105.14947896438886,51.195032330287056,202.64109432799418,151.0655263390006
child#010,31.0,132.0,3.5,3.0,4.6,3.45,1.961761661144654,99.32680132710921,111.53259853704864,78.68444749390716,104.12886533493013,143.1138606244587
child#010,31.0,132.0,2.0,2.9,0.2,3.05,1.961761661144654,142.8709721874999,131.71313354055346,284.40653655153966,112.20679465801695,152.32190783621348
child#010,31.0,132.0,2.6,2.95,3.4,2.1,1.961761661144654,115.55489256752213,116.22924341271167,93.67496194493881,130.90906195423986,152.1229100613114
child#010,31.0,132.0,2.4,2.9,2.7,2.15,1.961761661144654,130.41469501535803,121.19485600746245,119.27100979816339,142.4575634709422,145.91325294225067
child#010,31.0,132.0,2.45,2.75,2.6,2.7,1.961761661144654,128.67147717355266,123.69827292531207,133.63001414698783,116.59394209093443,142.1195498906789
child#010,31.0,132.0,2.5,2.75,2.7,2.4,1.961761661144654,129.3001264581929,116.95935304327143,112.9450938455643,131.81612767596022,142.68342355135835
child#010,31.0,132.0,2.5,2.55,2.6,2.5,1.961761661144654,127.70066832698404,122.74222798903865,122.39057841994024,123.24114210835224,155.9616874334708
child#010,31.0,132.0,2.55,2.6,2.6,2.55,1.961761661144654,125.11783078846967,124.64850237977076,123.0146995488011,127.93898489965137,145.1402861501808
child#010,31.0,132.0,2.55,2.55,2.6,2.5,1.961761661144654,129.75846493568375,129.14282764313717,125.57747994260791,130.4371835318215,154.1966268202076
child#010,31.0,132.0,2.55,2.75,2.6,2.5,1.961761661144654,134.2745184109473,121.23614420631336,127.51602260888235,124.56163788273744,144.79649486110685
child#010,31.0,132.0,2.6,4.05,2.6,2.55,1.961761661144654,132.67357786114937,83.0930419239426,121.14101276662586,129.65817711697355,145.8611787322877
child#010,31.0,132.0,2.65,2.45,2.6,2.55,1.961761661144654,128.57123007663736,126.0116854507539,127.50184915966065,128.70674574847385,154.5533765996429
child#010,31.0,132.0,2.65,2.8,2.6,2.6,1.961761661144654,127.55897422914855,107.23371227267691,131.15912982521684,106.67221494633358,140.4939080931579
child#010,31.0,132.0,2.65,2.45,2.6,2.55,1.961761661144654,128.52536907268663,121.50054832963605,126.280787167784,128.23341930812617,150.94203036974406
