patient,meal,bg_fasting,ins_escada,ins_sts,ins_taco,ins_ts,ins_calc,ESCADA,STS,TACO,TS,Calc.
child#001,35.0,124.0,1.0,1.15,0.75,0.05,1.3765905164649384,124.55652255639394,120.12430656782618,164.16448560911581,325.4061603769194,93.19531515747941
child#001,35.0,124.0,1.0,1.05,1.1,1.3,1.3765905164649384,126.69303695708416,121.23918243409939,109.87619258683426,97.61915662879325,85.24364944293754
child#001,35.0,124.0,1.0,1.1,1.0,1.1,1.3765905164649384,124.49216083537517,131.39669227182273,132.64448571531796,115.90963721795737,94.45169665469233
child#001,35.0,124.0,1.0,1.1,1.05,1.05,1.3765905164649384,120.13839441253032,118.62906132473042,112.63060189313751,110.53290807162797,94.2526988797902
child#001,35.0,124.0,1.0,1.1,1.0,0.6,1.3765905164649384,126.37117398950498,120.8784147387317,126.97769921786511,204.76063076299636,88.0430417607295
child#001,35.0,124.0,1.0,1.1,1.0,0.95,1.3765905164649384,128.22636355527723,120.51052423674193,138.21351599199602,138.27901331243407,84.24933870915774
child#001,35.0,124.0,1.0,1.0,1.0,1.0,1.3765905164649384,130.57895528508396,126.16301238123893,120.65178326526602,127.77260665010718,84.81321236983717
child#001,35.0,124.0,1.0,1.05,1.0,1.05,1.3765905164649384,128.97949715387512,117.63339012650242,126.97408026494843,118.132304245816,98.09147625194963
child#001,35.0,124.0,1.0,1.0,1.0,1.0,1.3765905164649384,126.39665961536075,129.23200422477896,127.59820139380929,129.21781372654243,87.27007496865963
child#001,35.0,124.0,1.0,1.05,1.0,1.0,1.3765905164649384,131.03729376257482,124.03398978060093,130.1609817876161,131.71601235871256,96.32641563868643
child#001,35.0,124.0,1.0,1.0,1.0,1.0,1.3765905164649384,135.55334723783838,130.43980354428084,132.09952445389052,125.84046670962852,86.9262836795857
child#001,35.0,124.0,1.05,1.0,1.0,1.05,1.3765905164649384,130.86941301673025,119.1807109903967,125.72451461163405,124.54933925443733,87.99096755076653
child#001,35.0,124.0,1.05,1.05,1.0,1.0,1.3765905164649384,126.76706523221826,119.17890514305117,132.08535100466884,129.98557457536492,96.68316541812172
child#001,35.0,124.0,1.05,1.05,1.0,1.0,1.3765905164649384,125.75480938472943,110.0497049212171,135.74263167022502,111.25571679134177,82.62369691163671
child#001,35.0,124.0,1.05,1.0,1.0,1.0,1.3765905164649384,126.72120422826751,121.05543471136062,130.8642890127922,129.51224813501724,93.0718191882229
