patient,meal,bg_fasting,ins_escada,ins_sts,ins_taco,ins_ts,ins_calc,ESCADA,STS,TACO,TS,Calc.
child#004,40.0,114.0,1.35,1.35,0.15,0.2,1.329885719641534,85.8372010448023,93.79639308277217,259.2356378453462,238.07733426653655,95.22368665630755
child#004,40.0,114.0,0.85,0.9,1.1,0.85,1.329885719641534,136.11226585731612,130.90242016648392,103.97788172076797,139.9159309528802,87.27202094176567
child#004,40.0,114.0,0.95,0.9,0.95,0.9,1.329885719641534,127.76773187833241,147.0636713413176,135.9200567582752,131.57661628745225,96.48006815352046
child#004,40.0,114.0,0.95,1.2,1.0,1.15,1.329885719641534,123.41396545548756,108.08542251030698,110.90872156887471,98.63085586845135,96.28107037861834
child#004,40.0,114.0,0.95,1.0,0.95,0.95,1.329885719641534,129.64674503246223,125.16027575157923,130.25327026082235,131.74464732071485,90.07141325955763
child#004,40.0,114.0,0.95,0.95,0.95,1.05,1.329885719641534,131.50193459823447,136.1775033062368,141.48908703495326,110.95128546367599,86.27771020798588
child#004,40.0,114.0,1.0,1.0,1.0,0.95,1.329885719641534,122.46940827139387,118.05346536754882,112.54223625157591,131.04817769306442,86.84158386866531
child#004,40.0,114.0,1.0,1.0,1.0,0.95,1.329885719641534,120.86995014018501,115.91150980223962,118.86453325125832,127.79554197820055,100.11984775077777
child#004,40.0,114.0,0.95,1.0,1.0,0.95,1.329885719641534,129.67223065831797,121.12245721108884,119.48865438011919,132.49338476949967,89.29844646748776
child#004,40.0,114.0,1.0,1.0,1.0,1.0,1.329885719641534,122.92774674888472,122.31210945633813,122.05143477392599,123.60646534502246,98.35478713751456
child#004,40.0,114.0,1.0,1.0,1.0,0.95,1.329885719641534,127.44380022414828,122.33025653059075,123.98997744020043,129.11603775258575,88.95465517841383
child#004,40.0,114.0,1.0,1.0,1.0,1.0,1.329885719641534,129.14753269246745,111.0711639767066,117.61496759794395,122.82745893017453,90.01933904959466
child#004,40.0,114.0,1.0,0.95,1.0,1.0,1.329885719641534,125.04518490795546,128.8421428754357,123.97580399097873,121.87602756167482,98.71153691694985
child#004,40.0,114.0,1.0,1.0,1.0,1.0,1.329885719641534,124.03292906046663,108.3278245969543,127.63308465653492,103.14616977765166,84.65206841046485
child#004,40.0,114.0,1.0,0.95,1.0,0.95,1.329885719641534,124.99932390400471,124.33100575431786,122.75474199910208,132.78781917797448,95.10019068705104
